losses/all_loss,returns/int_advantages,charts/time_per_it,charts/iqm_upper,losses/clipfrac,returns/ext_advantages,losses/approx_kl,losses/int_value_loss,losses/policy_loss,losses/entropy,charts/iqm_lower,_runtime,rewards/rewards_mean,charts/iterations,returns/values_int,losses/ext_value_loss,rewards/intrinsic_rewards_mean,losses/old_approx_kl,returns/ret_int,charts/max_traj_len,losses/fwd_loss,charts/SPS,charts/game_score,returns/values_ext,returns/advantages,rewards/rewards_min,charts/iqm,charts/game_score_upper,rewards/intrinsic_rewards_min,charts/learning_rate,_timestamp,charts/traj_len,charts/game_score_lower,rewards/intrinsic_rewards_max,charts/min_traj_len,rewards/rewards_max,charts/episode_return,charts/max_game_score,charts/min_game_score,_step,returns/ret_ext,rewards/num_envs_with_pos_rews
,,,,,,,,,,,893,,,,,,,,,,,,,,,,,,,1732313121.0,,,,,,190.0,,,3456.0,,
,,,,,,,,,,,907,,,,,,,,,,,,,,,,,,,1732313135.0,,,,,,270.0,,,32640.0,,
,,,,,,,,,,,970,,,,,,,,,,,,,,,,,,,1732313198.0,,,,,,350.0,,,135040.0,,
,,,,,,,,,,,992,,,,,,,,,,,,,,,,,,,1732313220.0,,,,,,310.0,,,177152.0,,
,,,,,,,,,,,1012,,,,,,,,,,,,,,,,,,,1732313240.0,,,,,,350.0,,,209536.0,,
,,,,,,,,,,,1065,,,,,,,,,,,,,,,,,,,1732313293.0,,,,,,230.0,,,299392.0,,
,,,,,,,,,,,1074,,,,,,,,,,,,,,,,,,,1732313302.0,,,,,,270.0,,,315520.0,,
,,,,,,,,,,,1116,,,,,,,,,,,,,,,,,,,1732313344.0,,,,,,310.0,,,392192.0,,
,,,,,,,,,,,1143,,,,,,,,,,,,,,,,,,,1732313371.0,,,,,,980.0,,,438912.0,,
,,,,,,,,,,,1257,,,,,,,,,,,,,,,,,,,1732313485.0,,,,,,200.0,,,637056.0,,
,,,,,,,,,,,1267,,,,,,,,,,,,,,,,,,,1732313495.0,,,,,,180.0,,,655232.0,,
,,,,,,,,,,,1274,,,,,,,,,,,,,,,,,,,1732313502.0,,,,,,350.0,,,662656.0,,
,,,,,,,,,,,1304,,,,,,,,,,,,,,,,,,,1732313532.0,,,,,,270.0,,,716672.0,,
0.14140576124191284,-0.0207538940012455,9.529154539108276,0.007723843823823532,0.069580078125,-0.022855248302221298,0.0024481844156980515,0.004286116920411587,-0.0018204264342784882,2.539015769958496,0.004757315323410483,1319,0.0031624615658074617,45.0,1.2115697860717773,0.008568232879042625,0.010828816331923008,0.003910605330020189,1.1908156871795654,1230.0,0.13933803141117096,562.0,276.71875,0.5945720672607422,-0.0664643943309784,0.0,0.006229256945752836,286.328125,0.001306234858930111,0.0001,1732313547.0,597.96875,267.185546875,0.36067166924476624,0.0,0.07328680157661438,,420.0,0.0,737280.0,0.5717167854309082,109.0
,,,,,,,,,,,1352,,,,,,,,,,,,,,,,,,,1732313580.0,,,,,,300.0,,,799616.0,,
,,,,,,,,,,,1397,,,,,,,,,,,,,,,,,,,1732313625.0,,,,,,210.0,,,875520.0,,
,,,,,,,,,,,1520,,,,,,,,,,,,,,,,,,,1732313748.0,,,,,,280.0,,,1087104.0,,
,,,,,,,,,,,1533,,,,,,,,,,,,,,,,,,,1732313761.0,,,,,,390.0,,,1113728.0,,
,,,,,,,,,,,1548,,,,,,,,,,,,,,,,,,,1732313776.0,,,,,,370.0,,,1136896.0,,
,,,,,,,,,,,1575,,,,,,,,,,,,,,,,,,,1732313803.0,,,,,,250.0,,,1181952.0,,
,,,,,,,,,,,1631,,,,,,,,,,,,,,,,,,,1732313859.0,,,,,,190.0,,,1278464.0,,
,,,,,,,,,,,1721,,,,,,,,,,,,,,,,,,,1732313949.0,,,,,,250.0,,,1437824.0,,
,,,,,,,,,,,1788,,,,,,,,,,,,,,,,,,,1732314016.0,,,,,,420.0,,,1554304.0,,
,,,,,,,,,,,1813,,,,,,,,,,,,,,,,,,,1732314041.0,,,,,,240.0,,,1594112.0,,
,,,,,,,,,,,1844,,,,,,,,,,,,,,,,,,,1732314072.0,,,,,,300.0,,,1649536.0,,
,,,,,,,,,,,1844,,,,,,,,,,,,,,,,,,,1732314072.0,,,,,,240.0,,,1651456.0,,
,,,,,,,,,,,1853,,,,,,,,,,,,,,,,,,,1732314081.0,,,,,,210.0,,,1664768.0,,
,,,,,,,,,,,1888,,,,,,,,,,,,,,,,,,,1732314116.0,,,,,,260.0,,,1721088.0,,
,,,,,,,,,,,1893,,,,,,,,,,,,,,,,,,,1732314121.0,,,,,,340.0,,,1736064.0,,
0.10114230215549469,-0.008582857437431812,9.277328729629517,0.008878751865969071,0.0110626220703125,-0.012512769550085068,0.00044972304021939635,0.00332698249258101,-0.0010420442558825016,1.9596977233886719,0.006160755047174595,1916,0.0037501738406717777,108.0,1.027250051498413,0.004562718793749809,0.009744729846715927,0.0006247683195397258,1.018667221069336,1053.0,0.10019919276237488,927.0,285.78125,0.42287126183509827,-0.03360839933156967,0.0,0.007452100755083405,296.720703125,0.0007824919302947819,0.0001,1732314144.0,585.78125,275.232421875,0.044133443385362625,0.0,0.07502179592847824,,490.0,0.0,1769472.0,0.4103584885597229,108.0
,,,,,,,,,,,1950,,,,,,,,,,,,,,,,,,,1732314178.0,,,,,,300.0,,,1834240.0,,
,,,,,,,,,,,1959,,,,,,,,,,,,,,,,,,,1732314187.0,,,,,,370.0,,,1848832.0,,
,,,,,,,,,,,2062,,,,,,,,,,,,,,,,,,,1732314290.0,,,,,,360.0,,,2023680.0,,
,,,,,,,,,,,2091,,,,,,,,,,,,,,,,,,,1732314319.0,,,,,,450.0,,,2076544.0,,
,,,,,,,,,,,2109,,,,,,,,,,,,,,,,,,,1732314337.0,,,,,,900.0,,,2102656.0,,
,,,,,,,,,,,2118,,,,,,,,,,,,,,,,,,,1732314346.0,,,,,,360.0,,,2118016.0,,
,,,,,,,,,,,2140,,,,,,,,,,,,,,,,,,,1732314368.0,,,,,,370.0,,,2159104.0,,
,,,,,,,,,,,2196,,,,,,,,,,,,,,,,,,,1732314424.0,,,,,,370.0,,,2257152.0,,
,,,,,,,,,,,2337,,,,,,,,,,,,,,,,,,,1732314565.0,,,,,,300.0,,,2498176.0,,
,,,,,,,,,,,2385,,,,,,,,,,,,,,,,,,,1732314613.0,,,,,,330.0,,,2582528.0,,
,,,,,,,,,,,2387,,,,,,,,,,,,,,,,,,,1732314615.0,,,,,,480.0,,,2586368.0,,
,,,,,,,,,,,2461,,,,,,,,,,,,,,,,,,,1732314689.0,,,,,,300.0,,,2713088.0,,
,,,,,,,,,,,2473,,,,,,,,,,,,,,,,,,,1732314701.0,,,,,,330.0,,,2736000.0,,
,,,,,,,,,,,2489,,,,,,,,,,,,,,,,,,,1732314717.0,,,,,,230.0,,,2761088.0,,
,,,,,,,,,,,2528,,,,,,,,,,,,,,,,,,,1732314756.0,,,,,,360.0,,,2829056.0,,
,,,,,,,,,,,2564,,,,,,,,,,,,,,,,,,,1732314792.0,,,,,,250.0,,,2891648.0,,
,,,,,,,,,,,2604,,,,,,,,,,,,,,,,,,,1732314832.0,,,,,,290.0,,,2962176.0,,
,,,,,,,,,,,2657,,,,,,,,,,,,,,,,,,,1732314885.0,,,,,,250.0,,,3048320.0,,
,,,,,,,,,,,2747,,,,,,,,,,,,,,,,,,,1732314975.0,,,,,,220.0,,,3210496.0,,
,,,,,,,,,,,2802,,,,,,,,,,,,,,,,,,,1732315030.0,,,,,,300.0,,,3302528.0,,
,,,,,,,,,,,2819,,,,,,,,,,,,,,,,,,,1732315047.0,,,,,,260.0,,,3329408.0,,
,,,,,,,,,,,2823,,,,,,,,,,,,,,,,,,,1732315051.0,,,,,,290.0,,,3338880.0,,
,,,,,,,,,,,2849,,,,,,,,,,,,,,,,,,,1732315077.0,,,,,,310.0,,,3382912.0,,
,,,,,,,,,,,2879,,,,,,,,,,,,,,,,,,,1732315107.0,,,,,,240.0,,,3436544.0,,
,,,,,,,,,,,2896,,,,,,,,,,,,,,,,,,,1732315124.0,,,,,,220.0,,,3465088.0,,
,,,,,,,,,,,2906,,,,,,,,,,,,,,,,,,,1732315134.0,,,,,,360.0,,,3481216.0,,
,,,,,,,,,,,2937,,,,,,,,,,,,,,,,,,,1732315165.0,,,,,,280.0,,,3538048.0,,
,,,,,,,,,,,2944,,,,,,,,,,,,,,,,,,,1732315172.0,,,,,,400.0,,,3546368.0,,
,,,,,,,,,,,2954,,,,,,,,,,,,,,,,,,,1732315182.0,,,,,,180.0,,,3567616.0,,
,,,,,,,,,,,2965,,,,,,,,,,,,,,,,,,,1732315193.0,,,,,,280.0,,,3585536.0,,
,,,,,,,,,,,3171,,,,,,,,,,,,,,,,,,,1732315399.0,,,,,,300.0,,,3942272.0,,
,,,,,,,,,,,3181,,,,,,,,,,,,,,,,,,,1732315409.0,,,,,,390.0,,,3958272.0,,
,,,,,,,,,,,3198,,,,,,,,,,,,,,,,,,,1732315426.0,,,,,,250.0,,,3984512.0,,
,,,,,,,,,,,3218,,,,,,,,,,,,,,,,,,,1732315446.0,,,,,,260.0,,,4019072.0,,
,,,,,,,,,,,3255,,,,,,,,,,,,,,,,,,,1732315483.0,,,,,,320.0,,,4083968.0,,
,,,,,,,,,,,3278,,,,,,,,,,,,,,,,,,,1732315506.0,,,,,,260.0,,,4127104.0,,
,,,,,,,,,,,3284,,,,,,,,,,,,,,,,,,,1732315512.0,,,,,,300.0,,,4132352.0,,
,,,,,,,,,,,3295,,,,,,,,,,,,,,,,,,,1732315523.0,,,,,,430.0,,,4152960.0,,
,,,,,,,,,,,3306,,,,,,,,,,,,,,,,,,,1732315534.0,,,,,,250.0,,,4175488.0,,
,,,,,,,,,,,3392,,,,,,,,,,,,,,,,,,,1732315620.0,,,,,,390.0,,,4323584.0,,
,,,,,,,,,,,3409,,,,,,,,,,,,,,,,,,,1732315637.0,,,,,,1970.0,,,4350592.0,,
,,,,,,,,,,,3415,,,,,,,,,,,,,,,,,,,1732315643.0,,,,,,220.0,,,4358400.0,,
,,,,,,,,,,,3493,,,,,,,,,,,,,,,,,,,1732315721.0,,,,,,220.0,,,4496384.0,,
,,,,,,,,,,,3502,,,,,,,,,,,,,,,,,,,1732315730.0,,,,,,310.0,,,4511360.0,,
,,,,,,,,,,,3542,,,,,,,,,,,,,,,,,,,1732315770.0,,,,,,280.0,,,4583296.0,,
,,,,,,,,,,,3626,,,,,,,,,,,,,,,,,,,1732315854.0,,,,,,960.0,,,4726912.0,,
,,,,,,,,,,,3681,,,,,,,,,,,,,,,,,,,1732315909.0,,,,,,330.0,,,4823040.0,,
,,,,,,,,,,,3690,,,,,,,,,,,,,,,,,,,1732315918.0,,,,,,400.0,,,4837248.0,,
,,,,,,,,,,,3729,,,,,,,,,,,,,,,,,,,1732315957.0,,,,,,270.0,,,4907008.0,,
,,,,,,,,,,,3774,,,,,,,,,,,,,,,,,,,1732316002.0,,,,,,330.0,,,4981504.0,,
,,,,,,,,,,,3794,,,,,,,,,,,,,,,,,,,1732316022.0,,,,,,390.0,,,5015424.0,,
,,,,,,,,,,,3816,,,,,,,,,,,,,,,,,,,1732316044.0,,,,,,320.0,,,5059840.0,,
,,,,,,,,,,,3841,,,,,,,,,,,,,,,,,,,1732316069.0,,,,,,140.0,,,5099136.0,,
,,,,,,,,,,,3854,,,,,,,,,,,,,,,,,,,1732316082.0,,,,,,370.0,,,5127296.0,,
,,,,,,,,,,,3872,,,,,,,,,,,,,,,,,,,1732316100.0,,,,,,290.0,,,5157632.0,,
,,,,,,,,,,,3901,,,,,,,,,,,,,,,,,,,1732316129.0,,,,,,290.0,,,5207808.0,,
,,,,,,,,,,,3947,,,,,,,,,,,,,,,,,,,1732316175.0,,,,,,310.0,,,5287168.0,,
,,,,,,,,,,,3986,,,,,,,,,,,,,,,,,,,1732316214.0,,,,,,300.0,,,5355776.0,,
,,,,,,,,,,,4048,,,,,,,,,,,,,,,,,,,1732316276.0,,,,,,830.0,,,5458048.0,,
,,,,,,,,,,,4059,,,,,,,,,,,,,,,,,,,1732316287.0,,,,,,890.0,,,5479040.0,,
,,,,,,,,,,,4117,,,,,,,,,,,,,,,,,,,1732316345.0,,,,,,890.0,,,5580928.0,,
,,,,,,,,,,,4136,,,,,,,,,,,,,,,,,,,1732316364.0,,,,,,420.0,,,5613952.0,,
,,,,,,,,,,,4144,,,,,,,,,,,,,,,,,,,1732316372.0,,,,,,410.0,,,5626624.0,,
0.08102110028266907,0.010643471032381058,9.174305438995361,0.02411957510253772,0.0959320068359375,-0.0007299567223526537,0.0006067153299227357,0.0029309026431292295,-0.0011497605592012405,1.657112717628479,0.02112983521500312,4161,0.004987562540918589,345.0,1.020923376083374,0.009416515938937664,0.010870830155909061,0.0006023631431162357,1.031566858291626,869.0,0.07765426486730576,1361.0,402.265625,0.4103507697582245,0.009183557704091072,0.0,0.022692357860258847,426.724609375,0.0006227631820365787,0.0001,1732316389.0,667.1953125,380.619140625,0.2227954864501953,0.0,0.09161011874675751,,1000.0,0.0,5652480.0,0.40962082147598267,99.0
,,,,,,,,,,,4212,,,,,,,,,,,,,,,,,,,1732316440.0,,,,,,360.0,,,5745408.0,,
,,,,,,,,,,,4345,,,,,,,,,,,,,,,,,,,1732316573.0,,,,,,410.0,,,5979648.0,,
,,,,,,,,,,,4360,,,,,,,,,,,,,,,,,,,1732316588.0,,,,,,900.0,,,5997696.0,,
,,,,,,,,,,,4362,,,,,,,,,,,,,,,,,,,1732316590.0,,,,,,450.0,,,6005120.0,,
,,,,,,,,,,,4420,,,,,,,,,,,,,,,,,,,1732316648.0,,,,,,1010.0,,,6108800.0,,
,,,,,,,,,,,4605,,,,,,,,,,,,,,,,,,,1732316833.0,,,,,,500.0,,,6424960.0,,
,,,,,,,,,,,4607,,,,,,,,,,,,,,,,,,,1732316835.0,,,,,,450.0,,,6429952.0,,
,,,,,,,,,,,4609,,,,,,,,,,,,,,,,,,,1732316837.0,,,,,,430.0,,,6436864.0,,
,,,,,,,,,,,4655,,,,,,,,,,,,,,,,,,,1732316883.0,,,,,,400.0,,,6512512.0,,
,,,,,,,,,,,4686,,,,,,,,,,,,,,,,,,,1732316914.0,,,,,,900.0,,,6569600.0,,
,,,,,,,,,,,4722,,,,,,,,,,,,,,,,,,,1732316950.0,,,,,,460.0,,,6630016.0,,
,,,,,,,,,,,4722,,,,,,,,,,,,,,,,,,,1732316950.0,,,,,,380.0,,,6630400.0,,
,,,,,,,,,,,4853,,,,,,,,,,,,,,,,,,,1732317081.0,,,,,,520.0,,,6859008.0,,
,,,,,,,,,,,4854,,,,,,,,,,,,,,,,,,,1732317082.0,,,,,,340.0,,,6861312.0,,
0.07297728955745697,-0.0053945560939610004,9.475360870361328,0.03859045964434267,0.043701171875,-0.006795207504183054,0.0008548026089556515,0.0031373510137200356,-0.0027647195383906364,1.2893794775009155,0.030889374302526123,4860,0.0057922713458538055,419.0,1.09578275680542,0.010441540740430355,0.010570889338850975,-0.0003815646341536194,1.0903880596160889,960.0,0.07024194300174713,1415.0,544.21875,0.5966857671737671,-0.018984969705343246,0.0,0.0334035638197655,583.830078125,0.0004440709308255464,0.0001,1732317088.0,671.296875,508.73828125,0.07153573632240295,0.0,0.08869212120771408,,1030.0,0.0,6864896.0,0.5898905992507935,98.0
,,,,,,,,,,,4940,,,,,,,,,,,,,,,,,,,1732317168.0,,,,,,460.0,,,7011840.0,,
,,,,,,,,,,,4947,,,,,,,,,,,,,,,,,,,1732317175.0,,,,,,480.0,,,7020928.0,,
,,,,,,,,,,,4957,,,,,,,,,,,,,,,,,,,1732317185.0,,,,,,430.0,,,7039616.0,,
,,,,,,,,,,,4966,,,,,,,,,,,,,,,,,,,1732317194.0,,,,,,430.0,,,7055872.0,,
,,,,,,,,,,,4995,,,,,,,,,,,,,,,,,,,1732317223.0,,,,,,460.0,,,7107328.0,,
,,,,,,,,,,,5020,,,,,,,,,,,,,,,,,,,1732317248.0,,,,,,1070.0,,,7145472.0,,
,,,,,,,,,,,5071,,,,,,,,,,,,,,,,,,,1732317299.0,,,,,,920.0,,,7240960.0,,
,,,,,,,,,,,5104,,,,,,,,,,,,,,,,,,,1732317332.0,,,,,,460.0,,,7292544.0,,
,,,,,,,,,,,5116,,,,,,,,,,,,,,,,,,,1732317344.0,,,,,,470.0,,,7316096.0,,
,,,,,,,,,,,5183,,,,,,,,,,,,,,,,,,,1732317411.0,,,,,,450.0,,,7432448.0,,
,,,,,,,,,,,5274,,,,,,,,,,,,,,,,,,,1732317502.0,,,,,,510.0,,,7588352.0,,
,,,,,,,,,,,5322,,,,,,,,,,,,,,,,,,,1732317550.0,,,,,,450.0,,,7673728.0,,
,,,,,,,,,,,5369,,,,,,,,,,,,,,,,,,,1732317597.0,,,,,,390.0,,,7755776.0,,
,,,,,,,,,,,5504,,,,,,,,,,,,,,,,,,,1732317732.0,,,,,,480.0,,,7995264.0,,
,,,,,,,,,,,5521,,,,,,,,,,,,,,,,,,,1732317749.0,,,,,,920.0,,,8020736.0,,
,,,,,,,,,,,5522,,,,,,,,,,,,,,,,,,,1732317750.0,,,,,,380.0,,,8023040.0,,
,,,,,,,,,,,5604,,,,,,,,,,,,,,,,,,,1732317832.0,,,,,,450.0,,,8163968.0,,
,,,,,,,,,,,5707,,,,,,,,,,,,,,,,,,,1732317935.0,,,,,,480.0,,,8340736.0,,
,,,,,,,,,,,5851,,,,,,,,,,,,,,,,,,,1732318079.0,,,,,,440.0,,,8595328.0,,
,,,,,,,,,,,5985,,,,,,,,,,,,,,,,,,,1732318213.0,,,,,,1020.0,,,8830720.0,,
,,,,,,,,,,,6058,,,,,,,,,,,,,,,,,,,1732318286.0,,,,,,1070.0,,,8954624.0,,
,,,,,,,,,,,6066,,,,,,,,,,,,,,,,,,,1732318294.0,,,,,,420.0,,,8967424.0,,
,,,,,,,,,,,6087,,,,,,,,,,,,,,,,,,,1732318315.0,,,,,,600.0,,,9008128.0,,
,,,,,,,,,,,6153,,,,,,,,,,,,,,,,,,,1732318381.0,,,,,,490.0,,,9122176.0,,
,,,,,,,,,,,6191,,,,,,,,,,,,,,,,,,,1732318419.0,,,,,,600.0,,,9187200.0,,
,,,,,,,,,,,6405,,,,,,,,,,,,,,,,,,,1732318633.0,,,,,,560.0,,,9562496.0,,
,,,,,,,,,,,6422,,,,,,,,,,,,,,,,,,,1732318650.0,,,,,,530.0,,,9588352.0,,
,,,,,,,,,,,6498,,,,,,,,,,,,,,,,,,,1732318726.0,,,,,,1080.0,,,9722112.0,,
,,,,,,,,,,,6518,,,,,,,,,,,,,,,,,,,1732318746.0,,,,,,540.0,,,9759872.0,,
,,,,,,,,,,,6545,,,,,,,,,,,,,,,,,,,1732318773.0,,,,,,470.0,,,9803776.0,,
,,,,,,,,,,,6546,,,,,,,,,,,,,,,,,,,1732318774.0,,,,,,1140.0,,,9806464.0,,
,,,,,,,,,,,6557,,,,,,,,,,,,,,,,,,,1732318785.0,,,,,,1000.0,,,9828480.0,,
,,,,,,,,,,,6581,,,,,,,,,,,,,,,,,,,1732318809.0,,,,,,560.0,,,9865344.0,,
,,,,,,,,,,,6610,,,,,,,,,,,,,,,,,,,1732318838.0,,,,,,480.0,,,9918464.0,,
,,,,,,,,,,,6613,,,,,,,,,,,,,,,,,,,1732318841.0,,,,,,510.0,,,9925760.0,,
,,,,,,,,,,,6721,,,,,,,,,,,,,,,,,,,1732318949.0,,,,,,480.0,,,10109184.0,,
,,,,,,,,,,,6769,,,,,,,,,,,,,,,,,,,1732318997.0,,,,,,460.0,,,10196224.0,,
,,,,,,,,,,,6770,,,,,,,,,,,,,,,,,,,1732318998.0,,,,,,1080.0,,,10199296.0,,
,,,,,,,,,,,6781,,,,,,,,,,,,,,,,,,,1732319009.0,,,,,,1100.0,,,10220672.0,,
,,,,,,,,,,,6808,,,,,,,,,,,,,,,,,,,1732319036.0,,,,,,550.0,,,10267136.0,,
,,,,,,,,,,,6808,,,,,,,,,,,,,,,,,,,1732319036.0,,,,,,530.0,,,10268672.0,,
,,,,,,,,,,,6809,,,,,,,,,,,,,,,,,,,1732319037.0,,,,,,580.0,,,10271104.0,,
,,,,,,,,,,,6826,,,,,,,,,,,,,,,,,,,1732319054.0,,,,,,610.0,,,10296704.0,,
,,,,,,,,,,,6928,,,,,,,,,,,,,,,,,,,1732319156.0,,,,,,530.0,,,10476544.0,,
,,,,,,,,,,,6964,,,,,,,,,,,,,,,,,,,1732319192.0,,,,,,660.0,,,10535552.0,,
,,,,,,,,,,,6965,,,,,,,,,,,,,,,,,,,1732319193.0,,,,,,550.0,,,10539904.0,,
,,,,,,,,,,,6986,,,,,,,,,,,,,,,,,,,1732319214.0,,,,,,550.0,,,10579584.0,,
,,,,,,,,,,,7001,,,,,,,,,,,,,,,,,,,1732319229.0,,,,,,610.0,,,10601728.0,,
,,,,,,,,,,,7078,,,,,,,,,,,,,,,,,,,1732319306.0,,,,,,570.0,,,10739968.0,,
,,,,,,,,,,,7105,,,,,,,,,,,,,,,,,,,1732319333.0,,,,,,540.0,,,10786048.0,,
,,,,,,,,,,,7161,,,,,,,,,,,,,,,,,,,1732319389.0,,,,,,520.0,,,10884224.0,,
,,,,,,,,,,,7162,,,,,,,,,,,,,,,,,,,1732319390.0,,,,,,540.0,,,10889088.0,,
,,,,,,,,,,,7263,,,,,,,,,,,,,,,,,,,1732319491.0,,,,,,570.0,,,11062784.0,,
,,,,,,,,,,,7323,,,,,,,,,,,,,,,,,,,1732319551.0,,,,,,510.0,,,11173248.0,,
,,,,,,,,,,,7396,,,,,,,,,,,,,,,,,,,1732319624.0,,,,,,1050.0,,,11301376.0,,
,,,,,,,,,,,7574,,,,,,,,,,,,,,,,,,,1732319802.0,,,,,,530.0,,,11611008.0,,
,,,,,,,,,,,7664,,,,,,,,,,,,,,,,,,,1732319892.0,,,,,,680.0,,,11766272.0,,
,,,,,,,,,,,7702,,,,,,,,,,,,,,,,,,,1732319930.0,,,,,,1550.0,,,11832576.0,,
,,,,,,,,,,,7804,,,,,,,,,,,,,,,,,,,1732320032.0,,,,,,590.0,,,12010624.0,,
,,,,,,,,,,,7824,,,,,,,,,,,,,,,,,,,1732320052.0,,,,,,750.0,,,12046976.0,,
,,,,,,,,,,,7892,,,,,,,,,,,,,,,,,,,1732320120.0,,,,,,1180.0,,,12169984.0,,
,,,,,,,,,,,7909,,,,,,,,,,,,,,,,,,,1732320137.0,,,,,,490.0,,,12199040.0,,
,,,,,,,,,,,7985,,,,,,,,,,,,,,,,,,,1732320213.0,,,,,,610.0,,,12333056.0,,
,,,,,,,,,,,8011,,,,,,,,,,,,,,,,,,,1732320239.0,,,,,,500.0,,,12374912.0,,
,,,,,,,,,,,8014,,,,,,,,,,,,,,,,,,,1732320242.0,,,,,,570.0,,,12385536.0,,
,,,,,,,,,,,8247,,,,,,,,,,,,,,,,,,,1732320475.0,,,,,,1080.0,,,12794112.0,,
,,,,,,,,,,,8311,,,,,,,,,,,,,,,,,,,1732320539.0,,,,,,1080.0,,,12902144.0,,
,,,,,,,,,,,8322,,,,,,,,,,,,,,,,,,,1732320550.0,,,,,,560.0,,,12925696.0,,
,,,,,,,,,,,8339,,,,,,,,,,,,,,,,,,,1732320567.0,,,,,,1240.0,,,12950016.0,,
,,,,,,,,,,,8368,,,,,,,,,,,,,,,,,,,1732320596.0,,,,,,580.0,,,13004288.0,,
,,,,,,,,,,,8412,,,,,,,,,,,,,,,,,,,1732320640.0,,,,,,630.0,,,13076224.0,,
,,,,,,,,,,,8469,,,,,,,,,,,,,,,,,,,1732320697.0,,,,,,1120.0,,,13180288.0,,
,,,,,,,,,,,8471,,,,,,,,,,,,,,,,,,,1732320699.0,,,,,,620.0,,,13186944.0,,
,,,,,,,,,,,8553,,,,,,,,,,,,,,,,,,,1732320781.0,,,,,,610.0,,,13327232.0,,
,,,,,,,,,,,8555,,,,,,,,,,,,,,,,,,,1732320783.0,,,,,,520.0,,,13334144.0,,
,,,,,,,,,,,8556,,,,,,,,,,,,,,,,,,,1732320784.0,,,,,,630.0,,,13336448.0,,
,,,,,,,,,,,8590,,,,,,,,,,,,,,,,,,,1732320818.0,,,,,,490.0,,,13391360.0,,
,,,,,,,,,,,8590,,,,,,,,,,,,,,,,,,,1732320818.0,,,,,,440.0,,,13394176.0,,
,,,,,,,,,,,8618,,,,,,,,,,,,,,,,,,,1732320846.0,,,,,,580.0,,,13441152.0,,
0.08679983764886856,0.014391275122761726,9.126070976257324,0.06399730430875811,0.1162872314453125,0.0006124519277364016,0.0024371084291487932,0.008007160387933254,-0.0027412381023168564,0.9305350184440613,0.05589030275801099,8653,0.004416009411215782,824.0,1.4259274005889893,0.006199901923537254,0.01570628024637699,0.0010166196152567863,1.4403185844421387,1267.0,0.08336807787418365,1561.0,732.578125,0.5573756694793701,0.015616179443895817,0.0,0.058109537819388685,777.98046875,0.0005503520951606333,0.0001,1732320881.0,764.359375,687.576171875,0.10370048135519028,0.0,0.06385868787765503,,1710.0,0.0,13500416.0,0.5579881072044373,121.0
,,,,,,,,,,,8656,,,,,,,,,,,,,,,,,,,1732320884.0,,,,,,750.0,,,13509504.0,,
,,,,,,,,,,,8694,,,,,,,,,,,,,,,,,,,1732320922.0,,,,,,690.0,,,13576192.0,,
,,,,,,,,,,,8758,,,,,,,,,,,,,,,,,,,1732320986.0,,,,,,1040.0,,,13691008.0,,
,,,,,,,,,,,8843,,,,,,,,,,,,,,,,,,,1732321071.0,,,,,,600.0,,,13842688.0,,
,,,,,,,,,,,8918,,,,,,,,,,,,,,,,,,,1732321146.0,,,,,,470.0,,,13970432.0,,
,,,,,,,,,,,8974,,,,,,,,,,,,,,,,,,,1732321202.0,,,,,,540.0,,,14066432.0,,
,,,,,,,,,,,9078,,,,,,,,,,,,,,,,,,,1732321306.0,,,,,,680.0,,,14251776.0,,
,,,,,,,,,,,9094,,,,,,,,,,,,,,,,,,,1732321322.0,,,,,,510.0,,,14278272.0,,
,,,,,,,,,,,9144,,,,,,,,,,,,,,,,,,,1732321372.0,,,,,,700.0,,,14368640.0,,
,,,,,,,,,,,9377,,,,,,,,,,,,,,,,,,,1732321605.0,,,,,,630.0,,,14778112.0,,
,,,,,,,,,,,9502,,,,,,,,,,,,,,,,,,,1732321730.0,,,,,,740.0,,,14994176.0,,
,,,,,,,,,,,9550,,,,,,,,,,,,,,,,,,,1732321778.0,,,,,,570.0,,,15081088.0,,
0.07833777368068695,0.006596418563276529,8.965415239334106,0.09359521967709677,0.0609283447265625,-0.00887097418308258,0.00376174901612103,0.006640930660068989,-0.002184954471886158,0.8335338830947876,0.0708786313932086,9631,0.004356032703071833,929.0,1.4730024337768555,0.004762762691825628,0.01531712245196104,0.004490073770284653,1.479598879814148,1499.0,0.07565441727638245,1581.0,868.4375,0.6196416616439819,-0.011145530268549919,0.0,0.08177383005550806,930.017578125,0.0005671365070156753,0.0001,1732321859.0,826.46875,809.833984375,0.08732981234788895,0.0,0.061791546642780304,,2690.0,0.0,15220736.0,0.6107706427574158,113.0
,,,,,,,,,,,9641,,,,,,,,,,,,,,,,,,,1732321869.0,,,,,,480.0,,,15237504.0,,
,,,,,,,,,,,9855,,,,,,,,,,,,,,,,,,,1732322083.0,,,,,,1640.0,,,15616768.0,,
0.0761893168091774,0.003513200441375375,8.998545169830322,0.09642700890592618,0.0745697021484375,0.009328795596957207,0.0017633317038416862,0.006878763437271118,-0.00425644451752305,0.8472711443901062,0.07491005304424701,9864,0.005706035532057285,954.0,1.554892897605896,0.006560754030942917,0.01530454307794571,0.0019131957087665796,1.558406114578247,1355.0,0.07457327097654343,1586.0,872.03125,0.6445614695549011,0.022170789539813995,0.0,0.08553294250641313,922.505859375,0.0005904897698201239,0.0001,1732322092.0,837.3125,821.951171875,0.0995410606265068,0.0,0.06142423674464226,,1820.0,0.0,15630336.0,0.6538902521133423,121.0
,,,,,,,,,,,9902,,,,,,,,,,,,,,,,,,,1732322130.0,,,,,,700.0,,,15698560.0,,
,,,,,,,,,,,9912,,,,,,,,,,,,,,,,,,,1732322140.0,,,,,,700.0,,,15718016.0,,
,,,,,,,,,,,9950,,,,,,,,,,,,,,,,,,,1732322178.0,,,,,,670.0,,,15787008.0,,
,,,,,,,,,,,9987,,,,,,,,,,,,,,,,,,,1732322215.0,,,,,,620.0,,,15851520.0,,
,,,,,,,,,,,10025,,,,,,,,,,,,,,,,,,,1732322253.0,,,,,,690.0,,,15921152.0,,
,,,,,,,,,,,10091,,,,,,,,,,,,,,,,,,,1732322319.0,,,,,,1180.0,,,16037120.0,,
,,,,,,,,,,,10183,,,,,,,,,,,,,,,,,,,1732322411.0,,,,,,710.0,,,16200704.0,,
,,,,,,,,,,,10226,,,,,,,,,,,,,,,,,,,1732322454.0,,,,,,680.0,,,16273280.0,,
,,,,,,,,,,,10238,,,,,,,,,,,,,,,,,,,1732322466.0,,,,,,630.0,,,16297088.0,,
,,,,,,,,,,,10272,,,,,,,,,,,,,,,,,,,1732322500.0,,,,,,600.0,,,16353152.0,,
,,,,,,,,,,,10275,,,,,,,,,,,,,,,,,,,1732322503.0,,,,,,650.0,,,16362112.0,,
,,,,,,,,,,,10276,,,,,,,,,,,,,,,,,,,1732322504.0,,,,,,600.0,,,16367232.0,,
,,,,,,,,,,,10346,,,,,,,,,,,,,,,,,,,1732322574.0,,,,,,740.0,,,16483456.0,,
,,,,,,,,,,,10368,,,,,,,,,,,,,,,,,,,1732322596.0,,,,,,1210.0,,,16529152.0,,
,,,,,,,,,,,10422,,,,,,,,,,,,,,,,,,,1732322650.0,,,,,,630.0,,,16623360.0,,
,,,,,,,,,,,10448,,,,,,,,,,,,,,,,,,,1732322676.0,,,,,,530.0,,,16667520.0,,
,,,,,,,,,,,10487,,,,,,,,,,,,,,,,,,,1732322715.0,,,,,,730.0,,,16740096.0,,
,,,,,,,,,,,10589,,,,,,,,,,,,,,,,,,,1732322817.0,,,,,,590.0,,,16918912.0,,
,,,,,,,,,,,10642,,,,,,,,,,,,,,,,,,,1732322870.0,,,,,,630.0,,,17009536.0,,
,,,,,,,,,,,10660,,,,,,,,,,,,,,,,,,,1732322888.0,,,,,,1170.0,,,17042304.0,,
,,,,,,,,,,,10718,,,,,,,,,,,,,,,,,,,1732322946.0,,,,,,580.0,,,17147392.0,,
,,,,,,,,,,,10734,,,,,,,,,,,,,,,,,,,1732322962.0,,,,,,580.0,,,17172864.0,,
,,,,,,,,,,,10867,,,,,,,,,,,,,,,,,,,1732323095.0,,,,,,1200.0,,,17411072.0,,
,,,,,,,,,,,10876,,,,,,,,,,,,,,,,,,,1732323104.0,,,,,,1220.0,,,17428224.0,,
,,,,,,,,,,,10902,,,,,,,,,,,,,,,,,,,1732323130.0,,,,,,650.0,,,17468160.0,,
,,,,,,,,,,,10933,,,,,,,,,,,,,,,,,,,1732323161.0,,,,,,700.0,,,17529216.0,,
,,,,,,,,,,,10978,,,,,,,,,,,,,,,,,,,1732323206.0,,,,,,1130.0,,,17605120.0,,
,,,,,,,,,,,10987,,,,,,,,,,,,,,,,,,,1732323215.0,,,,,,660.0,,,17622016.0,,
,,,,,,,,,,,11026,,,,,,,,,,,,,,,,,,,1732323254.0,,,,,,720.0,,,17691904.0,,
,,,,,,,,,,,11052,,,,,,,,,,,,,,,,,,,1732323280.0,,,,,,1250.0,,,17734784.0,,
,,,,,,,,,,,11245,,,,,,,,,,,,,,,,,,,1732323473.0,,,,,,1270.0,,,18071808.0,,
,,,,,,,,,,,11305,,,,,,,,,,,,,,,,,,,1732323533.0,,,,,,610.0,,,18184320.0,,
,,,,,,,,,,,11324,,,,,,,,,,,,,,,,,,,1732323552.0,,,,,,1220.0,,,18216576.0,,
,,,,,,,,,,,11414,,,,,,,,,,,,,,,,,,,1732323642.0,,,,,,1230.0,,,18368896.0,,
,,,,,,,,,,,11445,,,,,,,,,,,,,,,,,,,1732323673.0,,,,,,590.0,,,18429056.0,,
,,,,,,,,,,,11450,,,,,,,,,,,,,,,,,,,1732323678.0,,,,,,590.0,,,18432128.0,,
0.07638460397720337,0.009374457411468029,9.196623086929321,0.07468982793228886,0.1090850830078125,0.007433749735355377,0.0015261787921190262,0.00708248745650053,-0.00441610487177968,0.6758670806884766,0.06440435278047509,11507,0.0051911319606006145,1131.0,1.591022253036499,0.005593149457126856,0.01623956486582756,0.0019654554780572653,1.600396752357483,1355.0,0.07513875514268875,1611.0,800.46875,0.6097218990325928,0.024241959676146507,0.0,0.06755260945810809,848.552734375,0.0006049906951375306,0.0001,1732323735.0,827.015625,753.43359375,0.08824992179870605,0.0,0.06019214913249016,,1820.0,0.0,18530304.0,0.6171556711196899,118.0
,,,,,,,,,,,11620,,,,,,,,,,,,,,,,,,,1732323848.0,,,,,,710.0,,,18730368.0,,
,,,,,,,,,,,11669,,,,,,,,,,,,,,,,,,,1732323897.0,,,,,,660.0,,,18819328.0,,
,,,,,,,,,,,11763,,,,,,,,,,,,,,,,,,,1732323991.0,,,,,,730.0,,,18983424.0,,
,,,,,,,,,,,11839,,,,,,,,,,,,,,,,,,,1732324067.0,,,,,,530.0,,,19118592.0,,
,,,,,,,,,,,11932,,,,,,,,,,,,,,,,,,,1732324160.0,,,,,,1070.0,,,19280256.0,,
,,,,,,,,,,,11959,,,,,,,,,,,,,,,,,,,1732324187.0,,,,,,600.0,,,19325696.0,,
,,,,,,,,,,,11969,,,,,,,,,,,,,,,,,,,1732324197.0,,,,,,570.0,,,19344640.0,,
0.07077158242464066,-0.020203642547130585,9.100218296051025,0.06268501173930058,0.0473785400390625,-0.009540030732750893,0.0011643869802355766,0.006863052491098642,-0.002966793719679117,0.65360426902771,0.057678711829156945,11993,0.0048416126519441605,1183.0,1.6557860374450684,0.00774620845913887,0.015076928772032261,0.001701361732557416,1.6355823278427124,1567.0,0.06708735227584839,1617.0,702.109375,0.6283758878707886,-0.03928370028734207,0.0,0.06001173930056957,743.9140625,0.0005966222961433232,0.0001,1732324221.0,740.484375,664.60546875,0.0994287058711052,0.0,0.059508610516786575,560.0,1870.0,0.0,19382272.0,0.6188358068466187,113.0
0.07763761281967163,-0.006275007966905832,9.347897052764893,0.0630235583124393,0.1362457275390625,0.0010886751115322113,0.002655389253050089,0.008226640522480011,-0.0027893283404409885,0.637485146522522,0.05758869693763678,12003,0.004814896732568741,1184.0,1.6904041767120361,0.0073354714550077915,0.016425680369138718,0.0009676324552856386,1.6841291189193726,1567.0,0.0732833668589592,1617.0,715.625,0.5750070214271545,-0.004097657278180122,0.0,0.06019290134639633,757.578125,0.0005868377047590911,0.0001,1732324231.0,749.6796875,676.48046875,0.09554813802242279,0.0,0.05949266627430916,,1870.0,0.0,19398656.0,0.576095700263977,115.0
,,,,,,,,,,,12042,,,,,,,,,,,,,,,,,,,1732324270.0,,,,,,280.0,,,19468544.0,,
,,,,,,,,,,,12060,,,,,,,,,,,,,,,,,,,1732324288.0,,,,,,670.0,,,19500416.0,,
,,,,,,,,,,,12155,,,,,,,,,,,,,,,,,,,1732324383.0,,,,,,660.0,,,19670528.0,,
,,,,,,,,,,,12166,,,,,,,,,,,,,,,,,,,1732324394.0,,,,,,610.0,,,19690496.0,,
,,,,,,,,,,,12321,,,,,,,,,,,,,,,,,,,1732324549.0,,,,,,780.0,,,19956480.0,,
,,,,,,,,,,,12461,,,,,,,,,,,,,,,,,,,1732324689.0,,,,,,1190.0,,,20205696.0,,
,,,,,,,,,,,12530,,,,,,,,,,,,,,,,,,,1732324758.0,,,,,,750.0,,,20331776.0,,
,,,,,,,,,,,12564,,,,,,,,,,,,,,,,,,,1732324792.0,,,,,,1110.0,,,20385408.0,,
,,,,,,,,,,,12583,,,,,,,,,,,,,,,,,,,1732324811.0,,,,,,660.0,,,20419712.0,,
,,,,,,,,,,,12687,,,,,,,,,,,,,,,,,,,1732324915.0,,,,,,830.0,,,20603648.0,,
,,,,,,,,,,,12732,,,,,,,,,,,,,,,,,,,1732324960.0,,,,,,620.0,,,20678400.0,,
,,,,,,,,,,,12751,,,,,,,,,,,,,,,,,,,1732324979.0,,,,,,1290.0,,,20712576.0,,
,,,,,,,,,,,12773,,,,,,,,,,,,,,,,,,,1732325001.0,,,,,,560.0,,,20755200.0,,
,,,,,,,,,,,12821,,,,,,,,,,,,,,,,,,,1732325049.0,,,,,,700.0,,,20839936.0,,
,,,,,,,,,,,12830,,,,,,,,,,,,,,,,,,,1732325058.0,,,,,,760.0,,,20855296.0,,
0.0729430690407753,-0.005776187404990196,9.515915870666504,0.0710173335845447,0.0739898681640625,-0.005009912885725498,0.0013974134344607592,0.007126583717763424,-0.0032594604417681694,0.558956503868103,0.06531072914100206,12890,0.00541842682287097,1279.0,1.6101853847503662,0.008351493626832962,0.01610593870282173,0.002547820098698139,1.6044092178344727,1397.0,0.06902244687080383,1626.0,743.4375,0.6690465211868286,-0.015796013176441193,0.0,0.06809609559558834,777.357421875,0.0006292390171438456,0.0001,1732325118.0,712.6328125,709.52734375,0.09802302718162537,0.0,0.057311493903398514,,1700.0,0.0,20955136.0,0.6640366315841675,120.0
,,,,,,,,,,,12895,,,,,,,,,,,,,,,,,,,1732325123.0,,,,,,640.0,,,20969984.0,,
,,,,,,,,,,,12901,,,,,,,,,,,,,,,,,,,1732325129.0,,,,,,590.0,,,20977024.0,,
,,,,,,,,,,,12941,,,,,,,,,,,,,,,,,,,1732325169.0,,,,,,790.0,,,21050112.0,,
,,,,,,,,,,,12995,,,,,,,,,,,,,,,,,,,1732325223.0,,,,,,1290.0,,,21143936.0,,
,,,,,,,,,,,13007,,,,,,,,,,,,,,,,,,,1732325235.0,,,,,,620.0,,,21166592.0,,
,,,,,,,,,,,13043,,,,,,,,,,,,,,,,,,,1732325271.0,,,,,,760.0,,,21229056.0,,
,,,,,,,,,,,13050,,,,,,,,,,,,,,,,,,,1732325278.0,,,,,,510.0,,,21236992.0,,
,,,,,,,,,,,13070,,,,,,,,,,,,,,,,,,,1732325298.0,,,,,,690.0,,,21274240.0,,
,,,,,,,,,,,13211,,,,,,,,,,,,,,,,,,,1732325439.0,,,,,,600.0,,,21520384.0,,
,,,,,,,,,,,13228,,,,,,,,,,,,,,,,,,,1732325456.0,,,,,,620.0,,,21548160.0,,
,,,,,,,,,,,13230,,,,,,,,,,,,,,,,,,,1732325458.0,,,,,,520.0,,,21554816.0,,
,,,,,,,,,,,13293,,,,,,,,,,,,,,,,,,,1732325521.0,,,,,,750.0,,,21661824.0,,
,,,,,,,,,,,13467,,,,,,,,,,,,,,,,,,,1732325695.0,,,,,,670.0,,,21969024.0,,
,,,,,,,,,,,13523,,,,,,,,,,,,,,,,,,,1732325751.0,,,,,,690.0,,,22066048.0,,
,,,,,,,,,,,13588,,,,,,,,,,,,,,,,,,,1732325816.0,,,,,,600.0,,,22178048.0,,
,,,,,,,,,,,13643,,,,,,,,,,,,,,,,,,,1732325871.0,,,,,,700.0,,,22269312.0,,
,,,,,,,,,,,13644,,,,,,,,,,,,,,,,,,,1732325872.0,,,,,,620.0,,,22272512.0,,
,,,,,,,,,,,13653,,,,,,,,,,,,,,,,,,,1732325881.0,,,,,,780.0,,,22288768.0,,
,,,,,,,,,,,13693,,,,,,,,,,,,,,,,,,,1732325921.0,,,,,,1060.0,,,22360064.0,,
,,,,,,,,,,,13805,,,,,,,,,,,,,,,,,,,1732326033.0,,,,,,650.0,,,22554880.0,,
,,,,,,,,,,,13842,,,,,,,,,,,,,,,,,,,1732326070.0,,,,,,750.0,,,22619520.0,,
,,,,,,,,,,,13844,,,,,,,,,,,,,,,,,,,1732326072.0,,,,,,730.0,,,22623104.0,,
,,,,,,,,,,,13888,,,,,,,,,,,,,,,,,,,1732326116.0,,,,,,630.0,,,22698112.0,,
,,,,,,,,,,,14012,,,,,,,,,,,,,,,,,,,1732326240.0,,,,,,660.0,,,22915200.0,,
,,,,,,,,,,,14022,,,,,,,,,,,,,,,,,,,1732326250.0,,,,,,840.0,,,22933888.0,,
,,,,,,,,,,,14085,,,,,,,,,,,,,,,,,,,1732326313.0,,,,,,620.0,,,23040896.0,,
,,,,,,,,,,,14115,,,,,,,,,,,,,,,,,,,1732326343.0,,,,,,760.0,,,23095424.0,,
,,,,,,,,,,,14186,,,,,,,,,,,,,,,,,,,1732326414.0,,,,,,1180.0,,,23216768.0,,
,,,,,,,,,,,14190,,,,,,,,,,,,,,,,,,,1732326418.0,,,,,,1280.0,,,23228800.0,,
,,,,,,,,,,,14208,,,,,,,,,,,,,,,,,,,1732326436.0,,,,,,780.0,,,23259136.0,,
,,,,,,,,,,,14219,,,,,,,,,,,,,,,,,,,1732326447.0,,,,,,700.0,,,23281152.0,,
,,,,,,,,,,,14355,,,,,,,,,,,,,,,,,,,1732326583.0,,,,,,730.0,,,23513728.0,,
,,,,,,,,,,,14478,,,,,,,,,,,,,,,,,,,1732326706.0,,,,,,710.0,,,23731840.0,,
0.07460174709558487,0.0015414734371006489,9.138683557510376,0.07758502387715764,0.1157684326171875,0.0052947415970265865,0.0029615319799631834,0.00607261061668396,-0.0004897871986031532,0.4429587125778198,0.07219375461963216,14578,0.005507056601345539,1459.0,1.7062420845031738,0.006266243755817413,0.016884569078683853,0.0027306731790304184,1.7077834606170654,1348.0,0.06936506927013397,1640.0,815.703125,0.6210387349128723,0.01213095709681511,0.0,0.07466321975680806,853.20703125,0.000509140023496002,0.0001,1732326806.0,757.375,781.5625,0.09272848814725876,0.0,0.05179541930556297,,1320.0,0.0,23904256.0,0.626333475112915,121.0
,,,,,,,,,,,14581,,,,,,,,,,,,,,,,,,,1732326809.0,,,,,,690.0,,,23912576.0,,
,,,,,,,,,,,14600,,,,,,,,,,,,,,,,,,,1732326828.0,,,,,,630.0,,,23945984.0,,
,,,,,,,,,,,14600,,,,,,,,,,,,,,,,,,,1732326828.0,,,,,,780.0,,,23947392.0,,
,,,,,,,,,,,14630,,,,,,,,,,,,,,,,,,,1732326858.0,,,,,,660.0,,,24001152.0,,
0.07513996213674545,0.005551931448280811,9.388765335083008,0.07695208897955044,0.079803466796875,-0.00021516752894967794,0.0018579611787572503,0.006377292796969414,-0.001692543737590313,0.3999711871147156,0.0708135262829896,14700,0.004635700490325689,1472.0,1.6640770435333252,0.0038590463809669018,0.017192192375659943,0.0018698140047490597,1.6696290969848633,1215.0,0.07211430370807648,1641.0,825.625,0.5235971808433533,0.005121596157550812,0.0,0.07276101827562717,872.04296875,0.0005191527307033539,0.0001,1732326928.0,753.234375,781.16015625,0.09532182663679123,0.0,0.05159736052155495,,1800.0,0.0,24117248.0,0.5233820676803589,117.0
,,,,,,,,,,,14712,,,,,,,,,,,,,,,,,,,1732326940.0,,,,,,670.0,,,24144256.0,,
,,,,,,,,,,,14770,,,,,,,,,,,,,,,,,,,1732326998.0,,,,,,690.0,,,24248192.0,,
,,,,,,,,,,,14957,,,,,,,,,,,,,,,,,,,1732327185.0,,,,,,750.0,,,24575616.0,,
,,,,,,,,,,,15010,,,,,,,,,,,,,,,,,,,1732327238.0,,,,,,740.0,,,24662144.0,,
,,,,,,,,,,,15028,,,,,,,,,,,,,,,,,,,1732327256.0,,,,,,730.0,,,24692096.0,,
,,,,,,,,,,,15050,,,,,,,,,,,,,,,,,,,1732327278.0,,,,,,660.0,,,24736256.0,,
,,,,,,,,,,,15077,,,,,,,,,,,,,,,,,,,1732327305.0,,,,,,700.0,,,24778752.0,,
,,,,,,,,,,,15152,,,,,,,,,,,,,,,,,,,1732327380.0,,,,,,1230.0,,,24912512.0,,
,,,,,,,,,,,15154,,,,,,,,,,,,,,,,,,,1732327382.0,,,,,,810.0,,,24918528.0,,
,,,,,,,,,,,15215,,,,,,,,,,,,,,,,,,,1732327443.0,,,,,,810.0,,,25018880.0,,
,,,,,,,,,,,15229,,,,,,,,,,,,,,,,,,,1732327457.0,,,,,,600.0,,,25048064.0,,
,,,,,,,,,,,15302,,,,,,,,,,,,,,,,,,,1732327530.0,,,,,,1730.0,,,25172864.0,,
0.07667674869298935,-0.003147208597511053,9.174195289611816,0.09973831142480326,0.06048583984375,0.004398822318762541,0.0015582023188471794,0.008206355385482311,-0.0015408499166369438,0.4772011935710907,0.08120430187394022,15356,0.004496297799050808,1542.0,1.7466254234313965,0.005299309268593788,0.017922859638929367,0.0004330740193836391,1.7434782981872559,1260.0,0.07194196432828903,1646.0,936.328125,0.5148969888687134,0.005650436505675316,0.0,0.09010728416353861,988.208984375,0.000507912365719676,0.0001,1732327584.0,781.3203125,889.13671875,0.09698791801929474,0.0,0.05080506578087807,,1820.0,0.0,25264128.0,0.519295871257782,121.0
,,,,,,,,,,,15443,,,,,,,,,,,,,,,,,,,1732327671.0,,,,,,1850.0,,,25418112.0,,
,,,,,,,,,,,15445,,,,,,,,,,,,,,,,,,,1732327673.0,,,,,,860.0,,,25425408.0,,
,,,,,,,,,,,15460,,,,,,,,,,,,,,,,,,,1732327688.0,,,,,,760.0,,,25447808.0,,
,,,,,,,,,,,15492,,,,,,,,,,,,,,,,,,,1732327720.0,,,,,,1230.0,,,25509504.0,,
,,,,,,,,,,,15556,,,,,,,,,,,,,,,,,,,1732327784.0,,,,,,670.0,,,25620736.0,,
0.08259101957082748,-0.003825981868430972,9.037551641464233,0.1142935495441963,0.104644775390625,-0.005356218665838242,0.004335795529186726,0.007524179294705391,0.003339934628456831,0.43097466230392456,0.09067171716256758,15589,0.0040692174807190895,1567.0,1.8404954671859741,0.0035413065925240517,0.018396902829408646,0.005398556590080261,1.8366694450378418,1271.0,0.07414931803941727,1647.0,988.28125,0.540623664855957,-0.014538420364260674,0.0,0.10258482006985611,1043.140625,0.0004992025205865502,0.0001,1732327817.0,795.9453125,933.033203125,0.12342796474695206,0.0,0.05058426409959793,,2270.0,0.0,25673728.0,0.5352674126625061,118.0
,,,,,,,,,,,15590,,,,,,,,,,,,,,,,,,,1732327818.0,,,,,,780.0,,,25678976.0,,
,,,,,,,,,,,15608,,,,,,,,,,,,,,,,,,,1732327836.0,,,,,,1820.0,,,25709184.0,,
,,,,,,,,,,,15620,,,,,,,,,,,,,,,,,,,1732327848.0,,,,,,1350.0,,,25733504.0,,
,,,,,,,,,,,15639,,,,,,,,,,,,,,,,,,,1732327867.0,,,,,,1340.0,,,25767680.0,,
,,,,,,,,,,,15739,,,,,,,,,,,,,,,,,,,1732327967.0,,,,,,770.0,,,25939840.0,,
,,,,,,,,,,,15778,,,,,,,,,,,,,,,,,,,1732328006.0,,,,,,1310.0,,,26014592.0,,
,,,,,,,,,,,15830,,,,,,,,,,,,,,,,,,,1732328058.0,,,,,,1170.0,,,26101632.0,,
,,,,,,,,,,,15851,,,,,,,,,,,,,,,,,,,1732328079.0,,,,,,1280.0,,,26139904.0,,
,,,,,,,,,,,15868,,,,,,,,,,,,,,,,,,,1732328096.0,,,,,,1230.0,,,26167808.0,,
,,,,,,,,,,,16109,,,,,,,,,,,,,,,,,,,1732328337.0,,,,,,1330.0,,,26596608.0,,
,,,,,,,,,,,16248,,,,,,,,,,,,,,,,,,,1732328476.0,,,,,,1350.0,,,26843648.0,,
,,,,,,,,,,,16424,,,,,,,,,,,,,,,,,,,1732328652.0,,,,,,850.0,,,27154944.0,,
,,,,,,,,,,,16469,,,,,,,,,,,,,,,,,,,1732328697.0,,,,,,840.0,,,27233920.0,,
,,,,,,,,,,,16471,,,,,,,,,,,,,,,,,,,1732328699.0,,,,,,760.0,,,27241856.0,,
,,,,,,,,,,,16478,,,,,,,,,,,,,,,,,,,1732328706.0,,,,,,2350.0,,,27249920.0,,
,,,,,,,,,,,16490,,,,,,,,,,,,,,,,,,,1732328718.0,,,,,,860.0,,,27274496.0,,
,,,,,,,,,,,16675,,,,,,,,,,,,,,,,,,,1732328903.0,,,,,,1180.0,,,27606528.0,,
,,,,,,,,,,,16830,,,,,,,,,,,,,,,,,,,1732329058.0,,,,,,1330.0,,,27876992.0,,
,,,,,,,,,,,16894,,,,,,,,,,,,,,,,,,,1732329122.0,,,,,,1300.0,,,27990400.0,,
,,,,,,,,,,,16960,,,,,,,,,,,,,,,,,,,1732329188.0,,,,,,1320.0,,,28111104.0,,
,,,,,,,,,,,16994,,,,,,,,,,,,,,,,,,,1732329222.0,,,,,,820.0,,,28167168.0,,
,,,,,,,,,,,17124,,,,,,,,,,,,,,,,,,,1732329352.0,,,,,,1320.0,,,28400640.0,,
,,,,,,,,,,,17180,,,,,,,,,,,,,,,,,,,1732329408.0,,,,,,1190.0,,,28499584.0,,
,,,,,,,,,,,17182,,,,,,,,,,,,,,,,,,,1732329410.0,,,,,,1280.0,,,28505216.0,,
,,,,,,,,,,,17188,,,,,,,,,,,,,,,,,,,1732329416.0,,,,,,1370.0,,,28513152.0,,
,,,,,,,,,,,17190,,,,,,,,,,,,,,,,,,,1732329418.0,,,,,,2260.0,,,28517376.0,,
,,,,,,,,,,,17218,,,,,,,,,,,,,,,,,,,1732329446.0,,,,,,1240.0,,,28567552.0,,
,,,,,,,,,,,17301,,,,,,,,,,,,,,,,,,,1732329529.0,,,,,,1270.0,,,28713600.0,,
,,,,,,,,,,,17327,,,,,,,,,,,,,,,,,,,1732329555.0,,,,,,1350.0,,,28755072.0,,
,,,,,,,,,,,17355,,,,,,,,,,,,,,,,,,,1732329583.0,,,,,,1370.0,,,28805760.0,,
,,,,,,,,,,,17359,,,,,,,,,,,,,,,,,,,1732329587.0,,,,,,1780.0,,,28817664.0,,
,,,,,,,,,,,17475,,,,,,,,,,,,,,,,,,,1732329703.0,,,,,,1870.0,,,29018112.0,,
,,,,,,,,,,,17496,,,,,,,,,,,,,,,,,,,1732329724.0,,,,,,890.0,,,29059712.0,,
,,,,,,,,,,,17512,,,,,,,,,,,,,,,,,,,1732329740.0,,,,,,930.0,,,29084800.0,,
,,,,,,,,,,,17525,,,,,,,,,,,,,,,,,,,1732329753.0,,,,,,2360.0,,,29112192.0,,
,,,,,,,,,,,17577,,,,,,,,,,,,,,,,,,,1732329805.0,,,,,,1340.0,,,29198208.0,,
,,,,,,,,,,,17617,,,,,,,,,,,,,,,,,,,1732329845.0,,,,,,780.0,,,29275648.0,,
,,,,,,,,,,,17688,,,,,,,,,,,,,,,,,,,1732329916.0,,,,,,880.0,,,29395328.0,,
,,,,,,,,,,,17736,,,,,,,,,,,,,,,,,,,1732329964.0,,,,,,780.0,,,29485824.0,,
,,,,,,,,,,,17743,,,,,,,,,,,,,,,,,,,1732329971.0,,,,,,820.0,,,29495168.0,,
,,,,,,,,,,,17745,,,,,,,,,,,,,,,,,,,1732329973.0,,,,,,890.0,,,29502208.0,,
,,,,,,,,,,,17763,,,,,,,,,,,,,,,,,,,1732329991.0,,,,,,1370.0,,,29534976.0,,
0.07119177281856537,0.01338134240359068,9.211657762527466,0.1274300623922086,0.094268798828125,-0.007558354642242193,0.0016621854156255722,0.006045927293598652,-0.002790430560708046,0.3898997902870178,0.10443946651400747,17779,0.004253326915204525,1804.0,1.7542524337768555,0.004296303726732731,0.018320467323064804,0.0009911938104778528,1.7676339149475098,1631.0,0.06920098513364792,1663.0,1087.1875,0.6038610339164734,-0.0017353672301396728,0.0,0.11583229467093728,1155.716796875,0.0005411099409684539,0.0001,1732330007.0,864.515625,1027.10546875,0.10845855623483658,0.0,0.04995448514819145,,2830.0,0.0,29556736.0,0.5963026881217957,122.0
,,,,,,,,,,,17864,,,,,,,,,,,,,,,,,,,1732330092.0,,,,,,1380.0,,,29714688.0,,
,,,,,,,,,,,17900,,,,,,,,,,,,,,,,,,,1732330128.0,,,,,,800.0,,,29775232.0,,
,,,,,,,,,,,17936,,,,,,,,,,,,,,,,,,,1732330164.0,,,,,,840.0,,,29838464.0,,
,,,,,,,,,,,18068,,,,,,,,,,,,,,,,,,,1732330296.0,,,,,,750.0,,,30079488.0,,
,,,,,,,,,,,18074,,,,,,,,,,,,,,,,,,,1732330302.0,,,,,,1350.0,,,30086528.0,,
,,,,,,,,,,,18082,,,,,,,,,,,,,,,,,,,1732330310.0,,,,,,1370.0,,,30098304.0,,
,,,,,,,,,,,18095,,,,,,,,,,,,,,,,,,,1732330323.0,,,,,,840.0,,,30128128.0,,
,,,,,,,,,,,18123,,,,,,,,,,,,,,,,,,,1732330351.0,,,,,,840.0,,,30177792.0,,
,,,,,,,,,,,18128,,,,,,,,,,,,,,,,,,,1732330356.0,,,,,,1740.0,,,30182528.0,,
,,,,,,,,,,,18174,,,,,,,,,,,,,,,,,,,1732330402.0,,,,,,1330.0,,,30262272.0,,
,,,,,,,,,,,18196,,,,,,,,,,,,,,,,,,,1732330424.0,,,,,,890.0,,,30308480.0,,
,,,,,,,,,,,18247,,,,,,,,,,,,,,,,,,,1732330475.0,,,,,,860.0,,,30394368.0,,
,,,,,,,,,,,18258,,,,,,,,,,,,,,,,,,,1732330486.0,,,,,,820.0,,,30416640.0,,
,,,,,,,,,,,18285,,,,,,,,,,,,,,,,,,,1732330513.0,,,,,,1140.0,,,30462720.0,,
,,,,,,,,,,,18385,,,,,,,,,,,,,,,,,,,1732330613.0,,,,,,1440.0,,,30638720.0,,
0.07085691392421722,0.003563049016520381,8.996027946472168,0.11773449615211816,0.0736083984375,-0.005100957117974758,0.0023367595858871937,0.004705133847892284,-0.001226654276251793,0.3633277118206024,0.09416021880751896,18404,0.005370073951780796,1872.0,1.7955557107925415,0.004370696842670441,0.01752365007996559,0.003986440598964691,1.7991188764572144,1187.0,0.06790897995233536,1667.0,1044.84375,0.7610048055648804,-0.006638864986598492,0.0,0.10539283178017074,1111.806640625,0.0005312358262017369,0.0001,1732330632.0,854.734375,981.08984375,0.12865984439849854,0.0,0.0499054417014122,,2960.0,0.0,30670848.0,0.7559038400650024,125.0
,,,,,,,,,,,18454,,,,,,,,,,,,,,,,,,,1732330682.0,,,,,,1260.0,,,30769024.0,,
,,,,,,,,,,,18637,,,,,,,,,,,,,,,,,,,1732330865.0,,,,,,770.0,,,31093120.0,,
,,,,,,,,,,,18637,,,,,,,,,,,,,,,,,,,1732330865.0,,,,,,1930.0,,,31093376.0,,
,,,,,,,,,,,18645,,,,,,,,,,,,,,,,,,,1732330873.0,,,,,,790.0,,,31103872.0,,
,,,,,,,,,,,18652,,,,,,,,,,,,,,,,,,,1732330880.0,,,,,,790.0,,,31115264.0,,
,,,,,,,,,,,18665,,,,,,,,,,,,,,,,,,,1732330893.0,,,,,,1330.0,,,31144448.0,,
,,,,,,,,,,,18726,,,,,,,,,,,,,,,,,,,1732330954.0,,,,,,770.0,,,31249024.0,,
,,,,,,,,,,,18775,,,,,,,,,,,,,,,,,,,1732331003.0,,,,,,820.0,,,31340032.0,,
,,,,,,,,,,,18782,,,,,,,,,,,,,,,,,,,1732331010.0,,,,,,1270.0,,,31350912.0,,
,,,,,,,,,,,18791,,,,,,,,,,,,,,,,,,,1732331019.0,,,,,,860.0,,,31365760.0,,
,,,,,,,,,,,18818,,,,,,,,,,,,,,,,,,,1732331046.0,,,,,,1390.0,,,31412480.0,,
,,,,,,,,,,,18821,,,,,,,,,,,,,,,,,,,1732331049.0,,,,,,1740.0,,,31422720.0,,
,,,,,,,,,,,18865,,,,,,,,,,,,,,,,,,,1732331093.0,,,,,,1270.0,,,31497600.0,,
,,,,,,,,,,,18884,,,,,,,,,,,,,,,,,,,1732331112.0,,,,,,800.0,,,31533696.0,,
,,,,,,,,,,,18902,,,,,,,,,,,,,,,,,,,1732331130.0,,,,,,1340.0,,,31561984.0,,
,,,,,,,,,,,18919,,,,,,,,,,,,,,,,,,,1732331147.0,,,,,,760.0,,,31590784.0,,
,,,,,,,,,,,18937,,,,,,,,,,,,,,,,,,,1732331165.0,,,,,,1320.0,,,31623168.0,,
,,,,,,,,,,,18987,,,,,,,,,,,,,,,,,,,1732331215.0,,,,,,1290.0,,,31716480.0,,
,,,,,,,,,,,19003,,,,,,,,,,,,,,,,,,,1732331231.0,,,,,,800.0,,,31744128.0,,
,,,,,,,,,,,19048,,,,,,,,,,,,,,,,,,,1732331276.0,,,,,,850.0,,,31823360.0,,
,,,,,,,,,,,19067,,,,,,,,,,,,,,,,,,,1732331295.0,,,,,,1380.0,,,31856000.0,,
,,,,,,,,,,,19216,,,,,,,,,,,,,,,,,,,1732331444.0,,,,,,780.0,,,32124288.0,,
,,,,,,,,,,,19272,,,,,,,,,,,,,,,,,,,1732331500.0,,,,,,1380.0,,,32223488.0,,
,,,,,,,,,,,19278,,,,,,,,,,,,,,,,,,,1732331506.0,,,,,,1440.0,,,32230656.0,,
,,,,,,,,,,,19279,,,,,,,,,,,,,,,,,,,1732331507.0,,,,,,720.0,,,32234752.0,,
,,,,,,,,,,,19318,,,,,,,,,,,,,,,,,,,1732331546.0,,,,,,750.0,,,32306944.0,,
,,,,,,,,,,,19325,,,,,,,,,,,,,,,,,,,1732331553.0,,,,,,1310.0,,,32314880.0,,
,,,,,,,,,,,19380,,,,,,,,,,,,,,,,,,,1732331608.0,,,,,,880.0,,,32415872.0,,
,,,,,,,,,,,19446,,,,,,,,,,,,,,,,,,,1732331674.0,,,,,,1890.0,,,32534656.0,,
,,,,,,,,,,,19512,,,,,,,,,,,,,,,,,,,1732331740.0,,,,,,850.0,,,32650752.0,,
,,,,,,,,,,,19541,,,,,,,,,,,,,,,,,,,1732331769.0,,,,,,1390.0,,,32701696.0,,
,,,,,,,,,,,19592,,,,,,,,,,,,,,,,,,,1732331820.0,,,,,,1280.0,,,32787712.0,,
,,,,,,,,,,,19658,,,,,,,,,,,,,,,,,,,1732331886.0,,,,,,900.0,,,32906752.0,,
,,,,,,,,,,,19761,,,,,,,,,,,,,,,,,,,1732331989.0,,,,,,860.0,,,33090432.0,,
,,,,,,,,,,,19795,,,,,,,,,,,,,,,,,,,1732332023.0,,,,,,1350.0,,,33145088.0,,
0.07362677156925201,-0.0023373945150524378,9.074401617050171,0.10697913194394124,0.0739288330078125,-0.007442090660333633,0.002436479087918997,0.007219512481242418,-0.0023687640205025673,0.348812997341156,0.08876781728720708,19879,0.004543663933873177,2032.0,1.905432939529419,0.006973205134272575,0.019259579479694366,0.0033379574306309223,1.9030956029891968,1308.0,0.06924799084663391,1675.0,991.328125,0.6584594249725342,-0.01722157746553421,0.0,0.09610827693154975,1046.814453125,0.0004897796898148954,0.0001,1732332107.0,838.7578125,943.201171875,0.12648190557956696,0.0,0.04982823505997658,1190.0,2680.0,0.0,33292288.0,0.6510173678398132,121.0
0.07643330842256546,-0.00031280633993446827,9.138569355010986,0.09515830845374572,0.07818603515625,-0.0015370054170489311,0.004772113636136055,0.006644008681178093,0.0015180304180830717,0.3176373541355133,0.0870501746402122,20054,0.004710790701210499,2051.0,1.8517210483551025,0.00435041356831789,0.018973898142576218,0.0057558296248316765,1.8514082431793213,1237.0,0.06973570585250854,1676.0,957.03125,0.5923714637756348,-0.003386816708371043,0.0,0.08892973086566475,1023.4375,0.0005213803960941732,0.0001,1732332282.0,836.546875,899.359375,0.1450592428445816,0.0,0.049794577062129974,,2930.0,0.0,33603584.0,0.5908344984054565,120.0
,,,,,,,,,,,20120,,,,,,,,,,,,,,,,,,,1732332348.0,,,,,,830.0,,,33725440.0,,
,,,,,,,,,,,20168,,,,,,,,,,,,,,,,,,,1732332396.0,,,,,,870.0,,,33811200.0,,
,,,,,,,,,,,20233,,,,,,,,,,,,,,,,,,,1732332461.0,,,,,,840.0,,,33928832.0,,
,,,,,,,,,,,20233,,,,,,,,,,,,,,,,,,,1732332461.0,,,,,,730.0,,,33930496.0,,
,,,,,,,,,,,20248,,,,,,,,,,,,,,,,,,,1732332476.0,,,,,,730.0,,,33950720.0,,
,,,,,,,,,,,20269,,,,,,,,,,,,,,,,,,,1732332497.0,,,,,,850.0,,,33991296.0,,
,,,,,,,,,,,20342,,,,,,,,,,,,,,,,,,,1732332570.0,,,,,,1400.0,,,34120320.0,,
,,,,,,,,,,,20367,,,,,,,,,,,,,,,,,,,1732332595.0,,,,,,810.0,,,34161792.0,,
,,,,,,,,,,,20406,,,,,,,,,,,,,,,,,,,1732332634.0,,,,,,850.0,,,34234880.0,,
,,,,,,,,,,,20436,,,,,,,,,,,,,,,,,,,1732332664.0,,,,,,810.0,,,34289408.0,,
,,,,,,,,,,,20583,,,,,,,,,,,,,,,,,,,1732332811.0,,,,,,890.0,,,34547712.0,,
,,,,,,,,,,,20611,,,,,,,,,,,,,,,,,,,1732332839.0,,,,,,740.0,,,34596608.0,,
0.07155069708824158,0.0008495068177580833,8.935972213745117,0.1087749007231989,0.081878662109375,-0.0019878929015249014,0.00364254554733634,0.005617248825728893,-0.0013836300931870937,0.35621726512908936,0.09017521993072365,20653,0.0046083880588412285,2116.0,1.9162360429763794,0.005744879133999348,0.01882251910865307,0.004424073733389378,1.9170855283737183,1261.0,0.06760948151350021,1679.0,1007.1875,0.650843620300293,-0.0031262794509530067,0.0,0.0978293163669039,1075.47265625,0.000525323732290417,0.0001,1732332881.0,867.4296875,947.171875,0.12293370068073273,0.0,0.04973902180790901,,2870.0,0.0,34668544.0,0.6488558053970337,119.0
,,,,,,,,,,,20663,,,,,,,,,,,,,,,,,,,1732332891.0,,,,,,1250.0,,,34686080.0,,
,,,,,,,,,,,20721,,,,,,,,,,,,,,,,,,,1732332949.0,,,,,,790.0,,,34793472.0,,
,,,,,,,,,,,20766,,,,,,,,,,,,,,,,,,,1732332994.0,,,,,,870.0,,,34872064.0,,
,,,,,,,,,,,20776,,,,,,,,,,,,,,,,,,,1732333004.0,,,,,,1340.0,,,34892416.0,,
,,,,,,,,,,,20794,,,,,,,,,,,,,,,,,,,1732333022.0,,,,,,1270.0,,,34922752.0,,
,,,,,,,,,,,20848,,,,,,,,,,,,,,,,,,,1732333076.0,,,,,,1380.0,,,35018112.0,,
,,,,,,,,,,,20866,,,,,,,,,,,,,,,,,,,1732333094.0,,,,,,890.0,,,35049088.0,,
,,,,,,,,,,,20885,,,,,,,,,,,,,,,,,,,1732333113.0,,,,,,870.0,,,35083520.0,,
,,,,,,,,,,,20888,,,,,,,,,,,,,,,,,,,1732333116.0,,,,,,1390.0,,,35093376.0,,
,,,,,,,,,,,20897,,,,,,,,,,,,,,,,,,,1732333125.0,,,,,,800.0,,,35109760.0,,
,,,,,,,,,,,20922,,,,,,,,,,,,,,,,,,,1732333150.0,,,,,,870.0,,,35148288.0,,
0.06756949424743652,0.0018797162920236588,9.010908603668213,0.1215632427643879,0.06011962890625,-0.0025062914937734604,0.0019472695421427488,0.0071635134518146515,-0.0038251630030572414,0.34373635053634644,0.097916500601458,21067,0.004662496969103813,2161.0,1.8934199810028076,0.00494629330933094,0.019180363044142723,0.0029867542907595634,1.8952996730804443,1483.0,0.06568349152803421,1681.0,1057.34375,0.6635305881500244,-0.0031328662298619747,0.0,0.10937839678835926,1114.296875,0.0005558558623306453,0.0001,1732333295.0,913.5703125,997.4921875,0.13546539843082428,0.0,0.04973330348730087,,2360.0,0.0,35405824.0,0.6610243320465088,121.0
,,,,,,,,,,,21115,,,,,,,,,,,,,,,,,,,1732333343.0,,,,,,840.0,,,35492864.0,,
,,,,,,,,,,,21116,,,,,,,,,,,,,,,,,,,1732333344.0,,,,,,580.0,,,35496448.0,,
,,,,,,,,,,,21126,,,,,,,,,,,,,,,,,,,1732333354.0,,,,,,820.0,,,35515008.0,,
,,,,,,,,,,,21152,,,,,,,,,,,,,,,,,,,1732333380.0,,,,,,850.0,,,35558528.0,,
,,,,,,,,,,,21153,,,,,,,,,,,,,,,,,,,1732333381.0,,,,,,930.0,,,35562240.0,,
,,,,,,,,,,,21190,,,,,,,,,,,,,,,,,,,1732333418.0,,,,,,2430.0,,,35631616.0,,
,,,,,,,,,,,21290,,,,,,,,,,,,,,,,,,,1732333518.0,,,,,,830.0,,,35806976.0,,
,,,,,,,,,,,21326,,,,,,,,,,,,,,,,,,,1732333554.0,,,,,,800.0,,,35869184.0,,
,,,,,,,,,,,21353,,,,,,,,,,,,,,,,,,,1732333581.0,,,,,,1380.0,,,35917824.0,,
,,,,,,,,,,,21362,,,,,,,,,,,,,,,,,,,1732333590.0,,,,,,1340.0,,,35935232.0,,
,,,,,,,,,,,21427,,,,,,,,,,,,,,,,,,,1732333655.0,,,,,,900.0,,,36051712.0,,
,,,,,,,,,,,21445,,,,,,,,,,,,,,,,,,,1732333673.0,,,,,,850.0,,,36082944.0,,
0.0739336833357811,0.0060276007279753685,8.791656494140625,0.12400949651444226,0.0708465576171875,0.005342646036297083,0.002780583221465349,0.007168372627347708,-0.004334459081292152,0.36792653799057007,0.1014061345091958,21453,0.004507035948336124,2203.0,1.9580364227294922,0.004668116569519043,0.0202944353222847,0.003989540971815586,1.964064121246338,1301.0,0.0727178230881691,1683.0,1102.65625,0.5622603893280029,0.016712890937924385,0.0,0.11302428296062263,1174.533203125,0.00047399854520335793,0.0001,1732333681.0,902.7421875,1032.1796875,0.11630463600158691,0.0,0.04975961893796921,,2650.0,0.0,36093952.0,0.5676030516624451,117.0
,,,,,,,,,,,21457,,,,,,,,,,,,,,,,,,,1732333685.0,,,,,,810.0,,,36107008.0,,
,,,,,,,,,,,21483,,,,,,,,,,,,,,,,,,,1732333711.0,,,,,,1320.0,,,36152448.0,,
,,,,,,,,,,,21546,,,,,,,,,,,,,,,,,,,1732333774.0,,,,,,1270.0,,,36264448.0,,
,,,,,,,,,,,21554,,,,,,,,,,,,,,,,,,,1732333782.0,,,,,,1280.0,,,36276864.0,,
,,,,,,,,,,,21563,,,,,,,,,,,,,,,,,,,1732333791.0,,,,,,610.0,,,36290816.0,,
,,,,,,,,,,,21614,,,,,,,,,,,,,,,,,,,1732333842.0,,,,,,780.0,,,36388224.0,,
,,,,,,,,,,,21778,,,,,,,,,,,,,,,,,,,1732334006.0,,,,,,850.0,,,36679808.0,,
,,,,,,,,,,,21815,,,,,,,,,,,,,,,,,,,1732334043.0,,,,,,900.0,,,36748800.0,,
,,,,,,,,,,,21915,,,,,,,,,,,,,,,,,,,1732334143.0,,,,,,890.0,,,36924544.0,,
0.07002464681863785,0.003945795353502035,9.269962072372437,0.12487850820301745,0.074981689453125,0.0014633607352152467,0.0018924262840300798,0.007564707659184933,-0.003838886506855488,0.3592608571052551,0.1023351561254511,22003,0.004822991788387299,2263.0,1.910940170288086,0.0049274396151304245,0.018861204385757446,0.002037644386291504,1.9148859977722168,1202.0,0.06797672063112259,1685.0,1086.40625,0.6880068778991699,0.00687251565977931,0.0,0.11325073551790607,1155.646484375,0.0004403067578095943,0.0001,1732334231.0,897.765625,1020.837890625,0.10594907402992249,0.0,0.04991781339049339,,2390.0,0.0,37076992.0,0.6894702911376953,115.0
,,,,,,,,,,,22053,,,,,,,,,,,,,,,,,,,1732334281.0,,,,,,880.0,,,37173632.0,,
,,,,,,,,,,,22114,,,,,,,,,,,,,,,,,,,1732334342.0,,,,,,1280.0,,,37276928.0,,
,,,,,,,,,,,22206,,,,,,,,,,,,,,,,,,,1732334434.0,,,,,,780.0,,,37442432.0,,
,,,,,,,,,,,22209,,,,,,,,,,,,,,,,,,,1732334437.0,,,,,,820.0,,,37453056.0,,
,,,,,,,,,,,22246,,,,,,,,,,,,,,,,,,,1732334474.0,,,,,,750.0,,,37519104.0,,
,,,,,,,,,,,22278,,,,,,,,,,,,,,,,,,,1732334506.0,,,,,,750.0,,,37569024.0,,
,,,,,,,,,,,22279,,,,,,,,,,,,,,,,,,,1732334507.0,,,,,,880.0,,,37571584.0,,
,,,,,,,,,,,22390,,,,,,,,,,,,,,,,,,,1732334618.0,,,,,,820.0,,,37767552.0,,
,,,,,,,,,,,22390,,,,,,,,,,,,,,,,,,,1732334618.0,,,,,,840.0,,,37768192.0,,
,,,,,,,,,,,22420,,,,,,,,,,,,,,,,,,,1732334648.0,,,,,,1470.0,,,37825024.0,,
,,,,,,,,,,,22464,,,,,,,,,,,,,,,,,,,1732334692.0,,,,,,2380.0,,,37900544.0,,
,,,,,,,,,,,22464,,,,,,,,,,,,,,,,,,,1732334692.0,,,,,,860.0,,,37902080.0,,
,,,,,,,,,,,22466,,,,,,,,,,,,,,,,,,,1732334694.0,,,,,,900.0,,,37909760.0,,
,,,,,,,,,,,22493,,,,,,,,,,,,,,,,,,,1732334721.0,,,,,,810.0,,,37955968.0,,
,,,,,,,,,,,22577,,,,,,,,,,,,,,,,,,,1732334805.0,,,,,,860.0,,,38104064.0,,
,,,,,,,,,,,22613,,,,,,,,,,,,,,,,,,,1732334841.0,,,,,,1340.0,,,38167936.0,,
,,,,,,,,,,,22620,,,,,,,,,,,,,,,,,,,1732334848.0,,,,,,1380.0,,,38176768.0,,
,,,,,,,,,,,22688,,,,,,,,,,,,,,,,,,,1732334916.0,,,,,,1390.0,,,38304768.0,,
,,,,,,,,,,,22724,,,,,,,,,,,,,,,,,,,1732334952.0,,,,,,1290.0,,,38368000.0,,
,,,,,,,,,,,22762,,,,,,,,,,,,,,,,,,,1732334990.0,,,,,,1720.0,,,38433024.0,,
,,,,,,,,,,,22796,,,,,,,,,,,,,,,,,,,1732335024.0,,,,,,880.0,,,38490624.0,,
,,,,,,,,,,,22974,,,,,,,,,,,,,,,,,,,1732335202.0,,,,,,920.0,,,38810752.0,,
,,,,,,,,,,,22993,,,,,,,,,,,,,,,,,,,1732335221.0,,,,,,820.0,,,38845568.0,,
,,,,,,,,,,,23063,,,,,,,,,,,,,,,,,,,1732335291.0,,,,,,890.0,,,38966400.0,,
,,,,,,,,,,,23158,,,,,,,,,,,,,,,,,,,1732335386.0,,,,,,900.0,,,39138304.0,,
,,,,,,,,,,,23406,,,,,,,,,,,,,,,,,,,1732335634.0,,,,,,1400.0,,,39575168.0,,
,,,,,,,,,,,23417,,,,,,,,,,,,,,,,,,,1732335645.0,,,,,,1400.0,,,39596416.0,,
,,,,,,,,,,,23434,,,,,,,,,,,,,,,,,,,1732335662.0,,,,,,790.0,,,39626624.0,,
,,,,,,,,,,,23443,,,,,,,,,,,,,,,,,,,1732335671.0,,,,,,840.0,,,39641344.0,,
,,,,,,,,,,,23591,,,,,,,,,,,,,,,,,,,1732335819.0,,,,,,1330.0,,,39906560.0,,
,,,,,,,,,,,23598,,,,,,,,,,,,,,,,,,,1732335826.0,,,,,,900.0,,,39915520.0,,
