returns/ext_advantages,rewards/num_envs_with_pos_rews,rewards/intrinsic_rewards_mean,charts/iterations,losses/ext_value_loss,_timestamp,charts/episode_return,losses/old_approx_kl,charts/max_game_score,losses/all_loss,_step,_runtime,losses/policy_loss,rewards/rewards_max,charts/returns_hist,charts/learning_rate,losses/int_value_loss,charts/min_traj_len,charts/game_score,losses/clipfrac,charts/time_per_it,returns/ret_ext,charts/min_game_score,returns/values_ext,rewards/rewards_min,charts/max_traj_len,rewards/intrinsic_rewards_max,returns/values_int,returns/ret_int,charts/traj_len,returns/int_advantages,losses/entropy,rewards/intrinsic_rewards_min,losses/approx_kl,rewards/rewards_mean,returns/advantages,charts/SPS
0.009682171046733856,45.0,0.0005044439458288252,10.0,0.007283031940460205,1733222942.0,,0.0004036136087961495,1500.0,-0.019200865179300308,163840.0,154,-0.0009140917100012302,0.6461456418037415,,0.0003,0.013534796424210072,0.0,624.299072265625,0.0261993408203125,11.860295534133911,0.32267916202545166,0.0,0.3129970133304596,0.0,1386.0,0.04870283231139183,-0.013349508866667747,0.002205966040492058,915.6542056074767,0.015555476769804955,2.8695688247680664,-0.04937939718365669,0.0010507756378501654,0.002169067971408367,0.009837726131081581,1288.0
,,,,,1733222957.0,500.0,,,,183808.0,169,,,,,,,,,,,,,,,,,,,,,,,,,
,,,,,1733222959.0,800.0,,,,187904.0,171,,,,,,,,,,,,,,,,,,,,,,,,,
,,,,,1733223022.0,600.0,,,,272000.0,234,,,,,,,,,,,,,,,,,,,,,,,,,
,,,,,1733223066.0,700.0,,,,330624.0,278,,,,,,,,,,,,,,,,,,,,,,,,,
,,,,,1733223091.0,800.0,,,,366080.0,303,,,,,,,,,,,,,,,,,,,,,,,,,
,,,,,1733223100.0,600.0,,,,379392.0,312,,,,,,,,,,,,,,,,,,,,,,,,,
,,,,,1733223101.0,400.0,,,,379776.0,313,,,,,,,,,,,,,,,,,,,,,,,,,
,,,,,1733223178.0,1000.0,,,,487808.0,390,,,,,,,,,,,,,,,,,,,,,,,,,
,,,,,1733223183.0,400.0,,,,492928.0,395,,,,,,,,,,,,,,,,,,,,,,,,,
,,,,,1733223197.0,400.0,,,,512768.0,409,,,,,,,,,,,,,,,,,,,,,,,,,
,,,,,1733223199.0,700.0,,,,515840.0,411,,,,,,,,,,,,,,,,,,,,,,,,,
,,,,,1733223227.0,800.0,,,,555136.0,439,,,,,,,,,,,,,,,,,,,,,,,,,
,,,,,1733223239.0,1400.0,,,,572544.0,451,,,,,,,,,,,,,,,,,,,,,,,,,
-0.009767982177436352,99.0,0.0015268016140908003,35.0,0.01215176098048687,1733223242.0,1100.0,0.002293463796377182,2200.0,-0.020321935415267944,573440.0,454,-0.004756500944495201,0.44662657380104065,,0.0003,0.012977021746337414,0.0,982.03125,0.03668212890625,11.798948526382446,0.5996503829956055,0.0,0.6094183921813965,0.0,2804.0,0.04929054155945778,0.12497226893901825,0.1120423749089241,901.7421875,-0.01292989868670702,2.8129825592041016,-0.05134395509958267,0.0014675356214866042,0.003789129201322794,-0.009897281415760517,1342.0
,,,,,1733223258.0,1000.0,,,,597760.0,470,,,,,,,,,,,,,,,,,,,,,,,,,
,,,,,1733223330.0,900.0,,,,697344.0,542,,,,,,,,,,,,,,,,,,,,,,,,,
,,,,,1733223337.0,1300.0,,,,706304.0,549,,,,,,,,,,,,,,,,,,,,,,,,,
,,,,,1733223364.0,1700.0,,,,744192.0,576,,,,,,,,,,,,,,,,,,,,,,,,,
,,,,,1733223364.0,1200.0,,,,744576.0,576,,,,,,,,,,,,,,,,,,,,,,,,,
,,,,,1733223381.0,1400.0,,,,769152.0,593,,,,,,,,,,,,,,,,,,,,,,,,,
,,,,,1733223396.0,600.0,,,,786560.0,608,,,,,,,,,,,,,,,,,,,,,,,,,
,,,,,1733223427.0,1100.0,,,,833408.0,639,,,,,,,,,,,,,,,,,,,,,,,,,
,,,,,1733223436.0,700.0,,,,843520.0,648,,,,,,,,,,,,,,,,,,,,,,,,,
,,,,,1733223442.0,800.0,,,,853248.0,654,,,,,,,,,,,,,,,,,,,,,,,,,
,,,,,1733223463.0,900.0,,,,882688.0,675,,,,,,,,,,,,,,,,,,,,,,,,,
0.00342393945902586,108.0,1.7321959603577852e-05,55.0,0.007586399093270302,1733223478.0,,0.001954061444848776,3200.0,-0.02246849797666073,901120.0,690,-0.005281824618577957,0.3259288966655731,,0.0003,0.013105014339089394,0.0,1106.25,0.0547332763671875,11.993162870407104,0.5613979697227478,0.0,0.5579740405082703,0.0,1448.0,0.04840488359332085,0.026709524914622307,0.022215772420167923,806.609375,-0.0044937580823898315,2.7532379627227783,-0.05375388637185097,0.0021491695661097765,0.0034614030737429857,0.003379001747816801,1359.0
,,,,,1733223516.0,1500.0,,,,956672.0,728,,,,,,,,,,,,,,,,,,,,,,,,,
,,,,,1733223536.0,800.0,,,,983808.0,748,,,,,,,,,,,,,,,,,,,,,,,,,
-0.008057321421802044,102.0,0.00020903433323837817,62.0,0.00742699671536684,1733223560.0,1000.0,0.001541377161629498,3000.0,-0.022226808592677116,1015808.0,772,-0.007573933340609074,0.31141626834869385,,0.0003,0.01816895417869091,0.0,1174.21875,0.0582427978515625,11.896741151809692,0.48904842138290405,0.0,0.4971057176589966,0.0,1719.0,0.05465586110949516,-0.032420843839645386,-0.023931872099637985,881.609375,0.008488956838846207,2.7450850009918213,-0.05403415486216545,0.0018114736303687096,0.0029841524083167315,-0.007972431369125843,1364.0
,,,,,1733223584.0,900.0,,,,1050240.0,796,,,,,,,,,,,,,,,,,,,,,,,,,
,,,,,1733223612.0,1400.0,,,,1092224.0,824,,,,,,,,,,,,,,,,,,,,,,,,,
,,,,,1733223626.0,900.0,,,,1111168.0,838,,,,,,,,,,,,,,,,,,,,,,,,,
,,,,,1733223670.0,1400.0,,,,1174144.0,882,,,,,,,,,,,,,,,,,,,,,,,,,
,,,,,1733223679.0,1400.0,,,,1184768.0,891,,,,,,,,,,,,,,,,,,,,,,,,,
,,,,,1733223700.0,1600.0,,,,1213568.0,912,,,,,,,,,,,,,,,,,,,,,,,,,
,,,,,1733223713.0,1200.0,,,,1230848.0,925,,,,,,,,,,,,,,,,,,,,,,,,,
,,,,,1733223717.0,1100.0,,,,1235328.0,929,,,,,,,,,,,,,,,,,,,,,,,,,
,,,,,1733223720.0,1400.0,,,,1238912.0,932,,,,,,,,,,,,,,,,,,,,,,,,,
,,,,,1733223730.0,1200.0,,,,1254528.0,942,,,,,,,,,,,,,,,,,,,,,,,,,
,,,,,1733223750.0,1200.0,,,,1280256.0,962,,,,,,,,,,,,,,,,,,,,,,,,,
,,,,,1733223783.0,1400.0,,,,1328256.0,995,,,,,,,,,,,,,,,,,,,,,,,,,
,,,,,1733223802.0,1800.0,,,,1354752.0,1014,,,,,,,,,,,,,,,,,,,,,,,,,
,,,,,1733223836.0,1300.0,,,,1403392.0,1048,,,,,,,,,,,,,,,,,,,,,,,,,
,,,,,1733223884.0,600.0,,,,1470080.0,1096,,,,,,,,,,,,,,,,,,,,,,,,,
,,,,,1733223888.0,1200.0,,,,1475584.0,1100,,,,,,,,,,,,,,,,,,,,,,,,,
,,,,,1733223906.0,1400.0,,,,1502208.0,1118,,,,,,,,,,,,,,,,,,,,,,,,,
,,,,,1733223970.0,1000.0,,,,1591296.0,1182,,,,,,,,,,,,,,,,,,,,,,,,,
,,,,,1733223978.0,1000.0,,,,1603456.0,1190,,,,,,,,,,,,,,,,,,,,,,,,,
,,,,,1733223984.0,1200.0,,,,1610624.0,1196,,,,,,,,,,,,,,,,,,,,,,,,,
,,,,,1733223984.0,1000.0,,,,1611776.0,1196,,,,,,,,,,,,,,,,,,,,,,,,,
,,,,,1733224008.0,1500.0,,,,1646080.0,1220,,,,,,,,,,,,,,,,,,,,,,,,,
,,,,,1733224011.0,1100.0,,,,1651072.0,1223,,,,,,,,,,,,,,,,,,,,,,,,,
,,,,,1733224013.0,900.0,,,,1654656.0,1225,,,,,,,,,,,,,,,,,,,,,,,,,
,,,,,1733224065.0,1400.0,,,,1723008.0,1277,,,,,,,,,,,,,,,,,,,,,,,,,
,,,,,1733224079.0,3400.0,,,,1741952.0,1291,,,,,,,,,,,,,,,,,,,,,,,,,
0.008862079121172428,108.0,0.00048066102317534387,110.0,0.005086028017103672,1733224121.0,,0.005691611208021641,5800.0,-0.021958278492093086,1802240.0,1333,-0.006654107011854649,0.2776932120323181,,0.0003,0.01777469553053379,0.0,1457.8125,0.0785064697265625,11.36904788017273,0.45919114351272583,0.0,0.450329065322876,0.0,1821.0,0.0539594441652298,-0.004737289156764746,0.01217574067413807,929.5390625,0.016913030296564102,2.6734533309936523,-0.05348939448595047,0.0028437261935323477,0.0031525231897830963,0.009031208232045174,1380.0
,,,,,1733224185.0,1400.0,,,,1896448.0,1397,,,,,,,,,,,,,,,,,,,,,,,,,
,,,,,1733224227.0,3000.0,,,,1957504.0,1439,,,,,,,,,,,,,,,,,,,,,,,,,
,,,,,1733224279.0,800.0,,,,2031232.0,1491,,,,,,,,,,,,,,,,,,,,,,,,,
,,,,,1733224283.0,2600.0,,,,2035712.0,1495,,,,,,,,,,,,,,,,,,,,,,,,,
,,,,,1733224341.0,1300.0,,,,2122368.0,1553,,,,,,,,,,,,,,,,,,,,,,,,,
,,,,,1733224364.0,900.0,,,,2154368.0,1576,,,,,,,,,,,,,,,,,,,,,,,,,
,,,,,1733224373.0,1700.0,,,,2166144.0,1585,,,,,,,,,,,,,,,,,,,,,,,,,
,,,,,1733224377.0,2800.0,,,,2173312.0,1589,,,,,,,,,,,,,,,,,,,,,,,,,
,,,,,1733224382.0,3600.0,,,,2179456.0,1594,,,,,,,,,,,,,,,,,,,,,,,,,
,,,,,1733224429.0,1500.0,,,,2246272.0,1641,,,,,,,,,,,,,,,,,,,,,,,,,
,,,,,1733224433.0,2400.0,,,,2253952.0,1645,,,,,,,,,,,,,,,,,,,,,,,,,
0.004251168109476566,112.0,-0.0002733152941800654,138.0,0.005884063895791769,1733224439.0,,0.0030497561674565077,4600.0,-0.025426197797060013,2260992.0,1651,-0.009783420711755753,0.26890915632247925,,0.0003,0.01583382673561573,0.0,1685.15625,0.092926025390625,10.398343801498413,0.46786433458328247,0.0,0.4636131525039673,0.0,1706.0,0.05640694126486778,-0.000266488641500473,0.0021287761628627777,952.125,0.0023952617775648832,2.650172233581543,-0.05555899813771248,0.0025058812461793423,0.003463124390691519,0.004275120794773102,1392.0
,,,,,1733224441.0,1100.0,,,,2265088.0,1653,,,,,,,,,,,,,,,,,,,,,,,,,
,,,,,1733224452.0,1100.0,,,,2281216.0,1664,,,,,,,,,,,,,,,,,,,,,,,,,
,,,,,1733224462.0,2400.0,,,,2296064.0,1674,,,,,,,,,,,,,,,,,,,,,,,,,
,,,,,1733224473.0,600.0,,,,2310400.0,1685,,,,,,,,,,,,,,,,,,,,,,,,,
,,,,,1733224480.0,1400.0,,,,2322304.0,1692,,,,,,,,,,,,,,,,,,,,,,,,,
,,,,,1733224486.0,2600.0,,,,2330112.0,1698,,,,,,,,,,,,,,,,,,,,,,,,,
,,,,,1733224572.0,1400.0,,,,2457344.0,1784,,,,,,,,,,,,,,,,,,,,,,,,,
,,,,,1733224597.0,2400.0,,,,2491264.0,1809,,,,,,,,,,,,,,,,,,,,,,,,,
,,,,,1733224603.0,1700.0,,,,2499840.0,1815,,,,,,,,,,,,,,,,,,,,,,,,,
,,,,,1733224632.0,1300.0,,,,2541184.0,1844,,,,,,,,,,,,,,,,,,,,,,,,,
,,,,,1733224659.0,1500.0,,,,2582144.0,1871,,,,,,,,,,,,,,,,,,,,,,,,,
,,,,,1733224711.0,1700.0,,,,2654464.0,1923,,,,,,,,,,,,,,,,,,,,,,,,,
,,,,,1733224747.0,2300.0,,,,2708736.0,1959,,,,,,,,,,,,,,,,,,,,,,,,,
,,,,,1733224754.0,3200.0,,,,2718080.0,1966,,,,,,,,,,,,,,,,,,,,,,,,,
,,,,,1733224759.0,1800.0,,,,2725376.0,1971,,,,,,,,,,,,,,,,,,,,,,,,,
,,,,,1733224779.0,1100.0,,,,2753408.0,1991,,,,,,,,,,,,,,,,,,,,,,,,,
,,,,,1733224809.0,1200.0,,,,2800256.0,2021,,,,,,,,,,,,,,,,,,,,,,,,,
,,,,,1733224827.0,3000.0,,,,2824576.0,2039,,,,,,,,,,,,,,,,,,,,,,,,,
,,,,,1733224852.0,600.0,,,,2859776.0,2064,,,,,,,,,,,,,,,,,,,,,,,,,
,,,,,1733224888.0,1100.0,,,,2913408.0,2100,,,,,,,,,,,,,,,,,,,,,,,,,
,,,,,1733224904.0,2200.0,,,,2933120.0,2116,,,,,,,,,,,,,,,,,,,,,,,,,
,,,,,1733224942.0,1900.0,,,,2989312.0,2154,,,,,,,,,,,,,,,,,,,,,,,,,
,,,,,1733224967.0,2500.0,,,,3025408.0,2179,,,,,,,,,,,,,,,,,,,,,,,,,
,,,,,1733224973.0,1700.0,,,,3033088.0,2185,,,,,,,,,,,,,,,,,,,,,,,,,
,,,,,1733224976.0,1000.0,,,,3038848.0,2188,,,,,,,,,,,,,,,,,,,,,,,,,
,,,,,1733224981.0,1500.0,,,,3046912.0,2193,,,,,,,,,,,,,,,,,,,,,,,,,
,,,,,1733225024.0,2600.0,,,,3107072.0,2236,,,,,,,,,,,,,,,,,,,,,,,,,
,,,,,1733225042.0,4200.0,,,,3131776.0,2254,,,,,,,,,,,,,,,,,,,,,,,,,
,,,,,1733225157.0,2200.0,,,,3301120.0,2369,,,,,,,,,,,,,,,,,,,,,,,,,
,,,,,1733225167.0,1200.0,,,,3315968.0,2379,,,,,,,,,,,,,,,,,,,,,,,,,
,,,,,1733225200.0,2400.0,,,,3363968.0,2412,,,,,,,,,,,,,,,,,,,,,,,,,
,,,,,1733225258.0,1400.0,,,,3450368.0,2470,,,,,,,,,,,,,,,,,,,,,,,,,
,,,,,1733225276.0,1800.0,,,,3474176.0,2488,,,,,,,,,,,,,,,,,,,,,,,,,
,,,,,1733225283.0,2000.0,,,,3487360.0,2495,,,,,,,,,,,,,,,,,,,,,,,,,
,,,,,1733225357.0,2000.0,,,,3591808.0,2569,,,,,,,,,,,,,,,,,,,,,,,,,
,,,,,1733225392.0,1000.0,,,,3643008.0,2604,,,,,,,,,,,,,,,,,,,,,,,,,
,,,,,1733225406.0,4000.0,,,,3664512.0,2618,,,,,,,,,,,,,,,,,,,,,,,,,
,,,,,1733225419.0,3200.0,,,,3685632.0,2631,,,,,,,,,,,,,,,,,,,,,,,,,
,,,,,1733225436.0,1200.0,,,,3707776.0,2648,,,,,,,,,,,,,,,,,,,,,,,,,
,,,,,1733225448.0,3500.0,,,,3725696.0,2660,,,,,,,,,,,,,,,,,,,,,,,,,
,,,,,1733225476.0,3000.0,,,,3768064.0,2688,,,,,,,,,,,,,,,,,,,,,,,,,
,,,,,1733225481.0,3600.0,,,,3772160.0,2693,,,,,,,,,,,,,,,,,,,,,,,,,
,,,,,1733225498.0,2600.0,,,,3799296.0,2710,,,,,,,,,,,,,,,,,,,,,,,,,
,,,,,1733225510.0,3400.0,,,,3816960.0,2722,,,,,,,,,,,,,,,,,,,,,,,,,
0.0014908069279044867,122.0,0.0005824770196340978,233.0,0.007274268195033073,1733225512.0,,0.0065121822990477085,8400.0,-0.028823645785450935,3817472.0,2724,-0.014994090422987938,0.20625218749046326,,0.0003,0.0152882756665349,0.0,2900.78125,0.1223602294921875,11.50269603729248,0.5347110033035278,0.0,0.5332201719284058,0.0,1948.0,0.060705579817295074,0.032768115401268005,0.023603402078151703,1025.75,-0.009164716117084026,2.511082649230957,-0.06447026133537292,0.004023605026304722,0.004066129215061665,0.0013991589657962322,1415.0
0.013225385919213295,127.0,-1.922521914821118e-05,235.0,0.006411091424524784,1733225535.0,,0.0038648992776870728,8400.0,-0.028052326291799545,3850240.0,2747,-0.014423800632357597,0.20495998859405518,,0.0003,0.01627684198319912,0.0,2839.0625,0.120941162109375,11.57036566734314,0.5515186786651611,0.0,0.5382932424545288,0.0,1948.0,0.06565044820308685,-0.04600512236356735,-0.03379058837890625,1005.390625,0.0122145377099514,2.4972496032714844,-0.062351759523153305,0.00419186195358634,0.004228300880640745,0.013347530737519264,1415.0
,,,,,1733225540.0,5900.0,,,,3859712.0,2752,,,,,,,,,,,,,,,,,,,,,,,,,
,,,,,1733225578.0,2400.0,,,,3915008.0,2790,,,,,,,,,,,,,,,,,,,,,,,,,
,,,,,1733225609.0,1300.0,,,,3959296.0,2821,,,,,,,,,,,,,,,,,,,,,,,,,
,,,,,1733225623.0,8300.0,,,,3980672.0,2835,,,,,,,,,,,,,,,,,,,,,,,,,
,,,,,1733225641.0,3200.0,,,,4004608.0,2853,,,,,,,,,,,,,,,,,,,,,,,,,
,,,,,1733225684.0,2200.0,,,,4063488.0,2896,,,,,,,,,,,,,,,,,,,,,,,,,
,,,,,1733225687.0,3000.0,,,,4067840.0,2899,,,,,,,,,,,,,,,,,,,,,,,,,
0.0003657807828858495,124.0,-0.000864616478793323,249.0,0.008321349509060383,1733225694.0,,0.0033329539000988007,8300.0,-0.030325163155794144,4079616.0,2906,-0.018891239538788795,0.19537201523780823,,0.0003,0.018328862264752388,0.0,3039.0625,0.1222686767578125,10.670702695846558,0.5769181251525879,0.0,0.5765523910522461,0.0,1801.0,0.06440688669681549,-0.05051226168870926,-0.050606321543455124,987.8671875,-9.405240416526794e-05,2.475903034210205,-0.0642625093460083,0.004304778762161732,0.004102049395442009,0.000364840030670166,1416.0
,,,,,1733225706.0,6400.0,,,,4096128.0,2918,,,,,,,,,,,,,,,,,,,,,,,,,
,,,,,1733225724.0,3600.0,,,,4123008.0,2936,,,,,,,,,,,,,,,,,,,,,,,,,
,,,,,1733225747.0,3200.0,,,,4156672.0,2959,,,,,,,,,,,,,,,,,,,,,,,,,
,,,,,1733225754.0,4100.0,,,,4166016.0,2966,,,,,,,,,,,,,,,,,,,,,,,,,
,,,,,1733225755.0,6900.0,,,,4167808.0,2967,,,,,,,,,,,,,,,,,,,,,,,,,
,,,,,1733225786.0,2600.0,,,,4211584.0,2998,,,,,,,,,,,,,,,,,,,,,,,,,
,,,,,1733225803.0,1800.0,,,,4237824.0,3015,,,,,,,,,,,,,,,,,,,,,,,,,
,,,,,1733225811.0,2400.0,,,,4247040.0,3023,,,,,,,,,,,,,,,,,,,,,,,,,
,,,,,1733225827.0,4600.0,,,,4273024.0,3039,,,,,,,,,,,,,,,,,,,,,,,,,
-0.003246207255870104,123.0,-0.0003116901498287916,265.0,0.008492467924952507,1733225877.0,,0.0020786095410585403,12500.0,-0.033899419009685516,4341760.0,3089,-0.02136809378862381,0.1852533519268036,,0.0003,0.015844568610191345,0.0,3626.5625,0.12567138671875,11.425500631332397,0.6252647042274475,0.0,0.6285108327865601,0.0,2210.0,0.06931941211223602,-0.010328114032745361,-0.011794674210250378,1094.1015625,-0.0014665580820292234,2.469984531402588,-0.06977088004350662,0.003633644198998809,0.0036634572315961123,-0.0032608734909445047,1418.0
,,,,,1733225879.0,3200.0,,,,4346112.0,3091,,,,,,,,,,,,,,,,,,,,,,,,,
,,,,,1733225899.0,1000.0,,,,4375552.0,3111,,,,,,,,,,,,,,,,,,,,,,,,,
,,,,,1733225914.0,2400.0,,,,4397824.0,3126,,,,,,,,,,,,,,,,,,,,,,,,,
,,,,,1733225917.0,2400.0,,,,4403712.0,3129,,,,,,,,,,,,,,,,,,,,,,,,,
,,,,,1733225999.0,1400.0,,,,4518656.0,3211,,,,,,,,,,,,,,,,,,,,,,,,,
,,,,,1733226022.0,4400.0,,,,4551680.0,3234,,,,,,,,,,,,,,,,,,,,,,,,,
,,,,,1733226030.0,4800.0,,,,4563968.0,3242,,,,,,,,,,,,,,,,,,,,,,,,,
,,,,,1733226043.0,4200.0,,,,4583168.0,3255,,,,,,,,,,,,,,,,,,,,,,,,,
,,,,,1733226116.0,2200.0,,,,4686848.0,3328,,,,,,,,,,,,,,,,,,,,,,,,,
,,,,,1733226117.0,2400.0,,,,4688512.0,3329,,,,,,,,,,,,,,,,,,,,,,,,,
,,,,,1733226143.0,4900.0,,,,4725632.0,3355,,,,,,,,,,,,,,,,,,,,,,,,,
,,,,,1733226164.0,7100.0,,,,4755200.0,3376,,,,,,,,,,,,,,,,,,,,,,,,,
,,,,,1733226211.0,3000.0,,,,4823936.0,3423,,,,,,,,,,,,,,,,,,,,,,,,,
0.01031250786036253,123.0,0.00025135651230812073,304.0,0.00872772466391325,1733226321.0,,0.0018035483080893755,11000.0,-0.030296428129076958,4980736.0,3533,-0.019309263676404953,0.16541935503482819,,0.0003,0.017197415232658386,0.0,4678.125,0.1708221435546875,11.67259407043457,0.6584826707839966,0.0,0.6481701731681824,0.0,2052.0,0.06296736747026443,-0.05273105204105377,-0.048491716384887695,1191.0703125,0.004239339381456375,2.3949735164642334,-0.07215385138988495,0.004755737259984016,0.004018365405499935,0.010354899801313877,1420.0
,,,,,1733226327.0,4300.0,,,,4992512.0,3539,,,,,,,,,,,,,,,,,,,,,,,,,
,,,,,1733226396.0,4400.0,,,,5092736.0,3608,,,,,,,,,,,,,,,,,,,,,,,,,
0.001123266527429223,124.0,0.0007089352002367377,317.0,0.009227065369486809,1733226468.0,,0.004280290566384792,14700.0,-0.02970188483595848,5193728.0,3680,-0.02031763829290867,0.15944761037826538,,0.0003,0.019296104088425636,0.0,5539.0625,0.122039794921875,11.587559938430786,0.6989903450012207,0.0,0.6978670358657837,0.0,2493.0,0.06551983952522278,0.0331144742667675,0.03205154091119766,1292.3359375,-0.0010629338212311268,2.3645830154418945,-0.06790948659181595,0.004266300704330206,0.0038732998073101044,0.0011126366443932056,1421.0
,,,,,1733226563.0,2600.0,,,,5331584.0,3775,,,,,,,,,,,,,,,,,,,,,,,,,
,,,,,1733226582.0,4400.0,,,,5358080.0,3794,,,,,,,,,,,,,,,,,,,,,,,,,
,,,,,1733226609.0,2600.0,,,,5396736.0,3821,,,,,,,,,,,,,,,,,,,,,,,,,
,,,,,1733226689.0,5600.0,,,,5506944.0,3901,,,,,,,,,,,,,,,,,,,,,,,,,
,,,,,1733226704.0,4800.0,,,,5531520.0,3916,,,,,,,,,,,,,,,,,,,,,,,,,
,,,,,1733226704.0,3200.0,,,,5532416.0,3916,,,,,,,,,,,,,,,,,,,,,,,,,
,,,,,1733226722.0,7100.0,,,,5555456.0,3934,,,,,,,,,,,,,,,,,,,,,,,,,
,,,,,1733226792.0,5200.0,,,,5655168.0,4004,,,,,,,,,,,,,,,,,,,,,,,,,
,,,,,1733226809.0,5800.0,,,,5678976.0,4021,,,,,,,,,,,,,,,,,,,,,,,,,
,,,,,1733226839.0,5600.0,,,,5721088.0,4051,,,,,,,,,,,,,,,,,,,,,,,,,
,,,,,1733226890.0,6800.0,,,,5795712.0,4102,,,,,,,,,,,,,,,,,,,,,,,,,
,,,,,1733226909.0,5100.0,,,,5822208.0,4121,,,,,,,,,,,,,,,,,,,,,,,,,
,,,,,1733226930.0,13800.0,,,,5850368.0,4142,,,,,,,,,,,,,,,,,,,,,,,,,
,,,,,1733226995.0,4200.0,,,,5942656.0,4207,,,,,,,,,,,,,,,,,,,,,,,,,
0.013296863064169884,125.0,0.001917789108119905,366.0,0.009145147167146206,1733227033.0,,0.003074025269597769,17000.0,-0.03283556550741196,5996544.0,4245,-0.02279788814485073,0.14146196842193604,,0.0003,0.016784191131591797,0.0,6590.625,0.1487274169921875,11.014492273330688,0.7050753831863403,0.0,0.6917784810066223,0.0,2455.0,0.0696280300617218,0.10506642609834671,0.11268669366836548,1358.25,0.007620275020599365,2.300234794616699,-0.07746725529432297,0.004922289401292801,0.0039199055172502995,0.013373066671192646,1421.0
,,,,,1733227041.0,8500.0,,,,6009856.0,4253,,,,,,,,,,,,,,,,,,,,,,,,,
,,,,,1733227042.0,5400.0,,,,6010880.0,4254,,,,,,,,,,,,,,,,,,,,,,,,,
,,,,,1733227097.0,3300.0,,,,6089600.0,4309,,,,,,,,,,,,,,,,,,,,,,,,,
,,,,,1733227115.0,4600.0,,,,6113920.0,4327,,,,,,,,,,,,,,,,,,,,,,,,,
,,,,,1733227140.0,5600.0,,,,6149760.0,4352,,,,,,,,,,,,,,,,,,,,,,,,,
0.008763490244746208,126.0,-0.0002369884605286643,378.0,0.010223151184618473,1733227171.0,,0.001772801741026342,18900.0,-0.033110544085502625,6193152.0,4383,-0.02417803555727005,0.13794732093811035,,0.0003,0.017964620143175125,0.0,6968.75,0.1411285400390625,10.557630777359009,0.7424496412277222,0.0,0.7336861491203308,0.0,2918.0,0.0696837306022644,-0.009867571294307709,-0.006170390173792839,1361.625,0.0036971853114664555,2.3026394844055176,-0.06830228865146637,0.004234381020069122,0.003906711470335722,0.008800461888313293,1421.0
,,,,,1733227191.0,14200.0,,,,6223232.0,4403,,,,,,,,,,,,,,,,,,,,,,,,,
0.009338811039924622,127.0,0.00023042538668960333,382.0,0.009243723936378956,1733227218.0,6700.0,0.0025203004479408264,19900.0,-0.03291488066315651,6258688.0,4430,-0.024054858833551407,0.13680315017700195,,0.0003,0.019041549414396286,0.0,7571.875,0.1672821044921875,11.647526741027832,0.7380458116531372,0.0,0.7287070751190186,0.0,2918.0,0.06885001063346863,-0.003542393445968628,0.007938958704471588,1431.875,0.011481350287795067,2.3002660274505615,-0.07107459008693695,0.004789222963154316,0.0038826579693704844,0.009453626349568367,1421.0
-0.0035672378726303577,127.0,0.0008632204262539744,385.0,0.012277774512767792,1733227253.0,,0.0008416457567363977,19900.0,-0.030340446159243584,6307840.0,4465,-0.023296169936656952,0.13595159351825714,,0.0003,0.0195547454059124,0.0,7667.1875,0.1812744140625,11.475475788116455,0.74076247215271,0.0,0.7443297505378723,0.0,2734.0,0.06961515545845032,0.007298579439520836,0.013059874065220356,1431.3046875,0.00576129462569952,2.296053886413574,-0.07080425322055817,0.0054315365850925446,0.003758915700018406,-0.003509624395519495,1421.0
,,,,,1733227258.0,5600.0,,,,6315904.0,4470,,,,,,,,,,,,,,,,,,,,,,,,,
,,,,,1733227349.0,8500.0,,,,6443648.0,4561,,,,,,,,,,,,,,,,,,,,,,,,,
,,,,,1733227378.0,8000.0,,,,6483968.0,4590,,,,,,,,,,,,,,,,,,,,,,,,,
,,,,,1733227551.0,8200.0,,,,6729088.0,4763,,,,,,,,,,,,,,,,,,,,,,,,,
,,,,,1733227560.0,11100.0,,,,6739456.0,4772,,,,,,,,,,,,,,,,,,,,,,,,,
,,,,,1733227584.0,8300.0,,,,6771840.0,4796,,,,,,,,,,,,,,,,,,,,,,,,,
0.016899660229682922,127.0,0.0011920013930648565,417.0,0.009334471076726913,1733227627.0,,0.0040895151905715466,20300.0,-0.031520187854766846,6832128.0,4839,-0.022510748356580734,0.12917982041835785,,0.0003,0.017152901738882065,0.0,7877.34375,0.153106689453125,11.953629493713379,0.7322385311126709,0.0,0.715338945388794,0.0,3035.0,0.07143251597881317,0.12662246823310852,0.12184149026870728,1411.6640625,-0.00478097191080451,2.2253127098083496,-0.07527700811624527,0.005121525377035141,0.004099945537745953,0.016851849853992462,1419.0
,,,,,1733227659.0,5400.0,,,,6879360.0,4871,,,,,,,,,,,,,,,,,,,,,,,,,
0.0022862101905047894,126.0,0.0011101453565061092,425.0,0.00854213535785675,1733227722.0,,0.007489392999559641,18600.0,-0.032912544906139374,6963200.0,4934,-0.02444038726389408,0.12713927030563354,,0.0003,0.018847959116101265,0.0,8419.53125,0.143524169921875,12.151330471038818,0.7214548587799072,0.0,0.7191686630249023,0.0,2949.0,0.06753472983837128,-0.01858491264283657,0.0028411904349923134,1457.0859375,0.02142610214650631,2.2167205810546875,-0.07146254181861877,0.004669519141316414,0.0036161437164992094,0.0025004702620208263,1419.0
0.006106626242399216,126.0,0.000614714459516108,426.0,0.007887854240834713,1733227734.0,,0.005884969606995583,18600.0,-0.030324673280119896,6979584.0,4946,-0.020253673195838928,0.126907080411911,,0.0003,0.01701359823346138,0.0,8285.15625,0.1733551025390625,12.013951778411865,0.724915087223053,0.0,0.7188084125518799,0.0,2835.0,0.06911689788103104,0.006406279280781746,0.01993170939385891,1427.4140625,0.013525431044399738,2.2521729469299316,-0.07118438184261322,0.005345665384083986,0.0036560145672410727,0.00624188082292676,1418.0
,,,,,1733227772.0,4600.0,,,,7035008.0,4984,,,,,,,,,,,,,,,,,,,,,,,,,
,,,,,1733227786.0,13700.0,,,,7055488.0,4998,,,,,,,,,,,,,,,,,,,,,,,,,
,,,,,1733227796.0,5700.0,,,,7069440.0,5008,,,,,,,,,,,,,,,,,,,,,,,,,
,,,,,1733227822.0,8800.0,,,,7105792.0,5034,,,,,,,,,,,,,,,,,,,,,,,,,
,,,,,1733227877.0,9400.0,,,,7182592.0,5089,,,,,,,,,,,,,,,,,,,,,,,,,
,,,,,1733227896.0,7100.0,,,,7205248.0,5108,,,,,,,,,,,,,,,,,,,,,,,,,
0.008912421762943268,126.0,8.610048098489642e-06,445.0,0.009002036415040493,1733227959.0,,0.004192636348307133,26000.0,-0.031814176589250565,7290880.0,5171,-0.022969763725996017,0.12295325845479965,,0.0003,0.017885342240333557,0.0,8516.40625,0.1467132568359375,12.109134435653687,0.7353779673576355,0.0,0.7264655828475952,0.0,3506.0,0.07162719964981079,0.040994688868522644,0.03062008135020733,1418.6875,-0.010374612174928188,2.2288100719451904,-0.06849148124456406,0.005342372693121433,0.0038347849622368813,0.008808674290776253,1417.0
,,,,,1733227959.0,6900.0,,,,7291392.0,5171,,,,,,,,,,,,,,,,,,,,,,,,,
,,,,,1733228096.0,17800.0,,,,7485312.0,5308,,,,,,,,,,,,,,,,,,,,,,,,,
,,,,,1733228106.0,12500.0,,,,7497984.0,5318,,,,,,,,,,,,,,,,,,,,,,,,,
,,,,,1733228156.0,7800.0,,,,7568256.0,5368,,,,,,,,,,,,,,,,,,,,,,,,,
,,,,,1733228189.0,18600.0,,,,7615488.0,5401,,,,,,,,,,,,,,,,,,,,,,,,,
,,,,,1733228209.0,8200.0,,,,7640448.0,5421,,,,,,,,,,,,,,,,,,,,,,,,,
,,,,,1733228456.0,18300.0,,,,7990656.0,5668,,,,,,,,,,,,,,,,,,,,,,,,,
,,,,,1733228489.0,16800.0,,,,8035840.0,5701,,,,,,,,,,,,,,,,,,,,,,,,,
,,,,,1733228497.0,26700.0,,,,8045952.0,5709,,,,,,,,,,,,,,,,,,,,,,,,,
,,,,,1733228545.0,15900.0,,,,8111488.0,5757,,,,,,,,,,,,,,,,,,,,,,,,,
,,,,,1733228683.0,2600.0,,,,8306304.0,5895,,,,,,,,,,,,,,,,,,,,,,,,,
,,,,,1733228703.0,12000.0,,,,8335872.0,5915,,,,,,,,,,,,,,,,,,,,,,,,,
,,,,,1733228786.0,15000.0,,,,8453760.0,5998,,,,,,,,,,,,,,,,,,,,,,,,,
,,,,,1733228815.0,18100.0,,,,8491136.0,6027,,,,,,,,,,,,,,,,,,,,,,,,,
,,,,,1733228909.0,8600.0,,,,8620800.0,6121,,,,,,,,,,,,,,,,,,,,,,,,,
,,,,,1733228948.0,9400.0,,,,8677632.0,6160,,,,,,,,,,,,,,,,,,,,,,,,,
,,,,,1733229125.0,9900.0,,,,8928128.0,6337,,,,,,,,,,,,,,,,,,,,,,,,,
-0.00012917350977659225,128.0,-0.001173430006019771,547.0,0.01188470609486103,1733229152.0,,0.00408098753541708,26100.0,-0.03099825605750084,8962048.0,6364,-0.024716505780816078,0.10799024254083633,,0.0003,0.017626769840717316,0.0,12366.40625,0.19561767578125,11.893603324890137,0.8282250165939331,0.0,0.8283541798591614,0.0,3212.0,0.07560782134532928,-0.03570089116692543,-0.04585526883602142,1732.5234375,-0.010154382325708866,2.1037485599517822,-0.07525883615016937,0.006668869871646166,0.0036053871735930443,-0.00023071793839335442,1414.0
,,,,,1733229184.0,15200.0,,,,9008384.0,6396,,,,,,,,,,,,,,,,,,,,,,,,,
,,,,,1733229203.0,10500.0,,,,9033856.0,6415,,,,,,,,,,,,,,,,,,,,,,,,,
,,,,,1733229207.0,11400.0,,,,9041536.0,6419,,,,,,,,,,,,,,,,,,,,,,,,,
,,,,,1733229212.0,15700.0,,,,9046528.0,6424,,,,,,,,,,,,,,,,,,,,,,,,,
,,,,,1733229248.0,24800.0,,,,9096832.0,6460,,,,,,,,,,,,,,,,,,,,,,,,,
,,,,,1733229290.0,11900.0,,,,9157632.0,6502,,,,,,,,,,,,,,,,,,,,,,,,,
,,,,,1733229346.0,15600.0,,,,9235200.0,6558,,,,,,,,,,,,,,,,,,,,,,,,,
,,,,,1733229415.0,17000.0,,,,9332352.0,6627,,,,,,,,,,,,,,,,,,,,,,,,,
0.006508985534310341,125.0,-0.00031818990828469396,579.0,0.009882323443889618,1733229528.0,,-0.0006195150199346244,35700.0,-0.03179335594177246,9486336.0,6740,-0.024956298992037773,0.10440976917743683,,0.0003,0.016477618366479874,0.0,13211.71875,0.202545166015625,11.62607479095459,0.789230465888977,0.0,0.7827214598655701,0.0,4085.0,0.07866249233484268,0.01388305053114891,0.007601186633110046,1782.3359375,-0.006281863898038864,2.0017027854919434,-0.07875557243824005,0.007147609256207943,0.0036897738464176655,0.006446166895329952,1413.0
,,,,,1733229576.0,3000.0,,,,9555712.0,6788,,,,,,,,,,,,,,,,,,,,,,,,,
0.012796331197023392,127.0,0.00013049266999587417,592.0,0.008093268610537052,1733229680.0,,0.004338857252150774,37100.0,-0.03410319983959198,9699328.0,6892,-0.027747973799705505,0.10319504886865616,,0.0003,0.01879386603832245,0.0,12940.625,0.1737518310546875,12.061228513717651,0.7977969646453857,0.0,0.7850006818771362,0.0,4328.0,0.07722011208534241,-0.019880162551999092,-0.01832110434770584,1734.84375,0.0015590577386319637,1.9798792600631714,-0.07116173207759857,0.006562938913702965,0.0037287273444235325,0.012811921536922455,1412.0
,,,,,1733229681.0,16800.0,,,,9700096.0,6893,,,,,,,,,,,,,,,,,,,,,,,,,
,,,,,1733229700.0,12400.0,,,,9729664.0,6912,,,,,,,,,,,,,,,,,,,,,,,,,
,,,,,1733229768.0,4200.0,,,,9825152.0,6980,,,,,,,,,,,,,,,,,,,,,,,,,
,,,,,1733229776.0,18100.0,,,,9833728.0,6988,,,,,,,,,,,,,,,,,,,,,,,,,
,,,,,1733229786.0,9100.0,,,,9848064.0,6998,,,,,,,,,,,,,,,,,,,,,,,,,
,,,,,1733229791.0,2000.0,,,,9857792.0,7003,,,,,,,,,,,,,,,,,,,,,,,,,
,,,,,1733229806.0,18400.0,,,,9877248.0,7018,,,,,,,,,,,,,,,,,,,,,,,,,
,,,,,1733229841.0,9800.0,,,,9924736.0,7053,,,,,,,,,,,,,,,,,,,,,,,,,
,,,,,1733229881.0,6400.0,,,,9980928.0,7093,,,,,,,,,,,,,,,,,,,,,,,,,
-0.0004819851601496339,127.0,0.0018022737931460142,613.0,0.01084135565906763,1733229926.0,,0.006410069763660431,32600.0,-0.03266991674900055,10043392.0,7138,-0.028097230941057205,0.10124586522579193,,0.0003,0.01948980614542961,0.0,14844.53125,0.18670654296875,11.726699352264404,0.8078165650367737,0.0,0.8082985877990723,0.0,3970.0,0.07480038702487946,0.09162228554487228,0.1055598109960556,1898.40625,0.013937520794570446,1.9738264083862305,-0.07630986720323563,0.006859665736556053,0.003442013170570135,-0.00034260947722941637,1412.0
,,,,,1733229932.0,17000.0,,,,10053632.0,7144,,,,,,,,,,,,,,,,,,,,,,,,,
,,,,,1733229934.0,24200.0,,,,10055424.0,7146,,,,,,,,,,,,,,,,,,,,,,,,,
,,,,,1733230004.0,19900.0,,,,10155904.0,7216,,,,,,,,,,,,,,,,,,,,,,,,,
,,,,,1733230100.0,17100.0,,,,10289920.0,7312,,,,,,,,,,,,,,,,,,,,,,,,,
,,,,,1733230115.0,13900.0,,,,10311552.0,7327,,,,,,,,,,,,,,,,,,,,,,,,,
,,,,,1733230156.0,7200.0,,,,10369408.0,7368,,,,,,,,,,,,,,,,,,,,,,,,,
0.0010855067521333694,127.0,-0.000899368489626795,634.0,0.009969329461455345,1733230172.0,,0.001096013467758894,44400.0,-0.033916909247636795,10387456.0,7384,-0.028277482837438583,0.09928325563669205,,0.0003,0.017306584864854813,0.0,14728.90625,0.190643310546875,13.161409854888916,0.8392441272735596,0.0,0.8381586074829102,0.0,4591.0,0.07611408829689026,-0.025288324803113937,-0.02827548235654831,1834.9140625,-0.0029871619772166014,1.9277384281158447,-0.0798206776380539,0.006847861688584089,0.003490427043288946,0.001055634580552578,1411.0
,,,,,1733230178.0,8400.0,,,,10396160.0,7390,,,,,,,,,,,,,,,,,,,,,,,,,
,,,,,1733230312.0,18900.0,,,,10580992.0,7524,,,,,,,,,,,,,,,,,,,,,,,,,
,,,,,1733230316.0,19900.0,,,,10584320.0,7528,,,,,,,,,,,,,,,,,,,,,,,,,
,,,,,1733230320.0,27500.0,,,,10592128.0,7532,,,,,,,,,,,,,,,,,,,,,,,,,
0.012520069256424904,127.0,-0.0004177486407570541,648.0,0.01011989451944828,1733230339.0,,0.003178214654326439,36200.0,-0.033099059015512466,10616832.0,7551,-0.027642466127872467,0.09783732146024704,,0.0003,0.016700610518455505,0.0,15342.1875,0.1721038818359375,12.085719108581543,0.8977853655815125,0.0,0.8852652907371521,0.0,3532.0,0.08114004880189896,0.0018991073593497276,-0.006211914122104645,1863.546875,-0.008111020550131798,1.8866844177246094,-0.07610677182674408,0.0057663694024086,0.003983001224696636,0.012438959442079067,1411.0
,,,,,1733230383.0,16300.0,,,,10679296.0,7595,,,,,,,,,,,,,,,,,,,,,,,,,
,,,,,1733230413.0,41900.0,,,,10719104.0,7625,,,,,,,,,,,,,,,,,,,,,,,,,
,,,,,1733230414.0,27600.0,,,,10719360.0,7626,,,,,,,,,,,,,,,,,,,,,,,,,
,,,,,1733230432.0,16700.0,,,,10746496.0,7644,,,,,,,,,,,,,,,,,,,,,,,,,
,,,,,1733230435.0,7000.0,,,,10748032.0,7647,,,,,,,,,,,,,,,,,,,,,,,,,
,,,,,1733230474.0,33700.0,,,,10797696.0,7686,,,,,,,,,,,,,,,,,,,,,,,,,
,,,,,1733230474.0,14500.0,,,,10798592.0,7686,,,,,,,,,,,,,,,,,,,,,,,,,
,,,,,1733230588.0,17000.0,,,,10952320.0,7800,,,,,,,,,,,,,,,,,,,,,,,,,
,,,,,1733230600.0,19300.0,,,,10968064.0,7812,,,,,,,,,,,,,,,,,,,,,,,,,
,,,,,1733230612.0,16200.0,,,,10983552.0,7824,,,,,,,,,,,,,,,,,,,,,,,,,
,,,,,1733230647.0,17400.0,,,,11031296.0,7859,,,,,,,,,,,,,,,,,,,,,,,,,
,,,,,1733230786.0,17400.0,,,,11221760.0,7998,,,,,,,,,,,,,,,,,,,,,,,,,
,,,,,1733230811.0,17400.0,,,,11255296.0,8023,,,,,,,,,,,,,,,,,,,,,,,,,
,,,,,1733230814.0,25500.0,,,,11257600.0,8026,,,,,,,,,,,,,,,,,,,,,,,,,
,,,,,1733230843.0,17200.0,,,,11300224.0,8055,,,,,,,,,,,,,,,,,,,,,,,,,
-0.0027586212381720543,125.0,-0.0002445197897031903,690.0,0.011317375116050243,1733230848.0,,-0.0002069561742246151,39300.0,-0.03340478986501694,11304960.0,8060,-0.027461374178528786,0.09398753941059113,,0.0003,0.015176447108387947,0.0,17596.09375,0.1595916748046875,11.620339632034302,0.8985428810119629,0.0,0.9013015627861023,0.0,4272.0,0.07538441568613052,-0.08199233561754227,-0.07831788808107376,2021.6796875,0.003674448002129793,1.9190326929092407,-0.07435193657875061,0.006299719214439392,0.0034706091973930597,-0.00272187776863575,1407.0
,,,,,1733230868.0,28100.0,,,,11333760.0,8080,,,,,,,,,,,,,,,,,,,,,,,,,
,,,,,1733230916.0,23900.0,,,,11399168.0,8128,,,,,,,,,,,,,,,,,,,,,,,,,
0.004866976290941238,127.0,8.269777754321694e-05,696.0,0.012406015768647194,1733230920.0,,0.002608355600386858,46600.0,-0.030088849365711212,11403264.0,8132,-0.026160260662436485,0.09360162168741226,,0.0003,0.017568251118063927,0.0,19103.125,0.1603851318359375,11.022512197494507,0.8826487064361572,0.0,0.8777817487716675,0.0,5040.0,0.07472085952758789,0.054356321692466736,0.04757934808731079,2178.6640625,-0.006776977796107531,1.8915722370147705,-0.07693561911582947,0.006498178467154503,0.0037877121940255165,0.004799206741154194,1406.0
,,,,,1733230972.0,16600.0,,,,11476352.0,8184,,,,,,,,,,,,,,,,,,,,,,,,,
,,,,,1733230998.0,9800.0,,,,11512832.0,8210,,,,,,,,,,,,,,,,,,,,,,,,,
,,,,,1733230999.0,18700.0,,,,11514496.0,8211,,,,,,,,,,,,,,,,,,,,,,,,,
,,,,,1733231060.0,29400.0,,,,11598848.0,8272,,,,,,,,,,,,,,,,,,,,,,,,,
,,,,,1733231067.0,37000.0,,,,11607296.0,8279,,,,,,,,,,,,,,,,,,,,,,,,,
,,,,,1733231078.0,15100.0,,,,11621760.0,8290,,,,,,,,,,,,,,,,,,,,,,,,,
,,,,,1733231142.0,35700.0,,,,11708160.0,8354,,,,,,,,,,,,,,,,,,,,,,,,,
,,,,,1733231228.0,13500.0,,,,11825408.0,8440,,,,,,,,,,,,,,,,,,,,,,,,,
,,,,,1733231254.0,19800.0,,,,11860992.0,8466,,,,,,,,,,,,,,,,,,,,,,,,,
,,,,,1733231298.0,22600.0,,,,11920384.0,8510,,,,,,,,,,,,,,,,,,,,,,,,,
,,,,,1733231302.0,27400.0,,,,11926144.0,8514,,,,,,,,,,,,,,,,,,,,,,,,,
,,,,,1733231313.0,15100.0,,,,11941376.0,8525,,,,,,,,,,,,,,,,,,,,,,,,,
,,,,,1733231417.0,17300.0,,,,12084480.0,8629,,,,,,,,,,,,,,,,,,,,,,,,,
-0.008446387015283108,128.0,-0.0007079722126945853,744.0,0.014187704771757126,1733231494.0,,0.0017988048493862152,46900.0,-0.03206314146518707,12189696.0,8706,-0.028197169303894043,0.0909450501203537,,0.0003,0.015259727835655212,0.0,17926.5625,0.1982879638671875,10.447926759719849,0.8988445997238159,0.0,0.907291054725647,0.0,4508.0,0.08445928990840912,-0.037290677428245544,-0.03376973420381546,2057.34375,0.003520939964801073,1.858968734741211,-0.07991177588701248,0.007017697207629681,0.0036635578144341707,-0.008411177434027195,1404.0
,,,,,1733231512.0,13200.0,,,,12216576.0,8724,,,,,,,,,,,,,,,,,,,,,,,,,
,,,,,1733231545.0,16600.0,,,,12264448.0,8757,,,,,,,,,,,,,,,,,,,,,,,,,
,,,,,1733231689.0,26600.0,,,,12468096.0,8901,,,,,,,,,,,,,,,,,,,,,,,,,
0.006509642582386732,126.0,-8.465864812023938e-05,776.0,0.009975915774703026,1733231867.0,,0.0034256784711033106,52500.0,-0.034548986703157425,12713984.0,9079,-0.02873840555548668,0.08932866901159286,,0.0003,0.015737492591142654,0.0,21233.59375,0.164276123046875,11.919029474258423,0.9003716707229614,0.0,0.8938619494438171,0.0,5137.0,0.09110504388809204,-0.003977127373218536,0.0054557062685489655,2319.34375,0.009432833641767502,1.8667285442352295,-0.0827500969171524,0.006422264967113733,0.003658419009298086,0.006603970192372799,1404.0
,,,,,1733231929.0,12700.0,,,,12803200.0,9141,,,,,,,,,,,,,,,,,,,,,,,,,
,,,,,1733231957.0,35900.0,,,,12844416.0,9169,,,,,,,,,,,,,,,,,,,,,,,,,
-0.00525174755603075,125.0,0.00035316217690706253,784.0,0.011076342314481735,1733231960.0,,-0.0020882771350443363,44700.0,-0.03551100194454193,12845056.0,9172,-0.029329514130949974,0.08895761519670486,,0.0003,0.015114433132112026,0.0,21528.90625,0.15924072265625,11.894502401351929,0.8772894144058228,0.0,0.8825411200523376,0.0,4663.0,0.07895761728286743,0.03808814287185669,0.0328483060002327,2347.5078125,-0.0052398378029465675,1.9276875257492065,-0.08073075860738754,0.006520090624690056,0.003350027371197939,-0.005304146092385054,1404.0
,,,,,1733232005.0,8000.0,,,,12911488.0,9217,,,,,,,,,,,,,,,,,,,,,,,,,
,,,,,1733232258.0,24300.0,,,,13266176.0,9470,,,,,,,,,,,,,,,,,,,,,,,,,
,,,,,1733232276.0,38600.0,,,,13291136.0,9488,,,,,,,,,,,,,,,,,,,,,,,,,
,,,,,1733232318.0,11200.0,,,,13352064.0,9530,,,,,,,,,,,,,,,,,,,,,,,,,
,,,,,1733232337.0,8700.0,,,,13376128.0,9549,,,,,,,,,,,,,,,,,,,,,,,,,
,,,,,1733232345.0,18600.0,,,,13388032.0,9557,,,,,,,,,,,,,,,,,,,,,,,,,
,,,,,1733232523.0,10400.0,,,,13634304.0,9735,,,,,,,,,,,,,,,,,,,,,,,,,
,,,,,1733232534.0,20500.0,,,,13649408.0,9746,,,,,,,,,,,,,,,,,,,,,,,,,
,,,,,1733232551.0,24100.0,,,,13674624.0,9763,,,,,,,,,,,,,,,,,,,,,,,,,
-0.0037734131328761578,127.0,0.0007865967927500606,841.0,0.012050008401274681,1733232628.0,,0.0004495354078244418,45100.0,-0.03238943964242935,13778944.0,9840,-0.028224214911460876,0.08721610903739929,,0.0003,0.017017213627696037,0.0,21817.1875,0.181549072265625,12.106762409210205,0.9141312837600708,0.0,0.9179047346115112,0.0,4993.0,0.07816877961158752,0.04307433217763901,0.050641752779483795,2421.8125,0.007567425724118948,1.8698837757110596,-0.08350591361522675,0.006883600726723671,0.0035080211237072945,-0.003697737120091915,1404.0
,,,,,1733232692.0,14900.0,,,,13869440.0,9904,,,,,,,,,,,,,,,,,,,,,,,,,
,,,,,1733232736.0,8300.0,,,,13928704.0,9948,,,,,,,,,,,,,,,,,,,,,,,,,
,,,,,1733232764.0,6700.0,,,,13969536.0,9976,,,,,,,,,,,,,,,,,,,,,,,,,
0.00833280198276043,128.0,-0.00027225338271819055,861.0,0.010214741341769695,1733232864.0,,0.002178782131522894,50900.0,-0.03147079050540924,14106624.0,10076,-0.026607178151607513,0.08681146055459976,,0.0003,0.017730407416820526,0.0,20685.9375,0.19317626953125,12.041175603866577,0.9261962175369263,0.0,0.9178634285926819,0.0,5146.0,0.08317894488573074,0.01561097800731659,-0.0007582809776067734,2290.4375,-0.01636926829814911,1.8836183547973633,-0.0776556059718132,0.007426545489579439,0.0034917450975626707,0.008169109001755714,1403.0
,,,,,1733232884.0,15500.0,,,,14135424.0,10096,,,,,,,,,,,,,,,,,,,,,,,,,
,,,,,1733232955.0,18300.0,,,,14235520.0,10167,,,,,,,,,,,,,,,,,,,,,,,,,
,,,,,1733232986.0,18200.0,,,,14278272.0,10198,,,,,,,,,,,,,,,,,,,,,,,,,
,,,,,1733233053.0,33600.0,,,,14372608.0,10265,,,,,,,,,,,,,,,,,,,,,,,,,
,,,,,1733233055.0,8100.0,,,,14376064.0,10267,,,,,,,,,,,,,,,,,,,,,,,,,
,,,,,1733233063.0,16000.0,,,,14386048.0,10275,,,,,,,,,,,,,,,,,,,,,,,,,
,,,,,1733233070.0,9300.0,,,,14398080.0,10282,,,,,,,,,,,,,,,,,,,,,,,,,
,,,,,1733233122.0,51900.0,,,,14468096.0,10334,,,,,,,,,,,,,,,,,,,,,,,,,
,,,,,1733233252.0,33700.0,,,,14650496.0,10464,,,,,,,,,,,,,,,,,,,,,,,,,
,,,,,1733233417.0,19600.0,,,,14884096.0,10629,,,,,,,,,,,,,,,,,,,,,,,,,
,,,,,1733233467.0,18900.0,,,,14952704.0,10679,,,,,,,,,,,,,,,,,,,,,,,,,
,,,,,1733233479.0,36800.0,,,,14969216.0,10691,,,,,,,,,,,,,,,,,,,,,,,,,
,,,,,1733233525.0,31100.0,,,,15035008.0,10737,,,,,,,,,,,,,,,,,,,,,,,,,
-0.008320081047713757,128.0,0.0023344310466200113,920.0,0.01182783767580986,1733233554.0,,0.001401708577759564,52500.0,-0.031006846576929092,15073280.0,10766,-0.02817225642502308,0.08601903915405273,,0.0003,0.019397156313061714,0.0,24503.125,0.1663970947265625,11.994672536849976,0.9157155752182007,0.0,0.9240356683731079,0.0,5185.0,0.08026635646820068,0.152796670794487,0.15011635422706604,2671.4765625,-0.0026803351938724518,1.844708800315857,-0.081699900329113,0.007713796570897102,0.003349618287757039,-0.00834688451141119,1403.0
,,,,,1733233586.0,22000.0,,,,15120768.0,10798,,,,,,,,,,,,,,,,,,,,,,,,,
,,,,,1733233711.0,16900.0,,,,15294336.0,10923,,,,,,,,,,,,,,,,,,,,,,,,,
,,,,,1733233730.0,19400.0,,,,15319936.0,10942,,,,,,,,,,,,,,,,,,,,,,,,,
,,,,,1733233736.0,21500.0,,,,15329408.0,10948,,,,,,,,,,,,,,,,,,,,,,,,,
,,,,,1733233760.0,52900.0,,,,15363072.0,10972,,,,,,,,,,,,,,,,,,,,,,,,,
,,,,,1733233841.0,28600.0,,,,15476352.0,11053,,,,,,,,,,,,,,,,,,,,,,,,,
,,,,,1733233909.0,16700.0,,,,15570816.0,11121,,,,,,,,,,,,,,,,,,,,,,,,,
,,,,,1733233930.0,40600.0,,,,15598336.0,11142,,,,,,,,,,,,,,,,,,,,,,,,,
,,,,,1733233989.0,18100.0,,,,15682048.0,11201,,,,,,,,,,,,,,,,,,,,,,,,,
0.00020067190052941442,127.0,0.000709687767084688,958.0,0.011023314669728279,1733234000.0,,0.0008187205530703068,49200.0,-0.02997119352221489,15695872.0,11212,-0.028009099885821342,0.08556303381919861,,0.0003,0.02144143357872963,0.0,25103.90625,0.162628173828125,11.96476674079895,0.9561848044395447,0.0,0.9559841156005859,0.0,4801.0,0.07582589238882065,0.10988524556159973,0.10403601825237274,2679.3828125,-0.005849224049597979,1.8194469213485718,-0.08625812083482742,0.006327151320874691,0.0034206414129585028,0.0001421802444383502,1403.0
,,,,,1733234042.0,38400.0,,,,15757056.0,11254,,,,,,,,,,,,,,,,,,,,,,,,,
,,,,,1733234062.0,29000.0,,,,15784832.0,11274,,,,,,,,,,,,,,,,,,,,,,,,,
0.01023334264755249,128.0,0.00035237905103713274,965.0,0.009681951254606247,1733234082.0,,0.0023919222876429558,48800.0,-0.02935386635363102,15810560.0,11294,-0.026655150577425957,0.08551479130983353,,0.0003,0.020524412393569946,0.0,24783.59375,0.1665496826171875,11.799602270126343,0.969585657119751,0.0,0.9593523740768433,0.0,4809.0,0.07817472517490387,0.01911868155002594,0.01907900720834732,2648.1015625,-3.9661768823862076e-05,1.7801899909973145,-0.07953226566314697,0.007482066750526428,0.0036535863764584064,0.010232944041490555,1403.0
,,,,,1733234299.0,16800.0,,,,16115840.0,11511,,,,,,,,,,,,,,,,,,,,,,,,,
,,,,,1733234486.0,17700.0,,,,16379392.0,11698,,,,,,,,,,,,,,,,,,,,,,,,,
,,,,,1733234644.0,24400.0,,,,16602240.0,11856,,,,,,,,,,,,,,,,,,,,,,,,,
,,,,,1733234684.0,33600.0,,,,16659840.0,11896,,,,,,,,,,,,,,,,,,,,,,,,,
,,,,,1733234732.0,30600.0,,,,16725504.0,11944,,,,,,,,,,,,,,,,,,,,,,,,,
,,,,,1733234967.0,36300.0,,,,17054592.0,12179,,,,,,,,,,,,,,,,,,,,,,,,,
,,,,,1733234973.0,19900.0,,,,17061760.0,12185,,,,,,,,,,,,,,,,,,,,,,,,,
,,,,,1733234979.0,37300.0,,,,17070848.0,12191,,,,,,,,,,,,,,,,,,,,,,,,,
,,,,,1733235116.0,36000.0,,,,17260672.0,12328,,,,,,,,,,,,,,,,,,,,,,,,,
,,,,,1733235231.0,9400.0,,,,17423232.0,12443,,,,,,,,,,,,,,,,,,,,,,,,,
,,,,,1733235263.0,52200.0,,,,17465600.0,12475,,,,,,,,,,,,,,,,,,,,,,,,,
,,,,,1733235459.0,25200.0,,,,17744256.0,12671,,,,,,,,,,,,,,,,,,,,,,,,,
,,,,,1733235504.0,53400.0,,,,17808768.0,12716,,,,,,,,,,,,,,,,,,,,,,,,,
0.00043152342550456524,128.0,-0.00282650557346642,1096.0,0.011466719210147858,1733235609.0,,0.0028949198313057423,54200.0,-0.03146669641137123,17956864.0,12821,-0.027993809431791306,0.08472450077533722,,0.0003,0.016092568635940552,0.0,29004.6875,0.1696319580078125,10.675435066223145,0.9627840518951416,0.0,0.9623525142669678,0.0,5815.0,0.07315037399530411,-0.1390782594680786,-0.1634642481803894,2995.1640625,-0.024385984987020493,1.7252533435821533,-0.07851413637399673,0.008300913497805595,0.0035525960847735405,0.0001876631285995245,1403.0
,,,,,1733235624.0,34700.0,,,,17978240.0,12836,,,,,,,,,,,,,,,,,,,,,,,,,
,,,,,1733235666.0,30700.0,,,,18038144.0,12878,,,,,,,,,,,,,,,,,,,,,,,,,
0.009027114138007164,127.0,-0.0006472541717812419,1101.0,0.009691842831671238,1733235668.0,,0.00036477181129157543,54200.0,-0.02858373522758484,18038784.0,12880,-0.02483374811708927,0.08468326181173325,,0.0003,0.01694501005113125,0.0,27855.46875,0.1715850830078125,11.886673212051392,1.0027129650115967,0.0,0.9936859607696533,0.0,5722.0,0.07418880611658096,-0.05205896869301796,-0.04853422939777374,2879.71875,0.0035247355699539185,1.7068414688110352,-0.07222208380699158,0.008215413428843021,0.003550866851583123,0.009062361903488636,1403.0
,,,,,1733235721.0,28200.0,,,,18116224.0,12933,,,,,,,,,,,,,,,,,,,,,,,,,
-0.005449885502457619,128.0,0.0003142863279208541,1121.0,0.014804834499955177,1733235899.0,,0.004859824199229479,54300.0,-0.02792411856353283,18366464.0,13111,-0.027808135375380516,0.08454660326242447,,0.0003,0.01937255449593067,0.0,29013.28125,0.1836395263671875,11.87117314338684,0.9852601289749146,0.0,0.9907100200653076,0.0,6001.0,0.08119799941778183,-0.006088629364967346,0.0003684982657432556,2947.34375,0.0064571332186460495,1.7204678058624268,-0.08097126334905624,0.00862474087625742,0.003550296649336815,-0.0053853136487305164,1403.0
,,,,,1733235942.0,41700.0,,,,18431232.0,13154,,,,,,,,,,,,,,,,,,,,,,,,,
,,,,,1733235960.0,28300.0,,,,18456448.0,13172,,,,,,,,,,,,,,,,,,,,,,,,,
,,,,,1733236034.0,19500.0,,,,18560640.0,13246,,,,,,,,,,,,,,,,,,,,,,,,,
,,,,,1733236135.0,9600.0,,,,18698496.0,13347,,,,,,,,,,,,,,,,,,,,,,,,,
-0.007938386872410774,126.0,-3.1463103368878365e-05,1145.0,0.01406779419630766,1733236180.0,,-0.0016960842767730355,53200.0,-0.028327975422143936,18759680.0,13392,-0.02679315209388733,0.08440154790878296,,0.0003,0.01750999502837658,0.0,30433.59375,0.180511474609375,10.552717208862305,1.0019174814224243,0.0,1.0098557472229004,0.0,5507.0,0.0716523751616478,0.05618351697921753,0.056363701820373535,3072.875,0.00018017925322055817,1.7323715686798096,-0.07709915935993195,0.007614409551024437,0.0033948132768273354,-0.007936585694551468,1403.0
,,,,,1733236220.0,34300.0,,,,18816128.0,13432,,,,,,,,,,,,,,,,,,,,,,,,,
,,,,,1733236228.0,17300.0,,,,18826240.0,13440,,,,,,,,,,,,,,,,,,,,,,,,,
0.004416723735630512,127.0,-0.0017128440085798502,1156.0,0.011653798632323742,1733236311.0,,0.002290416043251753,55600.0,-0.03040268085896969,18939904.0,13523,-0.02717634104192257,0.08437150716781616,,0.0003,0.01609763503074646,0.0,30235.15625,0.17218017578125,12.025531768798828,1.019466519355774,0.0,1.0150498151779175,0.0,5890.0,0.07260590046644211,-0.09147991240024567,-0.09719327092170715,3041.0,-0.005713356658816338,1.7102057933807373,-0.07196545600891113,0.007872303947806358,0.00366653548553586,0.0043595898896455765,1403.0
,,,,,1733236315.0,24300.0,,,,18948096.0,13527,,,,,,,,,,,,,,,,,,,,,,,,,
,,,,,1733236356.0,37500.0,,,,19005056.0,13568,,,,,,,,,,,,,,,,,,,,,,,,,
,,,,,1733236408.0,34100.0,,,,19074304.0,13620,,,,,,,,,,,,,,,,,,,,,,,,,
,,,,,1733236505.0,36400.0,,,,19208448.0,13717,,,,,,,,,,,,,,,,,,,,,,,,,
,,,,,1733236813.0,28700.0,,,,19632256.0,14025,,,,,,,,,,,,,,,,,,,,,,,,,
,,,,,1733236827.0,25500.0,,,,19652096.0,14039,,,,,,,,,,,,,,,,,,,,,,,,,
,,,,,1733236956.0,27500.0,,,,19831680.0,14168,,,,,,,,,,,,,,,,,,,,,,,,,
,,,,,1733236962.0,12000.0,,,,19840768.0,14174,,,,,,,,,,,,,,,,,,,,,,,,,
,,,,,1733237225.0,45900.0,,,,20201856.0,14437,,,,,,,,,,,,,,,,,,,,,,,,,
,,,,,1733237249.0,44200.0,,,,20235776.0,14461,,,,,,,,,,,,,,,,,,,,,,,,,
0.007007574196904898,128.0,-0.0020594079978764057,1238.0,0.010885009542107582,1733237283.0,,0.0016207847511395812,56100.0,-0.031104590743780136,20283392.0,14495,-0.02743711695075035,0.0841929018497467,,0.0003,0.01693396084010601,0.0,30653.125,0.160614013671875,11.910146236419678,1.1085315942764282,0.0,1.1015238761901855,0.0,6221.0,0.06559735536575317,-0.07883019000291824,-0.09401310980319977,3075.6328125,-0.015182927250862122,1.7576961517333984,-0.07250607758760452,0.008013882674276829,0.0036176638677716255,0.006855745334178209,1401.0
,,,,,1733237295.0,26900.0,,,,20300416.0,14507,,,,,,,,,,,,,,,,,,,,,,,,,
,,,,,1733237304.0,52000.0,,,,20313600.0,14516,,,,,,,,,,,,,,,,,,,,,,,,,
,,,,,1733237510.0,14900.0,,,,20594944.0,14722,,,,,,,,,,,,,,,,,,,,,,,,,
,,,,,1733237566.0,19200.0,,,,20674560.0,14778,,,,,,,,,,,,,,,,,,,,,,,,,
,,,,,1733237596.0,51300.0,,,,20713984.0,14808,,,,,,,,,,,,,,,,,,,,,,,,,
,,,,,1733237681.0,38400.0,,,,20832256.0,14893,,,,,,,,,,,,,,,,,,,,,,,,,
,,,,,1733237807.0,51400.0,,,,21004416.0,15019,,,,,,,,,,,,,,,,,,,,,,,,,
,,,,,1733237935.0,23700.0,,,,21180800.0,15147,,,,,,,,,,,,,,,,,,,,,,,,,
0.010462269186973572,126.0,-0.001130799064412713,1295.0,0.010280398651957512,1733237963.0,,0.0034361016005277634,55300.0,-0.02898973599076271,21217280.0,15175,-0.02664443850517273,0.08421321958303452,,0.0003,0.020012464374303818,0.0,35243.75,0.1853790283203125,12.172158241271973,1.0736347436904907,0.0,1.0631725788116455,0.0,5908.0,0.06938422471284866,-0.0625748410820961,-0.06099584698677063,3499.5,0.001579005504027009,1.7491729259490967,-0.07842020690441132,0.00822423491626978,0.003705916227772832,0.010478058829903603,1400.0
,,,,,1733238030.0,25900.0,,,,21312768.0,15242,,,,,,,,,,,,,,,,,,,,,,,,,
,,,,,1733238171.0,25100.0,,,,21505280.0,15383,,,,,,,,,,,,,,,,,,,,,,,,,
,,,,,1733238191.0,35100.0,,,,21531776.0,15403,,,,,,,,,,,,,,,,,,,,,,,,,
,,,,,1733238310.0,41100.0,,,,21697408.0,15522,,,,,,,,,,,,,,,,,,,,,,,,,
,,,,,1733238347.0,38800.0,,,,21748096.0,15559,,,,,,,,,,,,,,,,,,,,,,,,,
,,,,,1733238483.0,51900.0,,,,21937024.0,15695,,,,,,,,,,,,,,,,,,,,,,,,,
,,,,,1733238692.0,44900.0,,,,22225024.0,15904,,,,,,,,,,,,,,,,,,,,,,,,,
,,,,,1733238780.0,22400.0,,,,22345088.0,15992,,,,,,,,,,,,,,,,,,,,,,,,,
,,,,,1733238838.0,26900.0,,,,22422784.0,16050,,,,,,,,,,,,,,,,,,,,,,,,,
0.001582686323672533,126.0,0.0014001093804836273,1377.0,0.011765184812247753,1733238939.0,,-0.000608994101639837,55300.0,-0.02966281957924366,22560768.0,16151,-0.02676907368004322,0.08459936082363129,,0.0003,0.017156878486275673,0.0,34421.09375,0.1618194580078125,12.261525869369507,1.0935871601104736,0.0,1.0920045375823975,0.0,6270.0,0.07437372952699661,0.1491674929857254,0.13108178973197937,3454.4296875,-0.018085705116391182,1.7354778051376343,-0.07062181830406189,0.007689358666539192,0.0034389144275337458,0.0014018299989402294,1399.0
,,,,,1733238977.0,51200.0,,,,22613120.0,16189,,,,,,,,,,,,,,,,,,,,,,,,,
,,,,,1733239014.0,45600.0,,,,22664960.0,16226,,,,,,,,,,,,,,,,,,,,,,,,,
,,,,,1733239382.0,17500.0,,,,23164800.0,16594,,,,,,,,,,,,,,,,,,,,,,,,,
,,,,,1733239427.0,25200.0,,,,23224960.0,16639,,,,,,,,,,,,,,,,,,,,,,,,,
,,,,,1733239461.0,19400.0,,,,23271808.0,16673,,,,,,,,,,,,,,,,,,,,,,,,,
,,,,,1733239726.0,49100.0,,,,23634432.0,16938,,,,,,,,,,,,,,,,,,,,,,,,,
,,,,,1733239734.0,51200.0,,,,23647488.0,16946,,,,,,,,,,,,,,,,,,,,,,,,,
-0.005576069001108408,128.0,-0.0008748091058805585,1444.0,0.014247200451791286,1733239744.0,,0.0013585877604782581,54700.0,-0.028650568798184395,23658496.0,16956,-0.026084769517183304,0.08519800752401352,,0.0003,0.017026444897055626,0.0,33568.75,0.1668701171875,12.170803308486938,1.1072416305541992,0.0,1.1128177642822266,0.0,5834.0,0.06751107424497604,-0.07086712121963501,-0.06679858267307281,3451.0390625,0.0040685394778847694,1.8202624320983887,-0.07144065946340561,0.007331959903240204,0.0035412502475082874,-0.005535383243113756,1397.0
,,,,,1733240273.0,26800.0,,,,24387456.0,17485,,,,,,,,,,,,,,,,,,,,,,,,,
,,,,,1733240498.0,54100.0,,,,24696320.0,17710,,,,,,,,,,,,,,,,,,,,,,,,,
,,,,,1733240524.0,43600.0,,,,24732544.0,17736,,,,,,,,,,,,,,,,,,,,,,,,,
,,,,,1733240585.0,28100.0,,,,24816512.0,17797,,,,,,,,,,,,,,,,,,,,,,,,,
,,,,,1733240600.0,12400.0,,,,24837504.0,17812,,,,,,,,,,,,,,,,,,,,,,,,,
,,,,,1733240932.0,34300.0,,,,25293824.0,18144,,,,,,,,,,,,,,,,,,,,,,,,,
,,,,,1733240990.0,28400.0,,,,25371648.0,18202,,,,,,,,,,,,,,,,,,,,,,,,,
,,,,,1733241150.0,48700.0,,,,25591552.0,18362,,,,,,,,,,,,,,,,,,,,,,,,,
-0.004399111028760672,124.0,0.0008608903735876083,1562.0,0.012970995157957077,1733241152.0,54400.0,-7.341621676459908e-05,54600.0,-0.03187812119722366,25591808.0,18364,-0.028194857761263847,0.08628743886947632,,0.0003,0.015620789490640163,0.0,37553.90625,0.1680145263671875,12.302766799926758,1.1018667221069336,0.0,1.106265902519226,0.0,5833.0,0.0705350786447525,0.005632446147501469,0.016938839107751846,3767.6484375,0.011306394822895527,1.7979158163070679,-0.07021790742874146,0.007740766275674105,0.003602331969887018,-0.004286047071218491,1395.0
,,,,,1733241251.0,39600.0,,,,25728128.0,18463,,,,,,,,,,,,,,,,,,,,,,,,,
,,,,,1733241256.0,52500.0,,,,25735040.0,18468,,,,,,,,,,,,,,,,,,,,,,,,,
,,,,,1733241347.0,18000.0,,,,25859968.0,18559,,,,,,,,,,,,,,,,,,,,,,,,,
,,,,,1733241350.0,43700.0,,,,25863936.0,18562,,,,,,,,,,,,,,,,,,,,,,,,,
,,,,,1733241410.0,7800.0,,,,25946752.0,18622,,,,,,,,,,,,,,,,,,,,,,,,,
,,,,,1733241441.0,6800.0,,,,25986816.0,18653,,,,,,,,,,,,,,,,,,,,,,,,,
,,,,,1733241465.0,35100.0,,,,26017920.0,18677,,,,,,,,,,,,,,,,,,,,,,,,,
,,,,,1733241553.0,23600.0,,,,26139904.0,18765,,,,,,,,,,,,,,,,,,,,,,,,,
,,,,,1733241616.0,50800.0,,,,26227584.0,18828,,,,,,,,,,,,,,,,,,,,,,,,,
,,,,,1733241642.0,53600.0,,,,26261504.0,18854,,,,,,,,,,,,,,,,,,,,,,,,,
,,,,,1733241670.0,4600.0,,,,26297472.0,18882,,,,,,,,,,,,,,,,,,,,,,,,,
,,,,,1733241712.0,16900.0,,,,26355840.0,18924,,,,,,,,,,,,,,,,,,,,,,,,,
,,,,,1733241802.0,37600.0,,,,26477824.0,19014,,,,,,,,,,,,,,,,,,,,,,,,,
,,,,,1733241822.0,52000.0,,,,26506624.0,19034,,,,,,,,,,,,,,,,,,,,,,,,,
,,,,,1733241835.0,27300.0,,,,26525568.0,19047,,,,,,,,,,,,,,,,,,,,,,,,,
0.0035610138438642025,125.0,-0.00023139495169743896,1625.0,0.012300210073590279,1733241910.0,,0.005532034672796726,56200.0,-0.031719714403152466,26624000.0,19122,-0.026743443682789803,0.08701964467763901,,0.0003,0.013129472732543945,0.0,35646.875,0.19598388671875,10.951083421707153,1.1170990467071533,0.0,1.1135380268096924,0.0,6183.0,0.06295981258153915,-0.021663762629032135,-0.019665539264678955,3682.53125,0.0019982175435870886,1.7691112756729126,-0.06223948672413826,0.00899277813732624,0.003680701367557049,0.0035809956025332212,1394.0
,,,,,1733241928.0,36500.0,,,,26651008.0,19140,,,,,,,,,,,,,,,,,,,,,,,,,
,,,,,1733242013.0,17000.0,,,,26765440.0,19225,,,,,,,,,,,,,,,,,,,,,,,,,
,,,,,1733242069.0,53700.0,,,,26842368.0,19281,,,,,,,,,,,,,,,,,,,,,,,,,
,,,,,1733242166.0,27400.0,,,,26971648.0,19378,,,,,,,,,,,,,,,,,,,,,,,,,
,,,,,1733242205.0,44300.0,,,,27025664.0,19417,,,,,,,,,,,,,,,,,,,,,,,,,
,,,,,1733242314.0,25900.0,,,,27173376.0,19526,,,,,,,,,,,,,,,,,,,,,,,,,
,,,,,1733242443.0,38900.0,,,,27347456.0,19655,,,,,,,,,,,,,,,,,,,,,,,,,
,,,,,1733242481.0,46600.0,,,,27400960.0,19693,,,,,,,,,,,,,,,,,,,,,,,,,
,,,,,1733242535.0,39900.0,,,,27474688.0,19747,,,,,,,,,,,,,,,,,,,,,,,,,
,,,,,1733242577.0,15700.0,,,,27532416.0,19789,,,,,,,,,,,,,,,,,,,,,,,,,
-0.004552594386041164,128.0,0.0008933760691434145,1682.0,0.015347739681601524,1733242595.0,,0.0012889360077679157,54500.0,-0.02757185697555542,27557888.0,19807,-0.025656912475824356,0.08763346076011658,,0.0003,0.01718367077410221,0.0,37306.25,0.1842193603515625,11.62560510635376,1.1654244661331177,0.0,1.169977068901062,0.0,6431.0,0.0626336932182312,0.07116235047578812,0.07074762880802155,3817.578125,-0.00041471654549241066,1.8180651664733887,-0.06736551970243454,0.009508820250630379,0.003626433666795492,-0.004556741565465927,1393.0
0.0026058547664433718,127.0,0.0004668544279411435,1685.0,0.012628464959561825,1733242632.0,,0.0010644288267940283,54500.0,-0.02960216999053955,27607040.0,19844,-0.025896742939949036,0.08767031133174896,,0.0003,0.016890287399291992,0.0,36788.28125,0.1913909912109375,12.098641395568848,1.1726844310760498,0.0,1.1700785160064697,0.0,6431.0,0.0700153335928917,0.07023156434297562,0.06815145909786224,3776.3359375,-0.00208011781796813,1.846480369567871,-0.06700702756643295,0.008837917819619179,0.003638660069555044,0.002585053676739335,1393.0
,,,,,1733242709.0,52000.0,,,,27713792.0,19921,,,,,,,,,,,,,,,,,,,,,,,,,
,,,,,1733242786.0,44500.0,,,,27820672.0,19998,,,,,,,,,,,,,,,,,,,,,,,,,
0.00399860180914402,128.0,0.00017738895257934928,1700.0,0.010677813552320004,1733242809.0,,0.002880277344956994,54500.0,-0.03323615714907646,27852800.0,20021,-0.02853451482951641,0.08785463124513626,"{'packedBins': {'min': 4400, 'size': 782.8125, 'count': 64}, '_type': 'histogram', 'values': [1, 0, 0, 1, 0, 0, 0, 0, 0, 0, 1, 1, 0, 1, 1, 2, 0, 0, 2, 3, 1, 0, 0, 1, 1, 2, 2, 1, 2, 0, 5, 6, 1, 1, 0, 1, 1, 0, 9, 3, 3, 5, 4, 3, 8, 2, 3, 2, 2, 2, 1, 5, 3, 4, 2, 3, 2, 1, 0, 4, 8, 2, 4, 5]}",0.0003,0.017697088420391083,0.0,37568.75,0.175506591796875,11.98263669013977,1.1540615558624268,0.0,1.1500627994537354,0.0,6010.0,0.06627559661865234,-0.01457592099905014,-0.008847877383232117,3890.1796875,0.005728041287511587,1.8889094591140747,-0.06785982847213745,0.008369519375264645,0.0036409483291208744,0.0040558818727731705,1393.0
,,,,,1733242908.0,52500.0,,,,27988096.0,20120,,,,,,,,,,,,,,,,,,,,,,,,,
,,,,,1733242914.0,51600.0,,,,28000128.0,20126,,,,,,,,,,,,,,,,,,,,,,,,,
,,,,,1733242925.0,33800.0,,,,28013056.0,20137,,,,,,,,,,,,,,,,,,,,,,,,,
,,,,,1733243058.0,27300.0,,,,28191360.0,20270,,,,,,,,,,,,,,,,,,,,,,,,,
,,,,,1733243085.0,39000.0,,,,28228992.0,20297,,,,,,,,,,,,,,,,,,,,,,,,,
0.012699698098003864,127.0,0.0011070363689213991,1723.0,0.01057051494717598,1733243087.0,,-0.0027016650419682264,55300.0,-0.0318961963057518,28229632.0,20299,-0.027200371026992798,0.0881054699420929,,0.0003,0.0176827572286129,0.0,36685.15625,0.1785430908203125,12.108497619628906,1.1199431419372559,0.0,1.1072434186935425,0.0,6074.0,0.0641724169254303,0.05741741880774498,0.06874914467334747,3777.4453125,0.011331713758409023,1.8822460174560547,-0.06859847158193588,0.008546222932636738,0.0037750268820673227,0.012813014909625053,1392.0
0.006383681204169989,125.0,0.0006932324031367898,1739.0,0.014307034201920033,1733243278.0,,-0.0015495300758630037,55200.0,-0.02902846597135067,28491776.0,20490,-0.026164310052990913,0.08821491152048111,,0.0003,0.016077347099781036,0.0,36612.5,0.1871490478515625,12.202132225036621,1.1977322101593018,0.0,1.1913485527038574,0.0,5944.0,0.06540904194116592,0.09311661124229431,0.09036010503768921,3707.0625,-0.0027565089985728264,1.805634617805481,-0.06795474886894226,0.009423637762665749,0.003935858141630888,0.00635611591860652,1392.0
,,,,,1733243292.0,43300.0,,,,28512128.0,20504,,,,,,,,,,,,,,,,,,,,,,,,,
,,,,,1733243379.0,33700.0,,,,28630528.0,20591,,,,,,,,,,,,,,,,,,,,,,,,,
,,,,,1733243412.0,45600.0,,,,28674176.0,20624,,,,,,,,,,,,,,,,,,,,,,,,,
,,,,,1733243748.0,40900.0,,,,29131008.0,20960,,,,,,,,,,,,,,,,,,,,,,,,,
-0.006172689609229565,127.0,0.00022066562087275088,1792.0,0.01788526028394699,1733243915.0,,0.005578252952545881,57000.0,-0.028761103749275208,29360128.0,21127,-0.026099102571606636,0.08851661533117294,,0.0003,0.014432260766625404,0.0,42787.5,0.176971435546875,12.206235647201538,1.2529059648513794,0.0,1.2590787410736084,0.0,6491.0,0.06335598975419998,0.041358910501003265,0.043503500521183014,4174.4609375,0.0021445981692522764,1.8820761442184448,-0.0639682412147522,0.00925472378730774,0.0038358638994395733,-0.006151243578642607,1391.0
0.003350005252286792,125.0,0.0021183937788009644,1801.0,0.011851469054818153,1733244023.0,,0.0007844561478123069,57000.0,-0.03327250853180885,29507584.0,21235,-0.026743922382593155,0.08857453614473343,,0.0003,0.01327555999159813,0.0,43148.4375,0.196075439453125,12.163615942001343,1.2126818895339966,0.0,1.2093318700790405,0.0,6491.0,0.06294333934783936,0.12225396186113358,0.12321951240301132,4196.609375,0.0009655612520873547,1.9092100858688354,-0.06944429129362106,0.008877703920006752,0.0036221276968717575,0.003359660506248474,1391.0
,,,,,1733244151.0,52100.0,,,,29682432.0,21363,,,,,,,,,,,,,,,,,,,,,,,,,
,,,,,1733244494.0,54100.0,,,,30150528.0,21706,,,,,,,,,,,,,,,,,,,,,,,,,
,,,,,1733244511.0,48200.0,,,,30175744.0,21723,,,,,,,,,,,,,,,,,,,,,,,,,
,,,,,1733244602.0,49500.0,,,,30297344.0,21814,,,,,,,,,,,,,,,,,,,,,,,,,
,,,,,1733244859.0,51000.0,,,,30654336.0,22071,,,,,,,,,,,,,,,,,,,,,,,,,
,,,,,1733244939.0,54400.0,,,,30762368.0,22151,,,,,,,,,,,,,,,,,,,,,,,,,
0.005764934699982405,127.0,-0.0002621972234919667,1896.0,0.011587077751755714,1733245161.0,,0.007494250312447548,55800.0,-0.03291153162717819,31064064.0,22373,-0.026457201689481735,0.08943541347980499,,0.0003,0.013839246705174446,0.0,39173.4375,0.1803741455078125,10.822104454040527,1.201197624206543,0.0,1.1954327821731567,0.0,6152.0,0.06090154871344566,-0.03183320164680481,-0.03969688341021538,3843.5234375,-0.007863683626055717,1.9167490005493164,-0.06585713475942612,0.009073445573449135,0.003782882122322917,0.005686297081410885,1390.0
,,,,,1733245193.0,36900.0,,,,31110144.0,22405,,,,,,,,,,,,,,,,,,,,,,,,,
,,,,,1733245317.0,52100.0,,,,31278464.0,22529,,,,,,,,,,,,,,,,,,,,,,,,,
0.007863563485443592,126.0,3.2148585887625813e-05,1912.0,0.010923516005277634,1733245353.0,,0.0004882385255768895,55800.0,-0.03439418971538544,31326208.0,22565,-0.02670370787382126,0.08957069367170334,,0.0003,0.012698858976364136,0.0,39425.78125,0.15692138671875,12.051561832427979,1.2941937446594238,0.0,1.2863301038742065,0.0,6152.0,0.059649113565683365,-0.020501162856817245,-0.012338194996118546,3921.90625,0.00816296972334385,1.9501667022705078,-0.06511252373456955,0.008988361805677414,0.0035808596294373274,0.00794519204646349,1389.0
,,,,,1733245576.0,36800.0,,,,31633920.0,22788,,,,,,,,,,,,,,,,,,,,,,,,,
-0.011876162141561508,127.0,-0.0028769290074706078,1982.0,0.01758766546845436,1733246192.0,,3.797945100814104e-05,57000.0,-0.028185078874230385,32473088.0,23404,-0.026164554059505463,0.09012938290834427,,0.0003,0.01785508543252945,0.0,41463.28125,0.1719970703125,12.105557918548584,1.2373707294464111,0.0,1.2492469549179077,0.0,6301.0,0.056439682841300964,-0.1939089596271515,-0.1956150084733963,4076.1875,-0.0017060543177649379,1.9741902351379395,-0.06151380389928818,0.007331973407417536,0.0036692076828330755,-0.011893222108483315,1389.0
,,,,,1733246263.0,52600.0,,,,32571904.0,23475,,,,,,,,,,,,,,,,,,,,,,,,,
0.00608625216409564,126.0,0.0015866196481510997,1989.0,0.012897126376628876,1733246275.0,,-0.0067513929679989815,57000.0,-0.03194147348403931,32587776.0,23487,-0.025569846853613853,0.09016578644514084,,0.0003,0.01323503628373146,0.0,41734.375,0.17449951171875,12.158710241317749,1.3174211978912354,0.0,1.3113348484039307,0.0,6301.0,0.06454335153102875,0.060459986329078674,0.0798105001449585,4090.8984375,0.01935051754117012,1.9437706470489502,-0.05857382342219353,0.007724065333604813,0.004149475134909153,0.0062797581776976585,1389.0
,,,,,1733246322.0,52400.0,,,,32652160.0,23534,,,,,,,,,,,,,,,,,,,,,,,,,
,,,,,1733246355.0,54200.0,,,,32698752.0,23567,,,,,,,,,,,,,,,,,,,,,,,,,
,,,,,1733246501.0,51700.0,,,,32897152.0,23713,,,,,,,,,,,,,,,,,,,,,,,,,
,,,,,1733246584.0,22000.0,,,,33009920.0,23796,,,,,,,,,,,,,,,,,,,,,,,,,
,,,,,1733246584.0,46600.0,,,,33011456.0,23796,,,,,,,,,,,,,,,,,,,,,,,,,
,,,,,1733246737.0,42200.0,,,,33219584.0,23949,,,,,,,,,,,,,,,,,,,,,,,,,
,,,,,1733246857.0,47100.0,,,,33382656.0,24069,,,,,,,,,,,,,,,,,,,,,,,,,
,,,,,1733246968.0,52700.0,,,,33535488.0,24180,,,,,,,,,,,,,,,,,,,,,,,,,
,,,,,1733247061.0,27000.0,,,,33663232.0,24273,,,,,,,,,,,,,,,,,,,,,,,,,
,,,,,1733247381.0,46700.0,,,,34098944.0,24593,,,,,,,,,,,,,,,,,,,,,,,,,
,,,,,1733247527.0,19900.0,,,,34302592.0,24739,,,,,,,,,,,,,,,,,,,,,,,,,
-0.004877089522778988,125.0,0.002223674673587084,2130.0,0.016537940129637718,1733247958.0,,0.0001993457553908229,57000.0,-0.02717442810535431,34897920.0,25170,-0.02287958562374115,0.09095679223537445,,0.0003,0.01424726378172636,0.0,45249.21875,0.174896240234375,11.988466501235962,1.311397671699524,0.0,1.3162747621536255,0.0,6317.0,0.05993082374334335,0.12356866896152496,0.14165443181991577,4423.6484375,0.018085749819874763,1.9687445163726807,-0.0588897280395031,0.0075439829379320145,0.003503035521134734,-0.004696231335401535,1387.0
-0.010778781026601791,125.0,-0.001722467364743352,2139.0,0.015923233702778816,1733248065.0,,0.0009958032751455903,56400.0,-0.02733572944998741,35045376.0,25277,-0.022443929687142372,0.09105947613716125,,0.0003,0.013978928327560425,0.0,45158.59375,0.1704254150390625,12.35111117362976,1.345963954925537,0.0,1.3567427396774292,0.0,6317.0,0.06026865169405937,-0.10832595080137253,-0.1092531681060791,4469.640625,-0.0009272191673517227,1.984287977218628,-0.06720775365829468,0.008724143728613853,0.003579242154955864,-0.010788052342832088,1387.0
,,,,,1733248169.0,52200.0,,,,35190912.0,25381,,,,,,,,,,,,,,,,,,,,,,,,,
,,,,,1733248308.0,48800.0,,,,35383296.0,25520,,,,,,,,,,,,,,,,,,,,,,,,,
,,,,,1733248478.0,52600.0,,,,35617920.0,25690,,,,,,,,,,,,,,,,,,,,,,,,,
,,,,,1733248483.0,33300.0,,,,35622784.0,25695,,,,,,,,,,,,,,,,,,,,,,,,,
0.011779606342315674,127.0,0.0009425091557204723,2203.0,0.011645966209471226,1733248825.0,,0.006304766982793808,57100.0,-0.03117556869983673,36093952.0,26037,-0.02391444891691208,0.09181106090545654,,0.0003,0.013170643709599972,0.0,45089.0625,0.1680145263671875,11.760331153869629,1.2908331155776978,0.0,1.2790535688400269,0.0,7090.0,0.05999729782342911,0.06201333552598953,0.06092473119497299,4670.0,-0.0010886030504480004,1.9669424295425415,-0.06349289417266846,0.010223843157291412,0.00384413986466825,0.011768719181418419,1387.0
,,,,,1733248835.0,51800.0,,,,36107904.0,26047,,,,,,,,,,,,,,,,,,,,,,,,,
,,,,,1733248858.0,37600.0,,,,36139520.0,26070,,,,,,,,,,,,,,,,,,,,,,,,,
,,,,,1733248951.0,48200.0,,,,36266624.0,26163,,,,,,,,,,,,,,,,,,,,,,,,,
-0.00390648003667593,126.0,-0.0002983218873851001,2218.0,0.01698271557688713,1733249006.0,,-0.0016306414036080241,55800.0,-0.027705244719982147,36339712.0,26218,-0.024024689570069313,0.09199519455432892,,0.0003,0.015248293057084084,0.0,46537.5,0.1568756103515625,12.18416953086853,1.3319820165634155,0.0,1.3358886241912842,0.0,6489.0,0.06216317042708397,-0.029572810977697372,-0.03157193213701248,4823.3671875,-0.0019991272129118443,1.9796061515808105,-0.06442058086395264,0.00965467281639576,0.003644096665084362,-0.003926471807062626,1387.0
,,,,,1733249050.0,51400.0,,,,36403200.0,26262,,,,,,,,,,,,,,,,,,,,,,,,,
,,,,,1733249061.0,49400.0,,,,36418304.0,26273,,,,,,,,,,,,,,,,,,,,,,,,,
,,,,,1733249086.0,52500.0,,,,36451712.0,26298,,,,,,,,,,,,,,,,,,,,,,,,,
-0.0029994784854352474,125.0,-0.00029396003810688853,2235.0,0.014126994647085667,1733249210.0,,0.00027421367121860385,60900.0,-0.030533066019415855,36618240.0,26422,-0.023737585172057152,0.09217523783445358,,0.0003,0.012050088495016098,0.0,47282.03125,0.1688079833984375,12.188937664031982,1.3452476263046265,0.0,1.3482470512390137,0.0,6489.0,0.0639297142624855,-0.033053286373615265,-0.03201286867260933,4936.3515625,0.001040418865159154,1.9884021282196045,-0.058415696024894714,0.008307645097374916,0.0034374429378658533,-0.002989075379446149,1387.0
,,,,,1733249275.0,51800.0,,,,36708864.0,26487,,,,,,,,,,,,,,,,,,,,,,,,,
0.006113707087934017,125.0,-0.00122962542809546,2248.0,0.01105997059494257,1733249364.0,,0.0005341815412975848,60900.0,-0.030992617830634117,36831232.0,26576,-0.02324725314974785,0.0922936275601387,,0.0003,0.013901438564062119,0.0,47285.9375,0.142669677734375,12.24436640739441,1.466568112373352,0.0,1.4604544639587402,0.0,6620.0,0.05986214056611061,-0.09432319551706314,-0.09163400530815125,4917.65625,0.002689177170395851,2.02260684967041,-0.05937841534614563,0.007520955055952072,0.00371788302436471,0.0061405980959534645,1387.0
,,,,,1733249375.0,51600.0,,,,36847232.0,26587,,,,,,,,,,,,,,,,,,,,,,,,,
,,,,,1733249477.0,52900.0,,,,36981632.0,26689,,,,,,,,,,,,,,,,,,,,,,,,,
0.0019700087141245604,127.0,-0.0008011701283976436,2277.0,0.01488893199712038,1733249714.0,,-0.0021450906060636044,56300.0,-0.028830982744693756,37306368.0,26926,-0.023244403302669525,0.09259232133626938,,0.0003,0.013492133468389511,0.0,44009.375,0.1627655029296875,11.903413534164429,1.4122706651687622,0.0,1.4103007316589355,0.0,6529.0,0.06646168977022171,-0.0715680867433548,-0.08183985948562622,4441.3203125,-0.010271759703755379,1.9777109622955322,-0.057536039501428604,0.00769401527941227,0.00395031925290823,0.0018672915175557137,1386.0
,,,,,1733250125.0,45500.0,,,,37868672.0,27337,,,,,,,,,,,,,,,,,,,,,,,,,
,,,,,1733250146.0,51100.0,,,,37897984.0,27358,,,,,,,,,,,,,,,,,,,,,,,,,
,,,,,1733250353.0,51800.0,,,,38186112.0,27565,,,,,,,,,,,,,,,,,,,,,,,,,
,,,,,1733250360.0,35200.0,,,,38195456.0,27572,,,,,,,,,,,,,,,,,,,,,,,,,
,,,,,1733250525.0,51400.0,,,,38424320.0,27737,,,,,,,,,,,,,,,,,,,,,,,,,
,,,,,1733250726.0,47900.0,,,,38703744.0,27938,,,,,,,,,,,,,,,,,,,,,,,,,
-0.009452296420931816,127.0,0.0008016551146283746,2372.0,0.019315343350172043,1733250842.0,,0.0031630948651582003,55600.0,-0.02822408452630043,38862848.0,28054,-0.024624083191156387,0.09345658868551254,,0.0003,0.01362687163054943,0.0,42750.78125,0.161590576171875,12.221367597579956,1.3434096574783325,0.0,1.352862000465393,0.0,6105.0,0.06051115691661835,0.07353470474481583,0.07128363847732544,4264.25,-0.002251072321087122,2.007111072540283,-0.05846748128533363,0.008329227566719055,0.0037875473499298096,-0.009474807418882847,1386.0
,,,,,1733250975.0,38300.0,,,,39048064.0,28187,,,,,,,,,,,,,,,,,,,,,,,,,
,,,,,1733251011.0,53300.0,,,,39097728.0,28223,,,,,,,,,,,,,,,,,,,,,,,,,
-0.005545342341065407,126.0,-0.002153127221390605,2416.0,0.016736196354031563,1733251363.0,,0.0005623986944556236,54800.0,-0.03082990273833275,39583744.0,28575,-0.026140019297599792,0.09399787336587906,,0.0003,0.014793961308896542,0.0,40236.71875,0.1531524658203125,12.329806566238403,1.3445937633514404,0.0,1.3501391410827637,0.0,6153.0,0.05626746639609337,-0.16002115607261658,-0.16122838854789734,4154.1171875,-0.0012072152458131313,2.0454962253570557,-0.06018700823187828,0.0063984086737036705,0.00382095854729414,-0.005557412747293711,1386.0
,,,,,1733251378.0,44300.0,,,,39607808.0,28590,,,,,,,,,,,,,,,,,,,,,,,,,
,,,,,1733251528.0,53300.0,,,,39813248.0,28740,,,,,,,,,,,,,,,,,,,,,,,,,
0.0023805606178939342,127.0,-0.000660038786008954,2437.0,0.013836032710969448,1733251611.0,,-0.001965832896530628,56500.0,-0.03310995548963547,39927808.0,28823,-0.025073621422052383,0.09421929717063904,,0.0003,0.010285436175763607,0.0,42053.90625,0.159515380859375,11.921427726745605,1.3524655103683472,0.0,1.3500850200653076,0.0,6317.0,0.060852035880088806,-0.028915176168084145,-0.025050675496459007,4359.390625,0.0038645053282380104,2.009706974029541,-0.05921147018671036,0.007014015689492226,0.003772452473640442,0.0024192053824663162,1386.0
,,,,,1733251626.0,44700.0,,,,39949184.0,28838,,,,,,,,,,,,,,,,,,,,,,,,,
