charts/SPS,losses/approx_kl,returns/int_advantages,charts/game_score_lower,losses/ext_value_loss,rewards/rewards_mean,charts/traj_len,rewards/intrinsic_rewards_max,rewards/num_envs_with_pos_rews,charts/game_score,returns/ext_advantages,_runtime,charts/iqm_upper,charts/episode_return,losses/entropy,returns/values_ext,charts/iqm_lower,returns/values_int,rewards/rewards_min,rewards/rewards_max,losses/all_loss,charts/max_traj_len,charts/iqm,rewards/intrinsic_rewards_min,returns/ret_ext,charts/iterations,losses/old_approx_kl,returns/advantages,_step,charts/min_game_score,_timestamp,charts/game_score_upper,losses/int_value_loss,rewards/intrinsic_rewards_mean,charts/max_game_score,losses/clipfrac,charts/min_traj_len,charts/time_per_it,losses/policy_loss,charts/learning_rate,returns/ret_int,charts/returns_hist
,,,,,,,,,,,234,,220.0,,,,,,,,,,,,,,,157568.0,,1732654173.0,,,,,,,,,,,
,,,,,,,,,,,305,,360.0,,,,,,,,,,,,,,,218496.0,,1732654244.0,,,,,,,,,,,
,,,,,,,,,,,461,,360.0,,,,,,,,,,,,,,,350848.0,,1732654400.0,,,,,,,,,,,
,,,,,,,,,,,507,,260.0,,,,,,,,,,,,,,,392192.0,,1732654446.0,,,,,,,,,,,
,,,,,,,,,,,574,,190.0,,,,,,,,,,,,,,,445952.0,,1732654513.0,,,,,,,,,,,
,,,,,,,,,,,686,,360.0,,,,,,,,,,,,,,,541440.0,,1732654625.0,,,,,,,,,,,
,,,,,,,,,,,754,,390.0,,,,,,,,,,,,,,,601728.0,,1732654693.0,,,,,,,,,,,
,,,,,,,,,,,920,,290.0,,,,,,,,,,,,,,,743296.0,,1732654859.0,,,,,,,,,,,
,,,,,,,,,,,923,,180.0,,,,,,,,,,,,,,,747136.0,,1732654862.0,,,,,,,,,,,
,,,,,,,,,,,935,,210.0,,,,,,,,,,,,,,,755840.0,,1732654874.0,,,,,,,,,,,
,,,,,,,,,,,1154,,300.0,,,,,,,,,,,,,,,943872.0,,1732655093.0,,,,,,,,,,,
841.0,0.002118868287652731,0.013269176706671715,291.013671875,0.0037203440442681313,0.0036083003506064415,593.3984375,0.04552984982728958,106.0,319.53125,0.005676467437297106,1162,0.01039711626255453,,2.4556355476379395,0.33805081248283386,0.006818033594689777,-0.014907846227288246,0.0,0.07399047911167145,-0.0208528283983469,1002.0,0.008561718285772256,-0.045902542769908905,0.3437272906303406,58.0,0.002149113453924656,0.005809159018099308,950272.0,0.0,1732655101.0,349.857421875,0.010644849389791489,2.244347706437111e-05,1420.0,0.045318603515625,0.0,18.441170692443848,-0.0034790681675076485,0.0003,-0.0016386723145842552,
,,,,,,,,,,,1174,,230.0,,,,,,,,,,,,,,,961536.0,,1732655113.0,,,,,,,,,,,
,,,,,,,,,,,1260,,860.0,,,,,,,,,,,,,,,1036160.0,,1732655199.0,,,,,,,,,,,
,,,,,,,,,,,1299,,310.0,,,,,,,,,,,,,,,1068032.0,,1732655238.0,,,,,,,,,,,
,,,,,,,,,,,1358,,270.0,,,,,,,,,,,,,,,1120000.0,,1732655297.0,,,,,,,,,,,
,,,,,,,,,,,1456,,290.0,,,,,,,,,,,,,,,1203840.0,,1732655395.0,,,,,,,,,,,
,,,,,,,,,,,1481,,280.0,,,,,,,,,,,,,,,1227008.0,,1732655420.0,,,,,,,,,,,
,,,,,,,,,,,1602,,350.0,,,,,,,,,,,,,,,1331456.0,,1732655541.0,,,,,,,,,,,
,,,,,,,,,,,1626,,370.0,,,,,,,,,,,,,,,1351296.0,,1732655565.0,,,,,,,,,,,
,,,,,,,,,,,1630,,280.0,,,,,,,,,,,,,,,1356672.0,,1732655569.0,,,,,,,,,,,
,,,,,,,,,,,1636,,350.0,,,,,,,,,,,,,,,1360128.0,,1732655575.0,,,,,,,,,,,
,,,,,,,,,,,1773,,370.0,,,,,,,,,,,,,,,1480192.0,,1732655712.0,,,,,,,,,,,
,,,,,,,,,,,1793,,470.0,,,,,,,,,,,,,,,1497088.0,,1732655732.0,,,,,,,,,,,
,,,,,,,,,,,1822,,290.0,,,,,,,,,,,,,,,1522816.0,,1732655761.0,,,,,,,,,,,
,,,,,,,,,,,1882,,370.0,,,,,,,,,,,,,,,1574656.0,,1732655821.0,,,,,,,,,,,
,,,,,,,,,,,1907,,410.0,,,,,,,,,,,,,,,1595648.0,,1732655846.0,,,,,,,,,,,
,,,,,,,,,,,1914,,390.0,,,,,,,,,,,,,,,1604352.0,,1732655853.0,,,,,,,,,,,
,,,,,,,,,,,1965,,960.0,,,,,,,,,,,,,,,1647616.0,,1732655904.0,,,,,,,,,,,
,,,,,,,,,,,2195,,450.0,,,,,,,,,,,,,,,1850496.0,,1732656134.0,,,,,,,,,,,
,,,,,,,,,,,2271,,430.0,,,,,,,,,,,,,,,1916544.0,,1732656210.0,,,,,,,,,,,
,,,,,,,,,,,2326,,1520.0,,,,,,,,,,,,,,,1962496.0,,1732656265.0,,,,,,,,,,,
,,,,,,,,,,,2382,,470.0,,,,,,,,,,,,,,,2012288.0,,1732656321.0,,,,,,,,,,,
,,,,,,,,,,,2455,,430.0,,,,,,,,,,,,,,,2074496.0,,1732656394.0,,,,,,,,,,,
,,,,,,,,,,,2776,,460.0,,,,,,,,,,,,,,,2354304.0,,1732656715.0,,,,,,,,,,,
,,,,,,,,,,,2908,,530.0,,,,,,,,,,,,,,,2470400.0,,1732656847.0,,,,,,,,,,,
,,,,,,,,,,,3054,,520.0,,,,,,,,,,,,,,,2596352.0,,1732656993.0,,,,,,,,,,,
,,,,,,,,,,,3128,,640.0,,,,,,,,,,,,,,,2662272.0,,1732657067.0,,,,,,,,,,,
,,,,,,,,,,,3133,,650.0,,,,,,,,,,,,,,,2667648.0,,1732657072.0,,,,,,,,,,,
,,,,,,,,,,,3180,,540.0,,,,,,,,,,,,,,,2709248.0,,1732657119.0,,,,,,,,,,,
,,,,,,,,,,,3242,,530.0,,,,,,,,,,,,,,,2763392.0,,1732657181.0,,,,,,,,,,,
,,,,,,,,,,,3375,,1000.0,,,,,,,,,,,,,,,2878976.0,,1732657314.0,,,,,,,,,,,
,,,,,,,,,,,3430,,1110.0,,,,,,,,,,,,,,,2928512.0,,1732657369.0,,,,,,,,,,,
,,,,,,,,,,,3434,,530.0,,,,,,,,,,,,,,,2932352.0,,1732657373.0,,,,,,,,,,,
,,,,,,,,,,,3579,,510.0,,,,,,,,,,,,,,,3058048.0,,1732657518.0,,,,,,,,,,,
,,,,,,,,,,,3602,,800.0,,,,,,,,,,,,,,,3078912.0,,1732657541.0,,,,,,,,,,,
,,,,,,,,,,,3633,,610.0,,,,,,,,,,,,,,,3107584.0,,1732657572.0,,,,,,,,,,,
,,,,,,,,,,,3694,,2150.0,,,,,,,,,,,,,,,3160832.0,,1732657633.0,,,,,,,,,,,
,,,,,,,,,,,3801,,590.0,,,,,,,,,,,,,,,3255936.0,,1732657740.0,,,,,,,,,,,
,,,,,,,,,,,3839,,1060.0,,,,,,,,,,,,,,,3288576.0,,1732657778.0,,,,,,,,,,,
,,,,,,,,,,,3858,,530.0,,,,,,,,,,,,,,,3305472.0,,1732657797.0,,,,,,,,,,,
,,,,,,,,,,,4057,,500.0,,,,,,,,,,,,,,,3481472.0,,1732657996.0,,,,,,,,,,,
,,,,,,,,,,,4095,,590.0,,,,,,,,,,,,,,,3513600.0,,1732658034.0,,,,,,,,,,,
,,,,,,,,,,,4144,,690.0,,,,,,,,,,,,,,,3558400.0,,1732658083.0,,,,,,,,,,,
,,,,,,,,,,,4336,,620.0,,,,,,,,,,,,,,,3728128.0,,1732658275.0,,,,,,,,,,,
,,,,,,,,,,,4352,,670.0,,,,,,,,,,,,,,,3742336.0,,1732658291.0,,,,,,,,,,,
,,,,,,,,,,,4423,,620.0,,,,,,,,,,,,,,,3804160.0,,1732658362.0,,,,,,,,,,,
,,,,,,,,,,,4463,,640.0,,,,,,,,,,,,,,,3839872.0,,1732658402.0,,,,,,,,,,,
,,,,,,,,,,,4473,,640.0,,,,,,,,,,,,,,,3849472.0,,1732658412.0,,,,,,,,,,,
,,,,,,,,,,,4489,,660.0,,,,,,,,,,,,,,,3863680.0,,1732658428.0,,,,,,,,,,,
,,,,,,,,,,,4544,,590.0,,,,,,,,,,,,,,,3912832.0,,1732658483.0,,,,,,,,,,,
,,,,,,,,,,,4606,,560.0,,,,,,,,,,,,,,,3966080.0,,1732658545.0,,,,,,,,,,,
,,,,,,,,,,,4609,,1230.0,,,,,,,,,,,,,,,3968896.0,,1732658548.0,,,,,,,,,,,
,,,,,,,,,,,4640,,590.0,,,,,,,,,,,,,,,3995392.0,,1732658579.0,,,,,,,,,,,
,,,,,,,,,,,4681,,450.0,,,,,,,,,,,,,,,4030976.0,,1732658620.0,,,,,,,,,,,
,,,,,,,,,,,4763,,670.0,,,,,,,,,,,,,,,4104704.0,,1732658702.0,,,,,,,,,,,
,,,,,,,,,,,4777,,520.0,,,,,,,,,,,,,,,4116992.0,,1732658716.0,,,,,,,,,,,
,,,,,,,,,,,4894,,560.0,,,,,,,,,,,,,,,4217600.0,,1732658833.0,,,,,,,,,,,
,,,,,,,,,,,5068,,740.0,,,,,,,,,,,,,,,4374144.0,,1732659007.0,,,,,,,,,,,
,,,,,,,,,,,5073,,620.0,,,,,,,,,,,,,,,4375936.0,,1732659012.0,,,,,,,,,,,
,,,,,,,,,,,5120,,500.0,,,,,,,,,,,,,,,4419968.0,,1732659059.0,,,,,,,,,,,
,,,,,,,,,,,5240,,2140.0,,,,,,,,,,,,,,,4527360.0,,1732659179.0,,,,,,,,,,,
,,,,,,,,,,,5275,,1230.0,,,,,,,,,,,,,,,4560512.0,,1732659214.0,,,,,,,,,,,
,,,,,,,,,,,5302,,1100.0,,,,,,,,,,,,,,,4582784.0,,1732659241.0,,,,,,,,,,,
,,,,,,,,,,,5314,,750.0,,,,,,,,,,,,,,,4592384.0,,1732659253.0,,,,,,,,,,,
,,,,,,,,,,,5328,,1620.0,,,,,,,,,,,,,,,4605312.0,,1732659267.0,,,,,,,,,,,
,,,,,,,,,,,5424,,710.0,,,,,,,,,,,,,,,4692864.0,,1732659363.0,,,,,,,,,,,
,,,,,,,,,,,5464,,1280.0,,,,,,,,,,,,,,,4727040.0,,1732659403.0,,,,,,,,,,,
,,,,,,,,,,,5514,,580.0,,,,,,,,,,,,,,,4771200.0,,1732659453.0,,,,,,,,,,,
,,,,,,,,,,,5608,,580.0,,,,,,,,,,,,,,,4855296.0,,1732659547.0,,,,,,,,,,,
,,,,,,,,,,,5676,,820.0,,,,,,,,,,,,,,,4915584.0,,1732659615.0,,,,,,,,,,,
,,,,,,,,,,,5683,,710.0,,,,,,,,,,,,,,,4923136.0,,1732659622.0,,,,,,,,,,,
,,,,,,,,,,,5794,,600.0,,,,,,,,,,,,,,,5020672.0,,1732659733.0,,,,,,,,,,,
,,,,,,,,,,,5834,,1290.0,,,,,,,,,,,,,,,5057664.0,,1732659773.0,,,,,,,,,,,
,,,,,,,,,,,6020,,760.0,,,,,,,,,,,,,,,5223168.0,,1732659959.0,,,,,,,,,,,
,,,,,,,,,,,6035,,1060.0,,,,,,,,,,,,,,,5236608.0,,1732659974.0,,,,,,,,,,,
,,,,,,,,,,,6112,,1290.0,,,,,,,,,,,,,,,5305856.0,,1732660051.0,,,,,,,,,,,
,,,,,,,,,,,6175,,620.0,,,,,,,,,,,,,,,5359232.0,,1732660114.0,,,,,,,,,,,
,,,,,,,,,,,6260,,1090.0,,,,,,,,,,,,,,,5437824.0,,1732660199.0,,,,,,,,,,,
,,,,,,,,,,,6633,,680.0,,,,,,,,,,,,,,,5768064.0,,1732660572.0,,,,,,,,,,,
,,,,,,,,,,,6682,,1240.0,,,,,,,,,,,,,,,5813760.0,,1732660621.0,,,,,,,,,,,
,,,,,,,,,,,6853,,1290.0,,,,,,,,,,,,,,,5964160.0,,1732660792.0,,,,,,,,,,,
,,,,,,,,,,,7005,,1220.0,,,,,,,,,,,,,,,6100608.0,,1732660944.0,,,,,,,,,,,
,,,,,,,,,,,7007,,570.0,,,,,,,,,,,,,,,6102144.0,,1732660946.0,,,,,,,,,,,
,,,,,,,,,,,7011,,650.0,,,,,,,,,,,,,,,6107136.0,,1732660950.0,,,,,,,,,,,
,,,,,,,,,,,7213,,1220.0,,,,,,,,,,,,,,,6286464.0,,1732661152.0,,,,,,,,,,,
,,,,,,,,,,,7268,,710.0,,,,,,,,,,,,,,,6334848.0,,1732661207.0,,,,,,,,,,,
,,,,,,,,,,,7438,,2180.0,,,,,,,,,,,,,,,6487424.0,,1732661377.0,,,,,,,,,,,
,,,,,,,,,,,7553,,1230.0,,,,,,,,,,,,,,,6587392.0,,1732661492.0,,,,,,,,,,,
,,,,,,,,,,,7565,,740.0,,,,,,,,,,,,,,,6599296.0,,1732661504.0,,,,,,,,,,,
,,,,,,,,,,,7597,,1020.0,,,,,,,,,,,,,,,6627584.0,,1732661536.0,,,,,,,,,,,
,,,,,,,,,,,7644,,810.0,,,,,,,,,,,,,,,6669952.0,,1732661583.0,,,,,,,,,,,
,,,,,,,,,,,7653,,730.0,,,,,,,,,,,,,,,6679040.0,,1732661592.0,,,,,,,,,,,
,,,,,,,,,,,7809,,620.0,,,,,,,,,,,,,,,6819456.0,,1732661748.0,,,,,,,,,,,
,,,,,,,,,,,7869,,780.0,,,,,,,,,,,,,,,6873728.0,,1732661808.0,,,,,,,,,,,
,,,,,,,,,,,7876,,1250.0,,,,,,,,,,,,,,,6879232.0,,1732661815.0,,,,,,,,,,,
,,,,,,,,,,,7963,,1160.0,,,,,,,,,,,,,,,6957184.0,,1732661902.0,,,,,,,,,,,
,,,,,,,,,,,8130,,640.0,,,,,,,,,,,,,,,7108352.0,,1732662069.0,,,,,,,,,,,
,,,,,,,,,,,8138,,1730.0,,,,,,,,,,,,,,,7113600.0,,1732662077.0,,,,,,,,,,,
,,,,,,,,,,,8165,,1800.0,,,,,,,,,,,,,,,7138176.0,,1732662104.0,,,,,,,,,,,
,,,,,,,,,,,8230,,590.0,,,,,,,,,,,,,,,7197312.0,,1732662169.0,,,,,,,,,,,
,,,,,,,,,,,8388,,1320.0,,,,,,,,,,,,,,,7337216.0,,1732662327.0,,,,,,,,,,,
,,,,,,,,,,,8426,,1350.0,,,,,,,,,,,,,,,7371648.0,,1732662365.0,,,,,,,,,,,
,,,,,,,,,,,8460,,1190.0,,,,,,,,,,,,,,,7401600.0,,1732662399.0,,,,,,,,,,,
,,,,,,,,,,,8502,,640.0,,,,,,,,,,,,,,,7438080.0,,1732662441.0,,,,,,,,,,,
,,,,,,,,,,,8541,,740.0,,,,,,,,,,,,,,,7471872.0,,1732662480.0,,,,,,,,,,,
,,,,,,,,,,,8574,,790.0,,,,,,,,,,,,,,,7502208.0,,1732662513.0,,,,,,,,,,,
,,,,,,,,,,,8611,,650.0,,,,,,,,,,,,,,,7534592.0,,1732662550.0,,,,,,,,,,,
,,,,,,,,,,,8660,,680.0,,,,,,,,,,,,,,,7576832.0,,1732662599.0,,,,,,,,,,,
,,,,,,,,,,,9137,,690.0,,,,,,,,,,,,,,,7994752.0,,1732663076.0,,,,,,,,,,,
,,,,,,,,,,,9209,,1280.0,,,,,,,,,,,,,,,8058880.0,,1732663148.0,,,,,,,,,,,
,,,,,,,,,,,9415,,1270.0,,,,,,,,,,,,,,,8238848.0,,1732663354.0,,,,,,,,,,,
877.0,0.0029445034451782703,-0.0011764324735850096,1036.6328125,0.004524401389062405,0.00467023067176342,845.578125,0.05547674000263214,122.0,1099.21875,0.002177028451114893,9569,0.13821090251307994,790.0,2.0938687324523926,0.625447690486908,0.1164986313207438,-0.05713030695915222,0.0,0.04965415596961975,-0.02023543417453766,1302.0,0.12769840867258947,-0.04606742039322853,0.6276246905326843,511.0,0.0028235730715095997,0.0021652644500136375,8372224.0,0.0,1732663508.0,1163.755859375,0.010273239575326443,-0.0004728876519948244,2270.0,0.12738037109375,0.0,19.211175680160522,-0.00669556949287653,0.0003,-0.0583067387342453,
,,,,,,,,,,,9606,,1250.0,,,,,,,,,,,,,,,8405888.0,,1732663545.0,,,,,,,,,,,
,,,,,,,,,,,9667,,700.0,,,,,,,,,,,,,,,8461312.0,,1732663606.0,,,,,,,,,,,
,,,,,,,,,,,9751,,1260.0,,,,,,,,,,,,,,,8535424.0,,1732663690.0,,,,,,,,,,,
,,,,,,,,,,,9791,,1270.0,,,,,,,,,,,,,,,8571264.0,,1732663730.0,,,,,,,,,,,
,,,,,,,,,,,9841,,1200.0,,,,,,,,,,,,,,,8617600.0,,1732663780.0,,,,,,,,,,,
,,,,,,,,,,,9901,,710.0,,,,,,,,,,,,,,,8668928.0,,1732663840.0,,,,,,,,,,,
878.0,0.0037863943725824356,0.01144446525722742,1123.8203125,0.006239983253180981,0.004445225931704044,835.9296875,0.053552430123090744,123.0,1185.625,0.0007098708301782608,9972,0.1472186191104219,,2.2159414291381836,0.5463383197784424,0.13342312932071482,0.06846913695335388,0.0,0.04998667538166046,-0.021351071074604988,1228.0,0.1427348584762098,-0.0515463761985302,0.5470482707023621,533.0,0.0029513146728277206,0.0008243152406066656,8732672.0,0.0,1732663911.0,1257.6640625,0.010601775720715523,0.0008143330924212933,2420.0,0.158355712890625,0.0,17.764913320541382,-0.007612536195665598,0.0003,0.07991360127925873,
,,,,,,,,,,,10027,,2250.0,,,,,,,,,,,,,,,8783104.0,,1732663966.0,,,,,,,,,,,
,,,,,,,,,,,10288,,1190.0,,,,,,,,,,,,,,,9015040.0,,1732664227.0,,,,,,,,,,,
879.0,0.003306295722723007,0.0029944302514195442,1116.943359375,0.003635510802268982,0.00469281105324626,824.484375,0.052045952528715134,123.0,1210.0,0.001402038149535656,10467,0.1443205925085871,,2.1962389945983887,0.6071364283561707,0.1187048453600777,0.14904406666755676,0.0,0.050318729132413864,-0.0224264245480299,1176.0,0.1327709459557385,-0.049967795610427856,0.6085385084152222,560.0,0.004271318670362234,0.0014319822657853365,9175040.0,0.0,1732664406.0,1301.017578125,0.009268640540540218,0.001068315003067255,2330.0,0.11285400390625,0.0,18.07864022254944,-0.006916111335158348,0.0003,0.15203848481178284,
,,,,,,,,,,,10477,,910.0,,,,,,,,,,,,,,,9182720.0,,1732664416.0,,,,,,,,,,,
,,,,,,,,,,,10519,,930.0,,,,,,,,,,,,,,,9220608.0,,1732664458.0,,,,,,,,,,,
,,,,,,,,,,,10583,,1110.0,,,,,,,,,,,,,,,9276544.0,,1732664522.0,,,,,,,,,,,
,,,,,,,,,,,10840,,1230.0,,,,,,,,,,,,,,,9505664.0,,1732664779.0,,,,,,,,,,,
,,,,,,,,,,,10879,,1810.0,,,,,,,,,,,,,,,9538560.0,,1732664818.0,,,,,,,,,,,
,,,,,,,,,,,10924,,1250.0,,,,,,,,,,,,,,,9579648.0,,1732664863.0,,,,,,,,,,,
,,,,,,,,,,,10977,,1370.0,,,,,,,,,,,,,,,9628032.0,,1732664916.0,,,,,,,,,,,
,,,,,,,,,,,11197,,1230.0,,,,,,,,,,,,,,,9822848.0,,1732665136.0,,,,,,,,,,,
,,,,,,,,,,,11281,,810.0,,,,,,,,,,,,,,,9895552.0,,1732665220.0,,,,,,,,,,,
,,,,,,,,,,,11326,,1410.0,,,,,,,,,,,,,,,9934976.0,,1732665265.0,,,,,,,,,,,
,,,,,,,,,,,11483,,2310.0,,,,,,,,,,,,,,,10073728.0,,1732665422.0,,,,,,,,,,,
,,,,,,,,,,,11621,,1810.0,,,,,,,,,,,,,,,10199168.0,,1732665560.0,,,,,,,,,,,
,,,,,,,,,,,11637,,1250.0,,,,,,,,,,,,,,,10211712.0,,1732665576.0,,,,,,,,,,,
,,,,,,,,,,,11662,,1260.0,,,,,,,,,,,,,,,10232704.0,,1732665601.0,,,,,,,,,,,
,,,,,,,,,,,11744,,930.0,,,,,,,,,,,,,,,10306048.0,,1732665683.0,,,,,,,,,,,
,,,,,,,,,,,11749,,1280.0,,,,,,,,,,,,,,,10311424.0,,1732665688.0,,,,,,,,,,,
880.0,0.0029351343400776386,0.005575575400143862,1165.205078125,0.003956317435950041,0.00497058080509305,819.8671875,0.05417671054601669,126.0,1237.109375,-0.0003237344790250063,11816,0.1543297955405151,,2.224788188934326,0.6584188938140869,0.13326744318758244,-0.01917002908885479,0.0,0.04959683120250702,-0.024610012769699097,1204.0,0.14436531688865056,-0.04555176943540573,0.6580951809883118,633.0,0.003972332924604416,-0.0002679787576198578,10371072.0,0.0,1732665755.0,1313.443359375,0.008814312517642975,0.00029910544981248677,2800.0,0.1455230712890625,0.0,17.713386058807373,-0.008747447282075882,0.0003,-0.013594450429081917,
,,,,,,,,,,,11823,,1900.0,,,,,,,,,,,,,,,10378880.0,,1732665762.0,,,,,,,,,,,
,,,,,,,,,,,12052,,1390.0,,,,,,,,,,,,,,,10577920.0,,1732665991.0,,,,,,,,,,,
,,,,,,,,,,,12098,,1320.0,,,,,,,,,,,,,,,10617728.0,,1732666037.0,,,,,,,,,,,
,,,,,,,,,,,12196,,910.0,,,,,,,,,,,,,,,10706560.0,,1732666135.0,,,,,,,,,,,
,,,,,,,,,,,12197,,1300.0,,,,,,,,,,,,,,,10707072.0,,1732666136.0,,,,,,,,,,,
,,,,,,,,,,,12415,,1390.0,,,,,,,,,,,,,,,10901120.0,,1732666354.0,,,,,,,,,,,
,,,,,,,,,,,12511,,850.0,,,,,,,,,,,,,,,10985088.0,,1732666450.0,,,,,,,,,,,
,,,,,,,,,,,12552,,880.0,,,,,,,,,,,,,,,11021824.0,,1732666491.0,,,,,,,,,,,
,,,,,,,,,,,12624,,490.0,,,,,,,,,,,,,,,11087744.0,,1732666563.0,,,,,,,,,,,
,,,,,,,,,,,12734,,1290.0,,,,,,,,,,,,,,,11184640.0,,1732666673.0,,,,,,,,,,,
,,,,,,,,,,,12802,,1290.0,,,,,,,,,,,,,,,11244800.0,,1732666741.0,,,,,,,,,,,
,,,,,,,,,,,12912,,1310.0,,,,,,,,,,,,,,,11340800.0,,1732666851.0,,,,,,,,,,,
,,,,,,,,,,,12957,,1320.0,,,,,,,,,,,,,,,11382144.0,,1732666896.0,,,,,,,,,,,
,,,,,,,,,,,12979,,1160.0,,,,,,,,,,,,,,,11402496.0,,1732666918.0,,,,,,,,,,,
,,,,,,,,,,,13032,,1370.0,,,,,,,,,,,,,,,11450240.0,,1732666971.0,,,,,,,,,,,
,,,,,,,,,,,13175,,930.0,,,,,,,,,,,,,,,11577984.0,,1732667114.0,,,,,,,,,,,
,,,,,,,,,,,13536,,1340.0,,,,,,,,,,,,,,,11901568.0,,1732667475.0,,,,,,,,,,,
,,,,,,,,,,,13626,,1370.0,,,,,,,,,,,,,,,11981952.0,,1732667565.0,,,,,,,,,,,
,,,,,,,,,,,13652,,1880.0,,,,,,,,,,,,,,,12005760.0,,1732667591.0,,,,,,,,,,,
,,,,,,,,,,,13759,,780.0,,,,,,,,,,,,,,,12099456.0,,1732667698.0,,,,,,,,,,,
,,,,,,,,,,,13792,,1360.0,,,,,,,,,,,,,,,12129152.0,,1732667731.0,,,,,,,,,,,
,,,,,,,,,,,13798,,1390.0,,,,,,,,,,,,,,,12135936.0,,1732667737.0,,,,,,,,,,,
,,,,,,,,,,,14082,,1290.0,,,,,,,,,,,,,,,12391552.0,,1732668021.0,,,,,,,,,,,
,,,,,,,,,,,14163,,1420.0,,,,,,,,,,,,,,,12462976.0,,1732668102.0,,,,,,,,,,,
,,,,,,,,,,,14231,,630.0,,,,,,,,,,,,,,,12524800.0,,1732668170.0,,,,,,,,,,,
,,,,,,,,,,,14303,,1360.0,,,,,,,,,,,,,,,12589440.0,,1732668242.0,,,,,,,,,,,
,,,,,,,,,,,14430,,850.0,,,,,,,,,,,,,,,12705152.0,,1732668369.0,,,,,,,,,,,
,,,,,,,,,,,14517,,1180.0,,,,,,,,,,,,,,,12784128.0,,1732668456.0,,,,,,,,,,,
,,,,,,,,,,,14606,,1280.0,,,,,,,,,,,,,,,12863232.0,,1732668545.0,,,,,,,,,,,
,,,,,,,,,,,14616,,1890.0,,,,,,,,,,,,,,,12873728.0,,1732668555.0,,,,,,,,,,,
882.0,0.004110102541744709,-0.005808536894619465,1271.513671875,0.003395949024707079,0.004335152450948954,868.15625,0.04839585721492767,114.0,1345.3125,0.0034225713461637497,14713,0.16404461024797462,,2.204362630844116,0.5802590250968933,0.146448114284265,0.0739879235625267,0.0,0.04786195233464241,-0.025691118091344833,1368.0,0.15747691995536167,-0.04923345148563385,0.583681583404541,791.0,0.004726981744170189,0.0033644861541688442,12959744.0,0.0,1732668652.0,1423.68359375,0.008396104909479618,0.001168787945061922,2930.0,0.131591796875,0.0,17.7744460105896,-0.009543521329760551,0.0003,0.06817939132452011,
,,,,,,,,,,,14866,,1300.0,,,,,,,,,,,,,,,13096832.0,,1732668805.0,,,,,,,,,,,
,,,,,,,,,,,14947,,1240.0,,,,,,,,,,,,,,,13171200.0,,1732668886.0,,,,,,,,,,,
,,,,,,,,,,,15007,,1310.0,,,,,,,,,,,,,,,13222272.0,,1732668946.0,,,,,,,,,,,
,,,,,,,,,,,15010,,1920.0,,,,,,,,,,,,,,,13225984.0,,1732668949.0,,,,,,,,,,,
,,,,,,,,,,,15095,,1370.0,,,,,,,,,,,,,,,13303040.0,,1732669034.0,,,,,,,,,,,
,,,,,,,,,,,15360,,1260.0,,,,,,,,,,,,,,,13542912.0,,1732669299.0,,,,,,,,,,,
,,,,,,,,,,,15580,,620.0,,,,,,,,,,,,,,,13740928.0,,1732669519.0,,,,,,,,,,,
,,,,,,,,,,,15720,,970.0,,,,,,,,,,,,,,,13867904.0,,1732669659.0,,,,,,,,,,,
,,,,,,,,,,,15722,,1920.0,,,,,,,,,,,,,,,13870464.0,,1732669661.0,,,,,,,,,,,
,,,,,,,,,,,15919,,1280.0,,,,,,,,,,,,,,,14047488.0,,1732669858.0,,,,,,,,,,,
,,,,,,,,,,,16000,,1330.0,,,,,,,,,,,,,,,14120448.0,,1732669939.0,,,,,,,,,,,
,,,,,,,,,,,16026,,1320.0,,,,,,,,,,,,,,,14143616.0,,1732669965.0,,,,,,,,,,,
,,,,,,,,,,,16058,,910.0,,,,,,,,,,,,,,,14172800.0,,1732669997.0,,,,,,,,,,,
,,,,,,,,,,,16147,,1250.0,,,,,,,,,,,,,,,14253312.0,,1732670086.0,,,,,,,,,,,
,,,,,,,,,,,16266,,900.0,,,,,,,,,,,,,,,14359424.0,,1732670205.0,,,,,,,,,,,
,,,,,,,,,,,16271,,910.0,,,,,,,,,,,,,,,14365568.0,,1732670210.0,,,,,,,,,,,
,,,,,,,,,,,16286,,1840.0,,,,,,,,,,,,,,,14379136.0,,1732670225.0,,,,,,,,,,,
,,,,,,,,,,,16536,,1930.0,,,,,,,,,,,,,,,14604288.0,,1732670475.0,,,,,,,,,,,
,,,,,,,,,,,16620,,900.0,,,,,,,,,,,,,,,14681600.0,,1732670559.0,,,,,,,,,,,
,,,,,,,,,,,16621,,1260.0,,,,,,,,,,,,,,,14683776.0,,1732670560.0,,,,,,,,,,,
,,,,,,,,,,,16694,,1520.0,,,,,,,,,,,,,,,14750208.0,,1732670633.0,,,,,,,,,,,
,,,,,,,,,,,16714,,920.0,,,,,,,,,,,,,,,14769280.0,,1732670653.0,,,,,,,,,,,
,,,,,,,,,,,16756,,1390.0,,,,,,,,,,,,,,,14809088.0,,1732670695.0,,,,,,,,,,,
,,,,,,,,,,,16924,,820.0,,,,,,,,,,,,,,,14962432.0,,1732670863.0,,,,,,,,,,,
,,,,,,,,,,,16993,,1220.0,,,,,,,,,,,,,,,15025024.0,,1732670932.0,,,,,,,,,,,
,,,,,,,,,,,17047,,1430.0,,,,,,,,,,,,,,,15073792.0,,1732670986.0,,,,,,,,,,,
,,,,,,,,,,,17267,,1410.0,,,,,,,,,,,,,,,15275008.0,,1732671206.0,,,,,,,,,,,
,,,,,,,,,,,17418,,2380.0,,,,,,,,,,,,,,,15414272.0,,1732671357.0,,,,,,,,,,,
,,,,,,,,,,,17429,,1520.0,,,,,,,,,,,,,,,15424000.0,,1732671368.0,,,,,,,,,,,
886.0,0.004578436724841595,0.0010475257877260447,1384.83203125,0.005028244107961655,0.004995216149836779,898.5859375,0.05380316823720932,117.0,1477.34375,0.007316700182855129,17458,0.18781420292323078,,2.1846156120300293,0.6513040065765381,0.16014396494876737,-0.032482728362083435,0.0,0.04831264540553093,-0.024845635518431664,1398.0,0.1725586602704387,-0.051271166652441025,0.6586207151412964,943.0,0.004213035572320223,0.007327175699174404,15450112.0,0.0,1732671397.0,1575.291015625,0.00839020311832428,-0.000697651004884392,2980.0,0.125,0.0,17.319219827651978,-0.009708704426884651,0.0003,-0.03143519535660744,
,,,,,,,,,,,17502,,880.0,,,,,,,,,,,,,,,15489408.0,,1732671441.0,,,,,,,,,,,
,,,,,,,,,,,17575,,890.0,,,,,,,,,,,,,,,15558016.0,,1732671514.0,,,,,,,,,,,
,,,,,,,,,,,17728,,1410.0,,,,,,,,,,,,,,,15696128.0,,1732671667.0,,,,,,,,,,,
,,,,,,,,,,,17736,,1450.0,,,,,,,,,,,,,,,15703808.0,,1732671675.0,,,,,,,,,,,
,,,,,,,,,,,17747,,1420.0,,,,,,,,,,,,,,,15714048.0,,1732671686.0,,,,,,,,,,,
887.0,0.004035120829939842,-0.006634509190917015,1425.376953125,0.0046799276024103165,0.005174506455659866,900.9140625,0.047213997691869736,122.0,1512.734375,0.0012008314952254295,17926,0.18822974336584591,,2.2058231830596924,0.7495349645614624,0.16685035743271642,0.008705481886863708,0.0,0.0484452098608017,-0.02360869012773037,1298.0,0.17597809388541863,-0.04984833300113678,0.7507358193397522,969.0,0.006679875776171684,0.001134486636146903,15876096.0,0.0,1732671865.0,1605.248046875,0.00799656379967928,-0.0016495611052960157,3010.0,0.14056396484375,0.0,17.455904006958008,-0.007888704538345337,0.0003,0.0020709745585918427,
,,,,,,,,,,,17927,,710.0,,,,,,,,,,,,,,,15876352.0,,1732671866.0,,,,,,,,,,,
,,,,,,,,,,,17973,,880.0,,,,,,,,,,,,,,,15918080.0,,1732671912.0,,,,,,,,,,,
,,,,,,,,,,,18075,,940.0,,,,,,,,,,,,,,,16011136.0,,1732672014.0,,,,,,,,,,,
,,,,,,,,,,,18114,,1480.0,,,,,,,,,,,,,,,16047488.0,,1732672053.0,,,,,,,,,,,
887.0,0.0038670969661325216,-0.008500891737639904,1436.681640625,0.004707818850874901,0.005151072982698679,895.7109375,0.048032138496637344,118.0,1521.09375,0.0016740486025810242,18290,0.18911687125900378,,2.215122699737549,0.7216932773590088,0.1678484470789432,-0.0633365735411644,0.0,0.04850297421216965,-0.02564987540245056,1324.0,0.17658951579008395,-0.052740294486284256,0.7233673334121704,989.0,0.0017370987916365266,0.0015890398062765598,16203776.0,0.0,1732672229.0,1604.6328125,0.007579397410154343,0.00032898184144869447,2980.0,0.1439056396484375,0.0,17.51814889907837,-0.00964225735515356,0.0003,-0.07183746993541718,
,,,,,,,,,,,18314,,2450.0,,,,,,,,,,,,,,,16225536.0,,1732672253.0,,,,,,,,,,,
,,,,,,,,,,,18424,,1430.0,,,,,,,,,,,,,,,16323840.0,,1732672363.0,,,,,,,,,,,
,,,,,,,,,,,18444,,1470.0,,,,,,,,,,,,,,,16344320.0,,1732672383.0,,,,,,,,,,,
,,,,,,,,,,,18463,,860.0,,,,,,,,,,,,,,,16361600.0,,1732672402.0,,,,,,,,,,,
,,,,,,,,,,,18562,,950.0,,,,,,,,,,,,,,,16452480.0,,1732672501.0,,,,,,,,,,,
,,,,,,,,,,,18678,,1480.0,,,,,,,,,,,,,,,16556800.0,,1732672617.0,,,,,,,,,,,
,,,,,,,,,,,18763,,1960.0,,,,,,,,,,,,,,,16635264.0,,1732672702.0,,,,,,,,,,,
,,,,,,,,,,,18897,,1990.0,,,,,,,,,,,,,,,16754560.0,,1732672836.0,,,,,,,,,,,
,,,,,,,,,,,18922,,940.0,,,,,,,,,,,,,,,16777472.0,,1732672861.0,,,,,,,,,,,
,,,,,,,,,,,18947,,1990.0,,,,,,,,,,,,,,,16802944.0,,1732672886.0,,,,,,,,,,,
,,,,,,,,,,,19131,,1470.0,,,,,,,,,,,,,,,16969856.0,,1732673070.0,,,,,,,,,,,
,,,,,,,,,,,19445,,1940.0,,,,,,,,,,,,,,,17259008.0,,1732673384.0,,,,,,,,,,,
,,,,,,,,,,,19718,,1460.0,,,,,,,,,,,,,,,17504640.0,,1732673657.0,,,,,,,,,,,
889.0,0.005114439874887466,0.010937327519059181,1533.974609375,0.004026390612125397,0.0053145186975598335,923.09375,0.0482463538646698,117.0,1632.96875,-0.004178151488304138,19749,0.20924397455035582,1350.0,2.2311742305755615,0.7623944282531738,0.17905105508775493,-0.0539250448346138,0.0,0.0488351546227932,-0.024956366047263145,1357.0,0.19490952767431413,-0.052769310772418976,0.7582162618637085,1070.0,0.00384920765645802,-0.004068777896463871,17530880.0,0.0,1732673688.0,1741.255859375,0.007793556898832321,-0.0005930709303356707,3380.0,0.1723175048828125,0.0,17.877134323120117,-0.008554598316550255,0.0003,-0.04298771545290947,
,,,,,,,,,,,19805,,970.0,,,,,,,,,,,,,,,17582592.0,,1732673744.0,,,,,,,,,,,
,,,,,,,,,,,19920,,1440.0,,,,,,,,,,,,,,,17685632.0,,1732673859.0,,,,,,,,,,,
,,,,,,,,,,,20081,,1400.0,,,,,,,,,,,,,,,17832320.0,,1732674020.0,,,,,,,,,,,
,,,,,,,,,,,20284,,2960.0,,,,,,,,,,,,,,,18014208.0,,1732674223.0,,,,,,,,,,,
,,,,,,,,,,,20300,,1440.0,,,,,,,,,,,,,,,18028288.0,,1732674239.0,,,,,,,,,,,
,,,,,,,,,,,20389,,2940.0,,,,,,,,,,,,,,,18108672.0,,1732674328.0,,,,,,,,,,,
,,,,,,,,,,,20393,,1910.0,,,,,,,,,,,,,,,18113280.0,,1732674332.0,,,,,,,,,,,
,,,,,,,,,,,20931,,950.0,,,,,,,,,,,,,,,18594048.0,,1732674870.0,,,,,,,,,,,
,,,,,,,,,,,20958,,1460.0,,,,,,,,,,,,,,,18613888.0,,1732674897.0,,,,,,,,,,,
,,,,,,,,,,,21087,,950.0,,,,,,,,,,,,,,,18732672.0,,1732675026.0,,,,,,,,,,,
,,,,,,,,,,,21198,,1390.0,,,,,,,,,,,,,,,18833408.0,,1732675137.0,,,,,,,,,,,
,,,,,,,,,,,21199,,990.0,,,,,,,,,,,,,,,18834816.0,,1732675138.0,,,,,,,,,,,
,,,,,,,,,,,21310,,1520.0,,,,,,,,,,,,,,,18935680.0,,1732675249.0,,,,,,,,,,,
,,,,,,,,,,,21371,,960.0,,,,,,,,,,,,,,,18990464.0,,1732675310.0,,,,,,,,,,,
,,,,,,,,,,,21465,,1520.0,,,,,,,,,,,,,,,19076608.0,,1732675404.0,,,,,,,,,,,
,,,,,,,,,,,21746,,1480.0,,,,,,,,,,,,,,,19332992.0,,1732675685.0,,,,,,,,,,,
,,,,,,,,,,,21778,,1970.0,,,,,,,,,,,,,,,19362816.0,,1732675717.0,,,,,,,,,,,
,,,,,,,,,,,21793,,750.0,,,,,,,,,,,,,,,19375744.0,,1732675732.0,,,,,,,,,,,
,,,,,,,,,,,21918,,860.0,,,,,,,,,,,,,,,19494400.0,,1732675857.0,,,,,,,,,,,
,,,,,,,,,,,22024,,1510.0,,,,,,,,,,,,,,,19588224.0,,1732675963.0,,,,,,,,,,,
,,,,,,,,,,,22237,,1400.0,,,,,,,,,,,,,,,19768960.0,,1732676176.0,,,,,,,,,,,
,,,,,,,,,,,22323,,990.0,,,,,,,,,,,,,,,19838080.0,,1732676262.0,,,,,,,,,,,
,,,,,,,,,,,22333,,3010.0,,,,,,,,,,,,,,,19844864.0,,1732676272.0,,,,,,,,,,,
,,,,,,,,,,,22437,,650.0,,,,,,,,,,,,,,,19928192.0,,1732676376.0,,,,,,,,,,,
,,,,,,,,,,,22441,,1450.0,,,,,,,,,,,,,,,19932160.0,,1732676380.0,,,,,,,,,,,
888.0,0.0036365347914397717,-0.010371923446655273,1596.06640625,0.0037987488321959972,0.004877660423517227,939.5625,0.05142253264784813,119.0,1702.265625,0.00042312071309424937,22624,0.21651423390194063,,2.2616312503814697,0.6883190274238586,0.18768512496557924,-0.03528584539890289,0.0,0.049853768199682236,-0.028018895536661148,1364.0,0.2034014985724431,-0.04741624742746353,0.6887421607971191,1225.0,0.0049359058029949665,0.0003194015589542687,20070400.0,0.0,1732676563.0,1819.615234375,0.008273111656308174,-0.0013768712524324656,3540.0,0.1433258056640625,0.0,20.26651668548584,-0.011438515037298203,0.0003,-0.045657768845558167,
,,,,,,,,,,,22810,,1440.0,,,,,,,,,,,,,,,20210304.0,,1732676749.0,,,,,,,,,,,
,,,,,,,,,,,22979,,1500.0,,,,,,,,,,,,,,,20342272.0,,1732676918.0,,,,,,,,,,,
,,,,,,,,,,,23502,,1990.0,,,,,,,,,,,,,,,20743936.0,,1732677441.0,,,,,,,,,,,
,,,,,,,,,,,23650,,1000.0,,,,,,,,,,,,,,,20857984.0,,1732677589.0,,,,,,,,,,,
,,,,,,,,,,,23853,,1450.0,,,,,,,,,,,,,,,21014400.0,,1732677792.0,,,,,,,,,,,
881.0,0.005006163381040096,0.0038640133570879698,1561.015625,0.00895362813025713,0.004706786014139652,928.953125,0.048564281314611435,112.0,1641.015625,0.0014498387463390827,24052,0.21148585486746188,,2.2433009147644043,0.7890570163726807,0.18806952818156786,0.18393345177173615,0.0,0.0502711720764637,-0.023550478741526604,1416.0,0.1999367744460065,-0.04529554024338722,0.7905068397521973,1292.0,0.0054860045202076435,0.0014884790871292353,21168128.0,0.0,1732677991.0,1720.412109375,0.00913639273494482,0.003185229143127799,3000.0,0.159027099609375,0.0,20.34518790245056,-0.010162479244172573,0.0003,0.18779747188091278,
,,,,,,,,,,,24080,,2450.0,,,,,,,,,,,,,,,21188608.0,,1732678019.0,,,,,,,,,,,
,,,,,,,,,,,24103,,1480.0,,,,,,,,,,,,,,,21207040.0,,1732678042.0,,,,,,,,,,,
,,,,,,,,,,,24207,,1910.0,,,,,,,,,,,,,,,21287936.0,,1732678146.0,,,,,,,,,,,
,,,,,,,,,,,24347,,1490.0,,,,,,,,,,,,,,,21397120.0,,1732678286.0,,,,,,,,,,,
,,,,,,,,,,,24388,,1970.0,,,,,,,,,,,,,,,21427584.0,,1732678327.0,,,,,,,,,,,
,,,,,,,,,,,24567,,2980.0,,,,,,,,,,,,,,,21563520.0,,1732678506.0,,,,,,,,,,,
,,,,,,,,,,,24630,,780.0,,,,,,,,,,,,,,,21610752.0,,1732678569.0,,,,,,,,,,,
878.0,0.004223189316689968,-0.010170439258217812,1384.826171875,0.006366804242134094,0.004984810017049313,921.921875,0.04365753009915352,119.0,1487.265625,0.01107481773942709,24650,0.1880723588385339,,2.2891435623168945,0.7151230573654175,0.15416788196205744,0.06744080781936646,0.0,0.050476595759391785,-0.02802300825715065,1287.0,0.17011297265177755,-0.05039479583501816,0.7261978387832642,1320.0,0.007851991802453995,0.010973113588988781,21626880.0,0.0,1732678589.0,1601.125,0.006985804066061974,-0.0005018794909119606,3500.0,0.1333770751953125,0.0,20.479888916015625,-0.011807878501713276,0.0003,0.057270362973213196,
,,,,,,,,,,,24686,,760.0,,,,,,,,,,,,,,,21656704.0,,1732678625.0,,,,,,,,,,,
,,,,,,,,,,,24823,,730.0,,,,,,,,,,,,,,,21760256.0,,1732678762.0,,,,,,,,,,,
,,,,,,,,,,,24824,,900.0,,,,,,,,,,,,,,,21760640.0,,1732678763.0,,,,,,,,,,,
,,,,,,,,,,,24825,,1380.0,,,,,,,,,,,,,,,21761920.0,,1732678764.0,,,,,,,,,,,
,,,,,,,,,,,24826,,1430.0,,,,,,,,,,,,,,,21763072.0,,1732678765.0,,,,,,,,,,,
,,,,,,,,,,,25283,,1440.0,,,,,,,,,,,,,,,22112256.0,,1732679222.0,,,,,,,,,,,
,,,,,,,,,,,25314,,1910.0,,,,,,,,,,,,,,,22135936.0,,1732679253.0,,,,,,,,,,,
,,,,,,,,,,,25426,,2980.0,,,,,,,,,,,,,,,22222464.0,,1732679365.0,,,,,,,,,,,
,,,,,,,,,,,25474,,970.0,,,,,,,,,,,,,,,22261248.0,,1732679413.0,,,,,,,,,,,
,,,,,,,,,,,25645,,1420.0,,,,,,,,,,,,,,,22391424.0,,1732679584.0,,,,,,,,,,,
,,,,,,,,,,,25809,,960.0,,,,,,,,,,,,,,,22518272.0,,1732679748.0,,,,,,,,,,,
,,,,,,,,,,,26034,,950.0,,,,,,,,,,,,,,,22691200.0,,1732679973.0,,,,,,,,,,,
,,,,,,,,,,,26069,,2970.0,,,,,,,,,,,,,,,22717312.0,,1732680008.0,,,,,,,,,,,
872.0,0.004503409378230572,0.0034493538551032543,1582.5,0.005669598467648029,0.0050087738782167435,980.4453125,0.050047725439071655,113.0,1692.1875,0.00498969666659832,26099,0.21239279735938205,,2.2964730262756348,0.777589738368988,0.18607051823214835,-0.08993200957775116,0.0,0.05103467404842377,-0.03056718409061432,1515.0,0.1986007043580342,-0.04758243262767792,0.7825794816017151,1388.0,0.005339216440916061,0.0050241900607943535,22740992.0,0.0,1732680038.0,1807.08203125,0.008322235196828842,-0.0020361212082207203,3960.0,0.13616943359375,0.0,21.75230622291565,-0.014598371461033821,0.0003,-0.08648265153169632,
,,,,,,,,,,,26191,,1860.0,,,,,,,,,,,,,,,22811264.0,,1732680130.0,,,,,,,,,,,
,,,,,,,,,,,26200,,1460.0,,,,,,,,,,,,,,,22819200.0,,1732680139.0,,,,,,,,,,,
,,,,,,,,,,,26260,,890.0,,,,,,,,,,,,,,,22864512.0,,1732680199.0,,,,,,,,,,,
,,,,,,,,,,,26517,,960.0,,,,,,,,,,,,,,,23061888.0,,1732680456.0,,,,,,,,,,,
,,,,,,,,,,,26517,,1960.0,,,,,,,,,,,,,,,23062272.0,,1732680456.0,,,,,,,,,,,
870.0,0.004542560316622257,-0.002058949787169695,1589.759765625,0.011274376884102821,0.0051181260496377945,988.390625,0.04584444686770439,116.0,1698.75,0.0033708445262163877,26527,0.22244785703415992,,2.2981536388397217,0.8815606832504272,0.18863679183756288,0.04431896656751633,0.0,0.051225028932094574,-0.02449362725019455,1366.0,0.20616421977130106,-0.049864932894706726,0.8849315643310547,1408.0,0.004793879576027393,0.0033502555452287197,23068672.0,0.0,1732680466.0,1813.751953125,0.007746908813714981,-0.00020793170551769435,3520.0,0.138214111328125,0.0,22.096879959106445,-0.011022737249732018,0.0003,0.04226002097129822,
,,,,,,,,,,,26631,,1460.0,,,,,,,,,,,,,,,23150720.0,,1732680570.0,,,,,,,,,,,
,,,,,,,,,,,26742,,1980.0,,,,,,,,,,,,,,,23232640.0,,1732680681.0,,,,,,,,,,,
,,,,,,,,,,,26873,,2900.0,,,,,,,,,,,,,,,23335552.0,,1732680812.0,,,,,,,,,,,
,,,,,,,,,,,27121,,1000.0,,,,,,,,,,,,,,,23525888.0,,1732681060.0,,,,,,,,,,,
,,,,,,,,,,,27195,,1460.0,,,,,,,,,,,,,,,23581952.0,,1732681134.0,,,,,,,,,,,
,,,,,,,,,,,27351,,2950.0,,,,,,,,,,,,,,,23702528.0,,1732681290.0,,,,,,,,,,,
,,,,,,,,,,,27456,,1410.0,,,,,,,,,,,,,,,23783040.0,,1732681395.0,,,,,,,,,,,
866.0,0.004718016367405653,0.005452618934214115,1582.54296875,0.0068841553293168545,0.00570165179669857,971.046875,0.048296116292476654,112.0,1693.828125,-0.0022343862801790237,27613,0.21602396411542196,,2.21928334236145,0.8939179182052612,0.18358180462760332,-0.13303932547569275,0.0,0.05163950473070145,-0.024060070514678955,1328.0,0.2029033029464195,-0.05236903578042984,0.8916835188865662,1459.0,0.007650207262486219,-0.0021798599045723677,23904256.0,0.0,1732681552.0,1803.681640625,0.008183808997273445,-0.0020406341645866632,3890.0,0.1451873779296875,0.0,20.33150887489319,-0.009401222690939903,0.0003,-0.12758669257164001,
,,,,,,,,,,,27865,,2460.0,,,,,,,,,,,,,,,24098560.0,,1732681804.0,,,,,,,,,,,
,,,,,,,,,,,27883,,970.0,,,,,,,,,,,,,,,24112128.0,,1732681822.0,,,,,,,,,,,
,,,,,,,,,,,28005,,960.0,,,,,,,,,,,,,,,24206336.0,,1732681944.0,,,,,,,,,,,
,,,,,,,,,,,28362,,490.0,,,,,,,,,,,,,,,24484352.0,,1732682301.0,,,,,,,,,,,
,,,,,,,,,,,28637,,1390.0,,,,,,,,,,,,,,,24696960.0,,1732682576.0,,,,,,,,,,,
,,,,,,,,,,,28795,,1450.0,,,,,,,,,,,,,,,24815872.0,,1732682734.0,,,,,,,,,,,
,,,,,,,,,,,28842,,1460.0,,,,,,,,,,,,,,,24853632.0,,1732682781.0,,,,,,,,,,,
,,,,,,,,,,,29082,,2460.0,,,,,,,,,,,,,,,25037824.0,,1732683021.0,,,,,,,,,,,
,,,,,,,,,,,29215,,990.0,,,,,,,,,,,,,,,25141888.0,,1732683154.0,,,,,,,,,,,
,,,,,,,,,,,29241,,1470.0,,,,,,,,,,,,,,,25163008.0,,1732683180.0,,,,,,,,,,,
,,,,,,,,,,,29433,,1490.0,,,,,,,,,,,,,,,25309568.0,,1732683372.0,,,,,,,,,,,
,,,,,,,,,,,29455,,1150.0,,,,,,,,,,,,,,,25327872.0,,1732683394.0,,,,,,,,,,,
,,,,,,,,,,,29501,,960.0,,,,,,,,,,,,,,,25363456.0,,1732683440.0,,,,,,,,,,,
,,,,,,,,,,,29570,,1500.0,,,,,,,,,,,,,,,25419392.0,,1732683509.0,,,,,,,,,,,
,,,,,,,,,,,29593,,870.0,,,,,,,,,,,,,,,25436032.0,,1732683532.0,,,,,,,,,,,
,,,,,,,,,,,29613,,1980.0,,,,,,,,,,,,,,,25448448.0,,1732683552.0,,,,,,,,,,,
,,,,,,,,,,,29639,,1990.0,,,,,,,,,,,,,,,25470720.0,,1732683578.0,,,,,,,,,,,
,,,,,,,,,,,29665,,1460.0,,,,,,,,,,,,,,,25490432.0,,1732683604.0,,,,,,,,,,,
,,,,,,,,,,,29688,,2950.0,,,,,,,,,,,,,,,25509504.0,,1732683627.0,,,,,,,,,,,
,,,,,,,,,,,29717,,2470.0,,,,,,,,,,,,,,,25531904.0,,1732683656.0,,,,,,,,,,,
,,,,,,,,,,,29841,,2460.0,,,,,,,,,,,,,,,25627520.0,,1732683780.0,,,,,,,,,,,
,,,,,,,,,,,29994,,1960.0,,,,,,,,,,,,,,,25744768.0,,1732683933.0,,,,,,,,,,,
,,,,,,,,,,,30027,,1370.0,,,,,,,,,,,,,,,25771008.0,,1732683966.0,,,,,,,,,,,
,,,,,,,,,,,30485,,3420.0,,,,,,,,,,,,,,,26122368.0,,1732684424.0,,,,,,,,,,,
,,,,,,,,,,,30513,,1500.0,,,,,,,,,,,,,,,26143232.0,,1732684452.0,,,,,,,,,,,
,,,,,,,,,,,30546,,1410.0,,,,,,,,,,,,,,,26169088.0,,1732684485.0,,,,,,,,,,,
,,,,,,,,,,,30792,,3430.0,,,,,,,,,,,,,,,26358912.0,,1732684731.0,,,,,,,,,,,
,,,,,,,,,,,30863,,1450.0,,,,,,,,,,,,,,,26414464.0,,1732684802.0,,,,,,,,,,,
,,,,,,,,,,,30970,,2460.0,,,,,,,,,,,,,,,26493184.0,,1732684909.0,,,,,,,,,,,
856.0,0.005853648297488689,0.009232680313289165,1493.658203125,0.011842142790555954,0.005248916335403919,984.296875,0.04541390389204025,112.0,1607.1875,0.005209323950111866,30990,0.2003715633559907,,2.321991443634033,0.8626387119293213,0.1733738894766591,0.11575783789157867,0.0,0.052856940776109695,-0.022545799612998962,1323.0,0.18863679183756288,-0.05086318403482437,0.8678479790687561,1618.0,0.0031076697632670403,0.0053016506135463715,26509312.0,0.0,1732684929.0,1714.24609375,0.007288787979632616,0.001446181326173246,4450.0,0.1622772216796875,0.0,20.327783584594727,-0.008891351521015167,0.0003,0.12499052286148071,
,,,,,,,,,,,31151,,1480.0,,,,,,,,,,,,,,,26637056.0,,1732685090.0,,,,,,,,,,,
,,,,,,,,,,,31255,,1940.0,,,,,,,,,,,,,,,26715264.0,,1732685194.0,,,,,,,,,,,
,,,,,,,,,,,31462,,1460.0,,,,,,,,,,,,,,,26876544.0,,1732685401.0,,,,,,,,,,,
,,,,,,,,,,,31491,,2430.0,,,,,,,,,,,,,,,26897024.0,,1732685430.0,,,,,,,,,,,
,,,,,,,,,,,31506,,1960.0,,,,,,,,,,,,,,,26908032.0,,1732685445.0,,,,,,,,,,,
,,,,,,,,,,,31555,,2490.0,,,,,,,,,,,,,,,26944640.0,,1732685494.0,,,,,,,,,,,
,,,,,,,,,,,31619,,2410.0,,,,,,,,,,,,,,,26995456.0,,1732685558.0,,,,,,,,,,,
853.0,0.0032268231734633446,-0.0018320507369935513,1535.69921875,0.00452820397913456,0.004918268881738186,983.6796875,0.05116894841194153,113.0,1625.3125,-0.00031606247648596764,31924,0.208568579798258,,2.336930751800537,0.8479998111724854,0.17861966296612994,0.03830639272928238,0.0,0.053223852068185806,-0.02777346782386303,1222.0,0.1947283656284874,-0.04956065118312836,0.8476836681365967,1662.0,0.0047555891796946526,-0.0003343828138895333,27230208.0,0.0,1732685863.0,1724.328125,0.007154376246035099,-0.00035938434302806854,3430.0,0.1098175048828125,0.0,21.90610361099243,-0.010245450772345066,0.0003,0.03647433966398239,
,,,,,,,,,,,32389,,950.0,,,,,,,,,,,,,,,27590528.0,,1732686328.0,,,,,,,,,,,
,,,,,,,,,,,32824,,2980.0,,,,,,,,,,,,,,,27925888.0,,1732686763.0,,,,,,,,,,,
,,,,,,,,,,,33012,,1930.0,,,,,,,,,,,,,,,28076672.0,,1732686951.0,,,,,,,,,,,
,,,,,,,,,,,33033,,1450.0,,,,,,,,,,,,,,,28095232.0,,1732686972.0,,,,,,,,,,,
,,,,,,,,,,,33186,,720.0,,,,,,,,,,,,,,,28221568.0,,1732687125.0,,,,,,,,,,,
,,,,,,,,,,,33225,,2020.0,,,,,,,,,,,,,,,28256640.0,,1732687164.0,,,,,,,,,,,
,,,,,,,,,,,33260,,970.0,,,,,,,,,,,,,,,28283520.0,,1732687199.0,,,,,,,,,,,
,,,,,,,,,,,33494,,1310.0,,,,,,,,,,,,,,,28483072.0,,1732687433.0,,,,,,,,,,,
,,,,,,,,,,,33753,,1300.0,,,,,,,,,,,,,,,28703872.0,,1732687692.0,,,,,,,,,,,
,,,,,,,,,,,33817,,1450.0,,,,,,,,,,,,,,,28759680.0,,1732687756.0,,,,,,,,,,,
851.0,0.0032739737071096897,-0.006636015139520168,1693.724609375,0.009108982980251312,0.005021505057811737,965.59375,0.0474538616836071,108.0,1799.921875,-0.0008084193104878068,33850,0.22665817620545228,,2.3582613468170166,0.9275445938110352,0.19717348711575533,-0.043600648641586304,0.0,0.05380794033408165,-0.02569904923439026,1419.0,0.2099006869664778,-0.04709487035870552,0.9267362356185913,1757.0,0.00379853299818933,-0.0008747795363888144,28786688.0,0.0,1732687789.0,1917.740234375,0.006440111435949802,-0.0010096847545355558,3890.0,0.1119842529296875,0.0,19.798332929611206,-0.009890981018543243,0.0003,-0.05023665726184845,
,,,,,,,,,,,34104,,1460.0,,,,,,,,,,,,,,,29008000.0,,1732688043.0,,,,,,,,,,,
,,,,,,,,,,,34138,,1450.0,,,,,,,,,,,,,,,29034752.0,,1732688077.0,,,,,,,,,,,
,,,,,,,,,,,34140,,1990.0,,,,,,,,,,,,,,,29036928.0,,1732688079.0,,,,,,,,,,,
,,,,,,,,,,,34157,,1460.0,,,,,,,,,,,,,,,29050624.0,,1732688096.0,,,,,,,,,,,
,,,,,,,,,,,34254,,2470.0,,,,,,,,,,,,,,,29137408.0,,1732688193.0,,,,,,,,,,,
,,,,,,,,,,,34326,,960.0,,,,,,,,,,,,,,,29196544.0,,1732688265.0,,,,,,,,,,,
,,,,,,,,,,,34335,,1460.0,,,,,,,,,,,,,,,29205888.0,,1732688274.0,,,,,,,,,,,
,,,,,,,,,,,34503,,960.0,,,,,,,,,,,,,,,29352064.0,,1732688442.0,,,,,,,,,,,
,,,,,,,,,,,34666,,4450.0,,,,,,,,,,,,,,,29493248.0,,1732688605.0,,,,,,,,,,,
,,,,,,,,,,,34678,,1400.0,,,,,,,,,,,,,,,29505280.0,,1732688617.0,,,,,,,,,,,
,,,,,,,,,,,34893,,1430.0,,,,,,,,,,,,,,,29689472.0,,1732688832.0,,,,,,,,,,,
,,,,,,,,,,,35047,,1990.0,,,,,,,,,,,,,,,29823872.0,,1732688986.0,,,,,,,,,,,
,,,,,,,,,,,35054,,1470.0,,,,,,,,,,,,,,,29829504.0,,1732688993.0,,,,,,,,,,,
,,,,,,,,,,,35054,,1470.0,,,,,,,,,,,,,,,29829632.0,,1732688993.0,,,,,,,,,,,
,,,,,,,,,,,35055,,1950.0,,,,,,,,,,,,,,,29831296.0,,1732688994.0,,,,,,,,,,,
,,,,,,,,,,,35058,,1960.0,,,,,,,,,,,,,,,29834880.0,,1732688997.0,,,,,,,,,,,
,,,,,,,,,,,35227,,1340.0,,,,,,,,,,,,,,,29982464.0,,1732689166.0,,,,,,,,,,,
,,,,,,,,,,,35278,,1960.0,,,,,,,,,,,,,,,30026240.0,,1732689217.0,,,,,,,,,,,
,,,,,,,,,,,35304,,2940.0,,,,,,,,,,,,,,,30049408.0,,1732689243.0,,,,,,,,,,,
,,,,,,,,,,,35384,,970.0,,,,,,,,,,,,,,,30118784.0,,1732689323.0,,,,,,,,,,,
,,,,,,,,,,,35444,,1480.0,,,,,,,,,,,,,,,30171776.0,,1732689383.0,,,,,,,,,,,
,,,,,,,,,,,35511,,950.0,,,,,,,,,,,,,,,30229376.0,,1732689450.0,,,,,,,,,,,
,,,,,,,,,,,35511,,1490.0,,,,,,,,,,,,,,,30229504.0,,1732689450.0,,,,,,,,,,,
,,,,,,,,,,,35515,,1450.0,,,,,,,,,,,,,,,30233984.0,,1732689454.0,,,,,,,,,,,
852.0,0.0035904105752706528,0.006190779153257608,1556.47265625,0.011749740689992905,0.004956412594765425,978.5,0.05307702347636223,115.0,1651.796875,-0.0009616406168788671,35528,0.20947665455296455,,2.4031031131744385,0.9882298707962036,0.1835812384962101,0.10475926101207733,0.0,0.05435466021299362,-0.022914724424481392,1276.0,0.19737786054870363,-0.04770594462752342,0.9872682690620422,1846.0,0.004672841634601355,-0.0008997329277917743,30244864.0,0.0,1732689467.0,1761.861328125,0.00600762665271759,0.002629364375025034,4460.0,0.1192779541015625,0.0,18.224814653396606,-0.007762379944324493,0.0003,0.11095006763935089,
,,,,,,,,,,,35720,,1470.0,,,,,,,,,,,,,,,30411392.0,,1732689659.0,,,,,,,,,,,
,,,,,,,,,,,35763,,550.0,,,,,,,,,,,,,,,30449920.0,,1732689702.0,,,,,,,,,,,
,,,,,,,,,,,36386,,1450.0,,,,,,,,,,,,,,,30987136.0,,1732690325.0,,,,,,,,,,,
,,,,,,,,,,,36394,,2490.0,,,,,,,,,,,,,,,30995584.0,,1732690333.0,,,,,,,,,,,
,,,,,,,,,,,36427,,4450.0,,,,,,,,,,,,,,,31025408.0,,1732690366.0,,,,,,,,,,,
,,,,,,,,,,,36469,,2450.0,,,,,,,,,,,,,,,31061248.0,,1732690408.0,,,,,,,,,,,
,,,,,,,,,,,36483,,1460.0,,,,,,,,,,,,,,,31073024.0,,1732690422.0,,,,,,,,,,,
,,,,,,,,,,,36686,,1970.0,,,,,,,,,,,,,,,31246976.0,,1732690625.0,,,,,,,,,,,
,,,,,,,,,,,37030,,1470.0,,,,,,,,,,,,,,,31542784.0,,1732690969.0,,,,,,,,,,,
,,,,,,,,,,,37249,,1540.0,,,,,,,,,,,,,,,31733376.0,,1732691188.0,,,,,,,,,,,
,,,,,,,,,,,37277,,2030.0,,,,,,,,,,,,,,,31755904.0,,1732691216.0,,,,,,,,,,,
852.0,0.003307935781776905,-0.002645836677402258,1473.65625,0.005775771103799343,0.005403050221502781,966.265625,0.04177313670516014,113.0,1571.328125,0.0038022338412702084,37291,0.19925854903694257,,2.350867509841919,0.995208203792572,0.16893315482833088,0.008244948461651802,0.0,0.05491536855697632,-0.028856877237558365,1606.0,0.1847191625965594,-0.04908861219882965,0.9990103840827942,1939.0,0.003758362028747797,0.0037757751997560263,31768576.0,0.0,1732691230.0,1670.578125,0.0059499540366232395,0.000508130353409797,3000.0,0.121795654296875,0.0,18.859408378601074,-0.011211062781512737,0.0003,0.005599115043878555,
,,,,,,,,,,,37393,,1910.0,,,,,,,,,,,,,,,31860608.0,,1732691332.0,,,,,,,,,,,
,,,,,,,,,,,37395,,1490.0,,,,,,,,,,,,,,,31863296.0,,1732691334.0,,,,,,,,,,,
,,,,,,,,,,,37414,,1990.0,,,,,,,,,,,,,,,31879296.0,,1732691353.0,,,,,,,,,,,
852.0,0.004296987783163786,-0.01154252514243126,1524.125,0.009132280014455318,0.005923682823777199,977.0703125,0.04617100954055786,116.0,1612.34375,4.140753298997879e-05,37439,0.2022494211872636,980.0,2.2982890605926514,1.0614678859710693,0.17973720633632373,0.062099628150463104,0.0,0.05495674908161163,-0.024512741714715958,1559.0,0.19067486485311383,-0.050267063081264496,1.061509132385254,1947.0,0.0027194898575544357,-7.401802577078342e-05,31899648.0,0.0,1732691378.0,1716.84765625,0.007042393554002047,-3.807863686233759e-05,4970.0,0.14544677734375,0.0,18.263418674468994,-0.009617188945412636,0.0003,0.05055709183216095,
,,,,,,,,,,,37454,,1440.0,,,,,,,,,,,,,,,31914624.0,,1732691393.0,,,,,,,,,,,
,,,,,,,,,,,37482,,1990.0,,,,,,,,,,,,,,,31935488.0,,1732691421.0,,,,,,,,,,,
,,,,,,,,,,,37654,,1480.0,,,,,,,,,,,,,,,32086656.0,,1732691593.0,,,,,,,,,,,
,,,,,,,,,,,37703,,1960.0,,,,,,,,,,,,,,,32130688.0,,1732691642.0,,,,,,,,,,,
,,,,,,,,,,,37772,,1470.0,,,,,,,,,,,,,,,32192640.0,,1732691711.0,,,,,,,,,,,
852.0,0.004969787783920765,-0.0041168974712491035,1438.90625,0.006579688750207424,0.005419537425041199,963.8203125,0.0409674271941185,117.0,1522.5,0.0026877671480178833,37832,0.1976513020116234,,2.3555946350097656,0.9700496196746826,0.16845873672082204,0.06620323657989502,0.0,0.05504879355430603,-0.027589311823248863,1330.0,0.1834736735315005,-0.0503438301384449,0.9727373719215393,1968.0,0.0062959766946733,0.002646598033607006,32243712.0,0.0,1732691771.0,1605.634765625,0.004954417236149311,0.0004404445644468069,3450.0,0.1212005615234375,0.0,18.26333475112915,-0.009800420142710209,0.0003,0.062086351215839386,
,,,,,,,,,,,37896,,1940.0,,,,,,,,,,,,,,,32300160.0,,1732691835.0,,,,,,,,,,,
,,,,,,,,,,,38026,,2020.0,,,,,,,,,,,,,,,32416384.0,,1732691965.0,,,,,,,,,,,
,,,,,,,,,,,38092,,1470.0,,,,,,,,,,,,,,,32474496.0,,1732692031.0,,,,,,,,,,,
,,,,,,,,,,,38214,,2500.0,,,,,,,,,,,,,,,32580224.0,,1732692153.0,,,,,,,,,,,
,,,,,,,,,,,38292,,1010.0,,,,,,,,,,,,,,,32650240.0,,1732692231.0,,,,,,,,,,,
,,,,,,,,,,,38376,,1970.0,,,,,,,,,,,,,,,32723072.0,,1732692315.0,,,,,,,,,,,
,,,,,,,,,,,38385,,1000.0,,,,,,,,,,,,,,,32733696.0,,1732692324.0,,,,,,,,,,,
,,,,,,,,,,,38460,,1490.0,,,,,,,,,,,,,,,32796416.0,,1732692399.0,,,,,,,,,,,
,,,,,,,,,,,38589,,990.0,,,,,,,,,,,,,,,32912768.0,,1732692528.0,,,,,,,,,,,
,,,,,,,,,,,38598,,1490.0,,,,,,,,,,,,,,,32918784.0,,1732692537.0,,,,,,,,,,,
,,,,,,,,,,,38636,,1470.0,,,,,,,,,,,,,,,32955136.0,,1732692575.0,,,,,,,,,,,
,,,,,,,,,,,38642,,710.0,,,,,,,,,,,,,,,32960896.0,,1732692581.0,,,,,,,,,,,
,,,,,,,,,,,38772,,710.0,,,,,,,,,,,,,,,33076224.0,,1732692711.0,,,,,,,,,,,
,,,,,,,,,,,38841,,1420.0,,,,,,,,,,,,,,,33139840.0,,1732692780.0,,,,,,,,,,,
,,,,,,,,,,,38849,,680.0,,,,,,,,,,,,,,,33145600.0,,1732692788.0,,,,,,,,,,,
,,,,,,,,,,,38927,,900.0,,,,,,,,,,,,,,,33216640.0,,1732692866.0,,,,,,,,,,,
,,,,,,,,,,,39036,,1530.0,,,,,,,,,,,,,,,33313152.0,,1732692975.0,,,,,,,,,,,
,,,,,,,,,,,39191,,990.0,,,,,,,,,,,,,,,33454208.0,,1732693130.0,,,,,,,,,,,
,,,,,,,,,,,39200,,1020.0,,,,,,,,,,,,,,,33460736.0,,1732693139.0,,,,,,,,,,,
,,,,,,,,,,,39230,,990.0,,,,,,,,,,,,,,,33488768.0,,1732693169.0,,,,,,,,,,,
,,,,,,,,,,,39306,,2500.0,,,,,,,,,,,,,,,33557760.0,,1732693245.0,,,,,,,,,,,
,,,,,,,,,,,39356,,1040.0,,,,,,,,,,,,,,,33602432.0,,1732693295.0,,,,,,,,,,,
,,,,,,,,,,,39477,,1540.0,,,,,,,,,,,,,,,33710848.0,,1732693416.0,,,,,,,,,,,
,,,,,,,,,,,39511,,1540.0,,,,,,,,,,,,,,,33742208.0,,1732693450.0,,,,,,,,,,,
854.0,0.0038879369385540485,0.004919310566037893,1487.185546875,0.005059307906776667,0.0061864787712693214,951.109375,0.044887494295835495,113.0,1578.046875,-0.010278500616550446,39630,0.19271633465702404,,2.33831787109375,1.3190518617630005,0.1718079700430441,-0.007206747308373451,0.0,0.05541785806417465,-0.02656812220811844,1276.0,0.18252257279091,-0.04375660419464111,1.3087732791900635,2066.0,0.004172563552856445,-0.010229307226836681,33849344.0,0.0,1732693569.0,1674.48046875,0.0054274434223771095,-0.0006836409447714686,4330.0,0.1339569091796875,0.0,17.85969829559326,-0.008428322151303291,0.0003,-0.0022874362766742706,
,,,,,,,,,,,39644,,2020.0,,,,,,,,,,,,,,,33864064.0,,1732693583.0,,,,,,,,,,,
854.0,0.00395584013313055,0.004603562876582146,1469.984375,0.010111895389854908,0.005050741136074066,954.3671875,0.04495001211762428,109.0,1570.3125,-0.0034930359106510878,39742,0.2002594693401354,,2.3953819274902344,0.9332550168037415,0.16560600063044395,-0.08683839440345764,0.0,0.0554262213408947,-0.025881044566631317,1408.0,0.1816846983289613,-0.048635996878147125,0.9297620058059692,2072.0,0.004869293887168169,-0.0034469999372959137,33947648.0,0.0,1732693681.0,1672.291015625,0.00616882462054491,-0.0002697547315619886,4330.0,0.1372222900390625,0.0,17.748109340667725,-0.010067583993077278,0.0003,-0.08223482966423035,
,,,,,,,,,,,40031,,1010.0,,,,,,,,,,,,,,,34203776.0,,1732693970.0,,,,,,,,,,,
,,,,,,,,,,,40107,,1870.0,,,,,,,,,,,,,,,34273536.0,,1732694046.0,,,,,,,,,,,
,,,,,,,,,,,40302,,1000.0,,,,,,,,,,,,,,,34444544.0,,1732694241.0,,,,,,,,,,,
,,,,,,,,,,,40388,,2040.0,,,,,,,,,,,,,,,34521984.0,,1732694327.0,,,,,,,,,,,
,,,,,,,,,,,40393,,2030.0,,,,,,,,,,,,,,,34525696.0,,1732694332.0,,,,,,,,,,,
,,,,,,,,,,,40507,,1490.0,,,,,,,,,,,,,,,34631552.0,,1732694446.0,,,,,,,,,,,
,,,,,,,,,,,40522,,1030.0,,,,,,,,,,,,,,,34645248.0,,1732694461.0,,,,,,,,,,,
855.0,0.004199177026748657,0.0016659211833029985,1427.9609375,0.010359181091189384,0.00539937149733305,995.203125,0.04805946722626686,119.0,1500.625,0.002821695990860462,40550,0.18752830656966046,,2.377621650695801,1.0389759540557861,0.16519385697618807,0.035087816417217255,0.0,0.05553252249956131,-0.02602095529437065,1910.0,0.17715564718329252,-0.04731449857354164,1.0417976379394531,2116.0,0.007092991843819618,0.0028383550234138966,34668544.0,0.0,1732694489.0,1576.64453125,0.0071425545029342175,0.00040556048043072224,3040.0,0.1409912109375,0.0,17.658849477767944,-0.01099560409784317,0.0003,0.03675372898578644,
,,,,,,,,,,,40858,,1410.0,,,,,,,,,,,,,,,34943872.0,,1732694797.0,,,,,,,,,,,
,,,,,,,,,,,40882,,1580.0,,,,,,,,,,,,,,,34963968.0,,1732694821.0,,,,,,,,,,,
,,,,,,,,,,,40979,,1980.0,,,,,,,,,,,,,,,35047040.0,,1732694918.0,,,,,,,,,,,
,,,,,,,,,,,41112,,1550.0,,,,,,,,,,,,,,,35167488.0,,1732695051.0,,,,,,,,,,,
,,,,,,,,,,,41296,,2040.0,,,,,,,,,,,,,,,35330176.0,,1732695235.0,,,,,,,,,,,
,,,,,,,,,,,41453,,1470.0,,,,,,,,,,,,,,,35471616.0,,1732695392.0,,,,,,,,,,,
,,,,,,,,,,,41508,,1530.0,,,,,,,,,,,,,,,35524224.0,,1732695447.0,,,,,,,,,,,
,,,,,,,,,,,41640,,1560.0,,,,,,,,,,,,,,,35638656.0,,1732695579.0,,,,,,,,,,,
,,,,,,,,,,,41775,,1550.0,,,,,,,,,,,,,,,35763712.0,,1732695714.0,,,,,,,,,,,
,,,,,,,,,,,41808,,2040.0,,,,,,,,,,,,,,,35793664.0,,1732695747.0,,,,,,,,,,,
,,,,,,,,,,,41812,,1040.0,,,,,,,,,,,,,,,35798784.0,,1732695751.0,,,,,,,,,,,
857.0,0.004313582554459572,-0.007028275169432163,1438.326171875,0.010534467175602913,0.005449383519589901,977.2109375,0.04264851287007332,110.0,1522.8125,-0.0027562598697841167,42067,0.19142385668632883,,2.311553955078125,1.1109278202056885,0.16216392175973565,0.0320424810051918,0.0,0.05573201924562454,-0.02617046982049942,1495.0,0.17382679459122596,-0.04035744071006775,1.1081717014312744,2199.0,0.003120967885479331,-0.0028265430592000484,36028416.0,0.0,1732696006.0,1611.380859375,0.0066480753012001514,-0.00012046121992170811,2970.0,0.1257476806640625,0.0,18.12022042274475,-0.011646203696727753,0.0003,0.025014212355017662,
,,,,,,,,,,,42079,,810.0,,,,,,,,,,,,,,,36041216.0,,1732696018.0,,,,,,,,,,,
,,,,,,,,,,,42233,,2560.0,,,,,,,,,,,,,,,36176384.0,,1732696172.0,,,,,,,,,,,
,,,,,,,,,,,42341,,1040.0,,,,,,,,,,,,,,,36276608.0,,1732696280.0,,,,,,,,,,,
,,,,,,,,,,,42345,,1030.0,,,,,,,,,,,,,,,36281088.0,,1732696284.0,,,,,,,,,,,
,,,,,,,,,,,42579,,3550.0,,,,,,,,,,,,,,,36489472.0,,1732696518.0,,,,,,,,,,,
857.0,0.004041326232254505,0.00029068789444863796,1550.376953125,0.01525403093546629,0.005948915146291256,1003.9140625,0.05093659088015556,119.0,1646.328125,-0.001763750333338976,42702,0.20811624081508429,,2.287121534347534,1.1767857074737549,0.17495339606371108,-0.09105505049228668,0.0,0.055855024605989456,-0.021834101527929306,1519.0,0.19192035391817275,-0.0480591244995594,1.1750218868255615,2234.0,0.003396511310711503,-0.0017608434427529573,36601856.0,0.0,1732696641.0,1745.671875,0.008912038058042526,-0.0008471072069369256,3550.0,0.123016357421875,0.0,17.9302077293396,-0.01104592252522707,0.0003,-0.0907643586397171,
,,,,,,,,,,,42800,,1050.0,,,,,,,,,,,,,,,36689408.0,,1732696739.0,,,,,,,,,,,
,,,,,,,,,,,42819,,1560.0,,,,,,,,,,,,,,,36708992.0,,1732696758.0,,,,,,,,,,,
857.0,0.0039824387058615685,-0.003987039439380169,1478.826171875,0.007584589533507824,0.005252734292298555,976.171875,0.04537663236260414,120.0,1565.078125,-0.008419177494943142,42885,0.19794569033609186,,2.285956859588623,0.9738056659698486,0.17434593707879825,0.02465374395251274,0.0,0.05588363856077194,-0.028612179681658745,1416.0,0.18480974361947278,-0.04489989951252937,0.9653864502906799,2244.0,0.006500923074781895,-0.008459048345685005,36765696.0,0.0,1732696824.0,1655.34375,0.005869366228580475,-0.00038576056249439716,3570.0,0.1395416259765625,0.0,17.598970413208008,-0.012479591183364391,0.0003,0.020666707307100296,
,,,,,,,,,,,43025,,1390.0,,,,,,,,,,,,,,,36894976.0,,1732696964.0,,,,,,,,,,,
,,,,,,,,,,,43058,,990.0,,,,,,,,,,,,,,,36923776.0,,1732696997.0,,,,,,,,,,,
,,,,,,,,,,,43081,,1550.0,,,,,,,,,,,,,,,36943104.0,,1732697020.0,,,,,,,,,,,
,,,,,,,,,,,43326,,1060.0,,,,,,,,,,,,,,,37168128.0,,1732697265.0,,,,,,,,,,,
,,,,,,,,,,,43327,,2030.0,,,,,,,,,,,,,,,37168512.0,,1732697266.0,,,,,,,,,,,
,,,,,,,,,,,43430,,1550.0,,,,,,,,,,,,,,,37259392.0,,1732697369.0,,,,,,,,,,,
,,,,,,,,,,,43466,,1970.0,,,,,,,,,,,,,,,37290496.0,,1732697405.0,,,,,,,,,,,
,,,,,,,,,,,43473,,2050.0,,,,,,,,,,,,,,,37295488.0,,1732697412.0,,,,,,,,,,,
,,,,,,,,,,,43542,,1950.0,,,,,,,,,,,,,,,37361536.0,,1732697481.0,,,,,,,,,,,
,,,,,,,,,,,43637,,1560.0,,,,,,,,,,,,,,,37448192.0,,1732697576.0,,,,,,,,,,,
,,,,,,,,,,,43834,,2070.0,,,,,,,,,,,,,,,37627648.0,,1732697773.0,,,,,,,,,,,
,,,,,,,,,,,43835,,870.0,,,,,,,,,,,,,,,37629568.0,,1732697774.0,,,,,,,,,,,
859.0,0.004456748720258474,-0.012801404111087322,1497.1796875,0.003910934552550316,0.00489047123119235,984.1171875,0.04722646623849869,113.0,1595.78125,0.0014739432372152805,43843,0.2075767175973565,,2.3416194915771484,0.8312031030654907,0.17097292623806143,-0.018017856404185295,0.0,0.055992648005485535,-0.029065130278468132,1313.0,0.18786685314279922,-0.04396849870681763,0.8326770067214966,2297.0,0.0032613002695143223,0.0013459293404594064,37634048.0,0.0,1732697782.0,1692.474609375,0.006686327513307333,-0.0008525253506377339,3070.0,0.1248321533203125,0.0,17.360455751419067,-0.010947567410767078,0.0003,-0.030819252133369446,
,,,,,,,,,,,43987,,660.0,,,,,,,,,,,,,,,37767168.0,,1732697926.0,,,,,,,,,,,
,,,,,,,,,,,44006,,2000.0,,,,,,,,,,,,,,,37784064.0,,1732697945.0,,,,,,,,,,,
,,,,,,,,,,,44223,,1190.0,,,,,,,,,,,,,,,37980672.0,,1732698162.0,,,,,,,,,,,
,,,,,,,,,,,44229,,2050.0,,,,,,,,,,,,,,,37988096.0,,1732698168.0,,,,,,,,,,,
,,,,,,,,,,,44445,,1060.0,,,,,,,,,,,,,,,38183040.0,,1732698384.0,,,,,,,,,,,
,,,,,,,,,,,44458,,2550.0,,,,,,,,,,,,,,,38195584.0,,1732698397.0,,,,,,,,,,,
,,,,,,,,,,,44461,,1510.0,,,,,,,,,,,,,,,38197376.0,,1732698400.0,,,,,,,,,,,
,,,,,,,,,,,44531,,1560.0,,,,,,,,,,,,,,,38264192.0,,1732698470.0,,,,,,,,,,,
,,,,,,,,,,,44538,,1560.0,,,,,,,,,,,,,,,38270208.0,,1732698477.0,,,,,,,,,,,
,,,,,,,,,,,44566,,3020.0,,,,,,,,,,,,,,,38295552.0,,1732698505.0,,,,,,,,,,,
,,,,,,,,,,,44595,,2050.0,,,,,,,,,,,,,,,38321536.0,,1732698534.0,,,,,,,,,,,
,,,,,,,,,,,44804,,720.0,,,,,,,,,,,,,,,38512896.0,,1732698743.0,,,,,,,,,,,
,,,,,,,,,,,44982,,2550.0,,,,,,,,,,,,,,,38677376.0,,1732698921.0,,,,,,,,,,,
,,,,,,,,,,,45065,,1040.0,,,,,,,,,,,,,,,38753152.0,,1732699004.0,,,,,,,,,,,
,,,,,,,,,,,45092,,1430.0,,,,,,,,,,,,,,,38777856.0,,1732699031.0,,,,,,,,,,,
,,,,,,,,,,,45174,,2520.0,,,,,,,,,,,,,,,38855680.0,,1732699113.0,,,,,,,,,,,
,,,,,,,,,,,45232,,1500.0,,,,,,,,,,,,,,,38906240.0,,1732699171.0,,,,,,,,,,,
,,,,,,,,,,,45269,,1920.0,,,,,,,,,,,,,,,38943104.0,,1732699208.0,,,,,,,,,,,
,,,,,,,,,,,45270,,1060.0,,,,,,,,,,,,,,,38943616.0,,1732699209.0,,,,,,,,,,,
,,,,,,,,,,,45588,,1060.0,,,,,,,,,,,,,,,39237120.0,,1732699527.0,,,,,,,,,,,
,,,,,,,,,,,45681,,1540.0,,,,,,,,,,,,,,,39321088.0,,1732699620.0,,,,,,,,,,,
,,,,,,,,,,,45789,,2050.0,,,,,,,,,,,,,,,39420544.0,,1732699728.0,,,,,,,,,,,
,,,,,,,,,,,45840,,2300.0,,,,,,,,,,,,,,,39466752.0,,1732699779.0,,,,,,,,,,,
,,,,,,,,,,,46008,,1060.0,,,,,,,,,,,,,,,39619072.0,,1732699947.0,,,,,,,,,,,
,,,,,,,,,,,46027,,1580.0,,,,,,,,,,,,,,,39638656.0,,1732699966.0,,,,,,,,,,,
861.0,0.004870135337114334,0.005377293564379215,1670.232421875,0.004078305792063475,0.005894367583096027,992.703125,0.044248949736356735,115.0,1770.78125,-0.00138283078558743,46039,0.22337518025623565,,2.2676398754119873,1.1560676097869873,0.19538281351903652,0.007116150110960007,0.0,0.056278157979249954,-0.030083565041422844,1426.0,0.2086099073899622,-0.04454561322927475,1.1546847820281982,2420.0,0.005683921277523041,-0.0013290581991896033,39649280.0,0.0,1732699978.0,1862.37890625,0.004670408088713884,0.00041432579746469855,3540.0,0.1296539306640625,0.0,17.210769414901733,-0.011781522072851658,0.0003,0.012493444606661797,
,,,,,,,,,,,46104,,1580.0,,,,,,,,,,,,,,,39710720.0,,1732700043.0,,,,,,,,,,,
,,,,,,,,,,,46119,,1550.0,,,,,,,,,,,,,,,39723264.0,,1732700058.0,,,,,,,,,,,
,,,,,,,,,,,46202,,1540.0,,,,,,,,,,,,,,,39799680.0,,1732700141.0,,,,,,,,,,,
,,,,,,,,,,,46307,,1550.0,,,,,,,,,,,,,,,39895552.0,,1732700246.0,,,,,,,,,,,
,,,,,,,,,,,46346,,1960.0,,,,,,,,,,,,,,,39932800.0,,1732700285.0,,,,,,,,,,,
