vmf/direction_dim_14_hist,vmf/direction_dim_0_hist,vmf/mean_direction,vmf/direction_dim_6_hist,losses/int_value_loss,vmf/direction_dim_13_hist,charts/max_traj_len,returns/int_advantages,vmf/direction_dim_12_hist,charts/episode_return,vmf/direction_dim_11_hist,vmf/direction_dim_1_hist,charts/game_score,rewards/raw_game_rewards_min,_timestamp,rewards/rewards_mean,charts/SPS,charts/learning_rate,rewards/num_envs_with_pos_rews,charts/vmf_kappa,charts/traj_len,rewards/intrinsic_rewards_mean,rewards/raw_game_rewards_mean,charts/min_traj_len,charts/iterations,vmf/direction_dim_5_hist,returns/values_int,returns/advantages,charts/time_per_it,rewards/raw_game_rewards_max,returns/ext_advantages,losses/entropy,losses/ext_value_loss,_step,charts/returns_hist,vmf/direction_dim_3_hist,rewards/rewards_max,losses/approx_kl,vmf/direction_dim_15_hist,charts/min_game_score,losses/policy_loss,rewards/rewards_min,charts/success_rate,rewards/rewards_for_plot,vmf/direction_dim_9_hist,vmf/direction_dim_10_hist,losses/old_approx_kl,rewards/intrinsic_rewards_max,rewards/intrinsic_rewards_min,charts/e1_mu_angle,vmf/direction_dim_2_hist,losses/all_loss,_runtime,charts/max_game_score,losses/clipfrac,vmf/direction_dim_4_hist,vmf/direction_dim_7_hist,vmf/direction_dim_8_hist,returns/values_ext,returns/ret_ext,returns/ret_int
,,,,,,,,,150.0,,,,,1733524796.7482371,,,,,0.0,,,,,,,,,,,,,,57984.0,,,,,,,,,0.29,,,,,,,,,,118.489212305,,,,,,,,
,,,,,,,,,270.0,,,,,1733524843.2569323,,,,,0.0,,,,,,,,,,,,,,97920.0,,,,,,,,,0.98,,,,,,,,,,166.951260934,,,,,,,,
,,,,,,,,,170.0,,,,,1733524890.8407571,,,,,15.28250570409,,,,,,,,,,,,,,138240.0,,,,,,,,,1.0,,,,,,,,,,213.186140329,,,,,,,,
,,,,,,,,,170.0,,,,,1733525029.4645903,,,,,16.812901385128498,,,,,,,,,,,,,,253440.0,,,,,,,,,1.0,,,,,,,,,,352.146833532,,,,,,,,
,,,,,,,,,100.0,,,,,1733525088.2948298,,,,,17.732809111475945,,,,,,,,,,,,,,302208.0,,,,,,,,,1.0,,,,,,,,,,410.623269528,,,,,,,,
,,,,,,,,,300.0,,,,,1733525111.7145367,,,,,18.1989723443985,,,,,,,,,,,,,,321152.0,,,,,,,,,1.0,,,,,,,,,,433.795824863,,,,,,,,
,,,,,,,,,240.0,,,,,1733525194.817851,,,,,19.37728151679039,,,,,,,,,,,,,,391040.0,,,,,,,,,1.0,,,,,,,,,,516.589757522,,,,,,,,
,,,,,,,,,250.0,,,,,1733525194.9721713,,,,,19.37728151679039,,,,,,,,,,,,,,391168.0,,,,,,,,,1.0,,,,,,,,,,517.566684668,,,,,,,,
,,,,,,,,,340.0,,,,,1733525272.9166684,,,,,20.61309054493904,,,,,,,,,,,,,,456064.0,,,,,,,,,1.0,,,,,,,,,,594.668832078,,,,,,,,
,,,,,,,,,140.0,,,,,1733525310.218734,,,,,20.597439408302307,,,,,,,,,,,,,,486016.0,,,,,,,,,1.0,,,,,,,,,,634.061427365,,,,,,,,
,,,,,,,,,180.0,,,,,1733525340.1001332,,,,,20.769857615232468,,,,,,,,,,,,,,510464.0,,,,,,,,,1.0,,,,,,,,,,661.964265394,,,,,,,,
,,,,,,,,,210.0,,,,,1733525347.4078517,,,,,20.769857615232468,,,,,,,,,,,,,,518272.0,,,,,,,,,1.0,,,,,,,,,,669.610921906,,,,,,,,
,,,,,,,,,160.0,,,,,1733525388.724505,,,,,20.658159255981445,,,,,,,,,,,,,,552192.0,,,,,,,,,1.0,,,,,,,,,,710.611660092,,,,,,,,
,,,,0.007357611786574125,,1049.0,0.0438007153570652,,,,,224.140625,0.0,1733525395.1452067,0.003437497653067112,811.0,0.0003,110.0,,638.71875,0.00140190904494375,0.0335693359375,0.0,34.0,,-0.057712122797966,-0.009807306341826916,19.134265661239624,1.0,-0.010245313867926598,2.790398120880127,0.006517814472317696,557056.0,,,0.10239992290735245,0.0011061278637498617,,0.0,-0.001844234298914671,0.0,,0.0335693359375,,,0.0016987028066068888,0.039153315126895905,-0.04119570180773735,67.43630701991472,,-0.022810503840446472,717.539965963,870.0,0.0234527587890625,,,,0.48505261540412903,0.4748073220252991,-0.013911405578255653
,,,,,,,,,260.0,,,,,1733525485.2365,,,,,20.70281222462654,,,,,,,,,,,,,,634240.0,,,,,,,,,1.0,,,,,,,,,,807.459478167,,,,,,,,
,,,,,,,,,250.0,,,,,1733525678.6826591,,,,,21.323077976703644,,,,,,,,,,,,,,795648.0,,,,,,,,,1.0,,,,,,,,,,1001.113012161,,,,,,,,
,,,,,,,,,280.0,,,,,1733525763.966827,,,,,21.344432830810547,,,,,,,,,,,,,,867968.0,,,,,,,,,1.0,,,,,,,,,,1085.721521122,,,,,,,,
,,,,,,,,,350.0,,,,,1733525769.1007273,,,,,21.344432830810547,,,,,,,,,,,,,,871552.0,,,,,,,,,1.0,,,,,,,,,,1091.780282004,,,,,,,,
,,,,,,,,,300.0,,,,,1733525847.5980885,,,,,21.449945122003555,,,,,,,,,,,,,,937728.0,,,,,,,,,1.0,,,,,,,,,,1171.527125154,,,,,,,,
,,,,,,,,,160.0,,,,,1733525951.6997845,,,,,22.291362583637238,,,,,,,,,,,,,,1025408.0,,,,,,,,,1.0,,,,,,,,,,1274.25115817,,,,,,,,
,,,,,,,,,190.0,,,,,1733525971.7243907,,,,,22.441190779209137,,,,,,,,,,,,,,1041920.0,,,,,,,,,1.0,,,,,,,,,,1294.940841795,,,,,,,,
,,,,,,,,,80.0,,,,,1733526021.4848297,,,,,22.670038640499115,,,,,,,,,,,,,,1081856.0,,,,,,,,,1.0,,,,,,,,,,1343.468033409,,,,,,,,
,,,,,,,,,320.0,,,,,1733526026.937367,,,,,22.670038640499115,,,,,,,,,,,,,,1087744.0,,,,,,,,,1.0,,,,,,,,,,1348.681679012,,,,,,,,
,,,,0.012466810643672943,,1059.0,0.0022609587758779526,,320.0,,,338.125,0.0,1733526058.9681573,0.00433909147977829,825.0,0.0003,108.0,22.76062846183777,649.7578125,0.010613419115543365,0.04730224609375,0.0,68.0,,0.7230902910232544,-0.002754411194473505,18.84776520729065,1.0,-0.002777020912617445,2.555060863494873,0.007461546920239925,1114112.0,,,0.09173119813203812,0.0019236874068155885,,0.0,-0.002204239834100008,0.0,1.0,0.04730224609375,,,0.0007518195197917521,0.0434163436293602,-0.030647626146674156,75.66443456730649,,-0.017790667712688446,1380.8477096,920.0,0.0578155517578125,,,,0.5513429641723633,0.5485658645629883,0.7253512144088745
,,,,,,,,,330.0,,,,,1733526066.6530204,,,,,22.769886553287506,,,,,,,,,,,,,,1120128.0,,,,,,,,,1.0,,,,,,,,,,1388.975609001,,,,,,,,
,,,,,,,,,320.0,,,,,1733526166.7307591,,,,,23.150789737701416,,,,,,,,,,,,,,1206272.0,,,,,,,,,1.0,,,,,,,,,,1490.639074509,,,,,,,,
,,,,,,,,,300.0,,,,,1733526176.4779236,,,,,23.150789737701416,,,,,,,,,,,,,,1212928.0,,,,,,,,,1.0,,,,,,,,,,1498.334903929,,,,,,,,
,,,,,,,,,270.0,,,,,1733526250.5295148,,,,,22.929243743419647,,,,,,,,,,,,,,1276800.0,,,,,,,,,1.0,,,,,,,,,,1572.380813246,,,,,,,,
,,,,,,,,,240.0,,,,,1733526290.648,,,,,22.927859723567963,,,,,,,,,,,,,,1310592.0,,,,,,,,,1.0,,,,,,,,,,1612.514316326,,,,,,,,
,,,,,,,,,400.0,,,,,1733526418.069459,,,,,22.950162291526794,,,,,,,,,,,,,,1417216.0,,,,,,,,,1.0,,,,,,,,,,1741.340281127,,,,,,,,
,,,,,,,,,310.0,,,,,1733526540.1387572,,,,,23.193517327308655,,,,,,,,,,,,,,1520000.0,,,,,,,,,1.0,,,,,,,,,,1863.154696415,,,,,,,,
,,,,,,,,,470.0,,,,,1733526549.049155,,,,,23.193517327308655,,,,,,,,,,,,,,1526016.0,,,,,,,,,1.0,,,,,,,,,,1870.793497738,,,,,,,,
,,,,,,,,,290.0,,,,,1733526549.1758869,,,,,23.193517327308655,,,,,,,,,,,,,,1526144.0,,,,,,,,,1.0,,,,,,,,,,1870.919147437,,,,,,,,
,,,,,,,,,330.0,,,,,1733526663.669184,,,,,23.24485570192337,,,,,,,,,,,,,,1623040.0,,,,,,,,,1.0,,,,,,,,,,1986.694548762,,,,,,,,
,,,,,,,,,260.0,,,,,1733526683.1619732,,,,,23.24485570192337,,,,,,,,,,,,,,1639296.0,,,,,,,,,1.0,,,,,,,,,,2006.522928818,,,,,,,,
,,,,,,,,,540.0,,,,,1733526717.2112014,,,,,23.131688833236694,,,,,,,,,,,,,,1668608.0,,,,,,,,,1.0,,,,,,,,,,2040.416940799,,,,,,,,
,,,,,,,,,400.0,,,,,1733526920.11215,,,,,22.757803201675415,,,,,,,,,,,,,,1840384.0,,,,,,,,,1.0,,,,,,,,,,2242.523260047,,,,,,,,
,,,,,,,,,370.0,,,,,1733526943.989666,,,,,22.88359969854355,,,,,,,,,,,,,,1859968.0,,,,,,,,,1.0,,,,,,,,,,2266.183737036,,,,,,,,
,,,,,,,,,520.0,,,,,1733527114.7194707,,,,,22.63530135154724,,,,,,,,,,,,,,2006656.0,,,,,,,,,1.0,,,,,,,,,,2439.581379539,,,,,,,,
,,,,,,,,,420.0,,,,,1733527187.661235,,,,,22.327682375907898,,,,,,,,,,,,,,2068736.0,,,,,,,,,1.0,,,,,,,,,,2509.859623528,,,,,,,,
,,,,,,,,,390.0,,,,,1733527214.7074745,,,,,22.1237213909626,,,,,,,,,,,,,,2091776.0,,,,,,,,,1.0,,,,,,,,,,2537.037102068,,,,,,,,
,,,,,,,,,920.0,,,,,1733527345.8000884,,,,,21.75439015030861,,,,,,,,,,,,,,2205440.0,,,,,,,,,1.0,,,,,,,,,,2667.586916322,,,,,,,,
,,,,,,,,,560.0,,,,,1733527381.1078708,,,,,21.748431622982025,,,,,,,,,,,,,,2234112.0,,,,,,,,,1.0,,,,,,,,,,2703.299272067,,,,,,,,
,,,,,,,,,510.0,,,,,1733527474.7112477,,,,,21.89481094479561,,,,,,,,,,,,,,2315264.0,,,,,,,,,1.0,,,,,,,,,,2796.689232648,,,,,,,,
,,,,,,,,,550.0,,,,,1733527518.3064642,,,,,22.09374412894249,,,,,,,,,,,,,,2351872.0,,,,,,,,,1.0,,,,,,,,,,2840.525465533,,,,,,,,
,,,,,,,,,540.0,,,,,1733527681.62744,,,,,22.24143147468567,,,,,,,,,,,,,,2491264.0,,,,,,,,,1.0,,,,,,,,,,3005.394490437,,,,,,,,
,,,,,,,,,470.0,,,,,1733527810.9649448,,,,,22.12037667632103,,,,,,,,,,,,,,2603648.0,,,,,,,,,1.0,,,,,,,,,,3132.705940088,,,,,,,,
,,,,,,,,,510.0,,,,,1733527847.0519845,,,,,22.301994413137436,,,,,,,,,,,,,,2635136.0,,,,,,,,,1.0,,,,,,,,,,3169.240973656,,,,,,,,
,,,,,,,,,520.0,,,,,1733527852.907742,,,,,22.301994413137436,,,,,,,,,,,,,,2638080.0,,,,,,,,,1.0,,,,,,,,,,3174.860837018,,,,,,,,
,,,,,,,,,400.0,,,,,1733527854.4977884,,,,,22.379005551338196,,,,,,,,,,,,,,2639872.0,,,,,,,,,1.0,,,,,,,,,,3176.242433771,,,,,,,,
,,,,,,,,,570.0,,,,,1733527931.7038913,,,,,22.405841499567032,,,,,,,,,,,,,,2706944.0,,,,,,,,,1.0,,,,,,,,,,3253.560595201,,,,,,,,
,,,,,,,,,460.0,,,,,1733527979.2894208,,,,,22.53101259469986,,,,,,,,,,,,,,2748928.0,,,,,,,,,1.0,,,,,,,,,,3301.379442393,,,,,,,,
,,,,,,,,,1100.0,,,,,1733528069.2850053,,,,,23.0491241812706,,,,,,,,,,,,,,2825088.0,,,,,,,,,1.0,,,,,,,,,,3391.596506234,,,,,,,,
,,,,,,,,,1650.0,,,,,1733528084.4219882,,,,,23.053564131259918,,,,,,,,,,,,,,2837120.0,,,,,,,,,1.0,,,,,,,,,,3407.116538655,,,,,,,,
,,,,,,,,,580.0,,,,,1733528118.0088627,,,,,23.053564131259918,,,,,,,,,,,,,,2866432.0,,,,,,,,,1.0,,,,,,,,,,3442.207435114,,,,,,,,
,,,,0.01663989946246147,,1422.0,0.004941307939589024,,,,,864.6875,0.0,1733528199.7746875,0.00438495259732008,840.0,0.0003,114.0,,773.0859375,0.008752989582717419,0.0782470703125,0.0,179.0,,0.506169319152832,0.003007317427545786,19.952540397644043,1.0,0.002957904012873769,2.228484630584717,0.004344932269304991,2932736.0,,,0.056039828807115555,0.0032075464259833097,,0.0,-0.004823913332074881,0.0,,0.0782470703125,,,0.0028527327813208103,0.05043066665530205,-0.044311486184597015,88.8076045182151,,-0.016616342589259148,3521.900151062,2690.0,0.125213623046875,,,,0.5195400714874268,0.5224980115890503,0.5111106038093567
,,,,,,,,,480.0,,,,,1733528202.3448322,,,,,23.550574779510498,,,,,,,,,,,,,,2934528.0,,,,,,,,,1.0,,,,,,,,,,3525.3779864,,,,,,,,
,,,,,,,,,1120.0,,,,,1733528249.415552,,,,,23.566804826259613,,,,,,,,,,,,,,2974336.0,,,,,,,,,1.0,,,,,,,,,,3571.28470815,,,,,,,,
,,,,,,,,,1140.0,,,,,1733528299.777532,,,,,23.51444721221924,,,,,,,,,,,,,,3016960.0,,,,,,,,,1.0,,,,,,,,,,3622.245641685,,,,,,,,
,,,,,,,,,610.0,,,,,1733528330.402271,,,,,23.486640751361847,,,,,,,,,,,,,,3043584.0,,,,,,,,,1.0,,,,,,,,,,3652.169990991,,,,,,,,
,,,,0.015851736068725586,,1358.0,-0.012519876472651958,,1160.0,,,769.375,0.0,1733528452.4282904,0.004028145223855972,840.0,0.0003,112.0,23.558276295661926,803.8359375,0.007917392067611217,0.07470703125,0.0,192.0,,0.5800877213478088,-0.0031062904745340347,18.916501760482788,1.0,-0.002981091383844614,2.2594661712646484,0.004494465421885252,3145728.0,,,0.0539192259311676,0.002924528671428561,,0.0,-0.007293283939361572,0.0,1.0,0.07470703125,,,0.0043504927307367325,0.04849773645401001,-0.04169911891222,92.56204333818444,,-0.0197148434817791,3774.173271838,2520.0,0.111968994140625,,,,0.5360782146453857,0.5330970883369446,0.5675678253173828
,,,,,,,,,460.0,,,,,1733528595.0689268,,,,,23.51172924041748,,,,,,,,,,,,,,3267456.0,,,,,,,,,1.0,,,,,,,,,,3917.278834388,,,,,,,,
,,,,,,,,,580.0,,,,,1733528683.4861426,,,,,23.567887544631958,,,,,,,,,,,,,,3342848.0,,,,,,,,,1.0,,,,,,,,,,4005.306264686,,,,,,,,
,,,,,,,,,490.0,,,,,1733528719.4846385,,,,,23.689928948879242,,,,,,,,,,,,,,3374464.0,,,,,,,,,1.0,,,,,,,,,,4043.54827577,,,,,,,,
,,,,,,,,,610.0,,,,,1733528931.048149,,,,,23.801110088825226,,,,,,,,,,,,,,3554432.0,,,,,,,,,1.0,,,,,,,,,,4253.046771131,,,,,,,,
,,,,,,,,,550.0,,,,,1733528980.6581364,,,,,23.801110088825226,,,,,,,,,,,,,,3596800.0,,,,,,,,,1.0,,,,,,,,,,4302.510473735,,,,,,,,
,,,,,,,,,540.0,,,,,1733529055.5504053,,,,,23.801110088825226,,,,,,,,,,,,,,3661440.0,,,,,,,,,1.0,,,,,,,,,,4377.406658569,,,,,,,,
,,,,,,,,,510.0,,,,,1733529067.6434152,,,,,23.801110088825226,,,,,,,,,,,,,,3670400.0,,,,,,,,,1.0,,,,,,,,,,4392.878347306,,,,,,,,
,,,,,,,,,650.0,,,,,1733529115.7700026,,,,,23.789277970790863,,,,,,,,,,,,,,3712384.0,,,,,,,,,1.0,,,,,,,,,,4438.18498846,,,,,,,,
,,,,,,,,,1210.0,,,,,1733529128.1243556,,,,,23.789277970790863,,,,,,,,,,,,,,3722880.0,,,,,,,,,1.0,,,,,,,,,,4452.376467935,,,,,,,,
,,,,,,,,,1130.0,,,,,1733529140.5687373,,,,,23.789277970790863,,,,,,,,,,,,,,3734528.0,,,,,,,,,1.0,,,,,,,,,,4465.094586126,,,,,,,,
,,,,0.015157531015574932,,1306.0,-0.013098045252263546,,,,,870.0,0.0,1733529181.0429146,0.004012097604572773,842.0,0.0003,117.0,,854.84375,0.00893375463783741,0.078857421875,0.0,230.0,,0.6622616648674011,0.0019711360801011324,18.822065353393555,1.0,0.0021021170541644096,2.284402370452881,0.004735258407890797,3768320.0,,,0.05087786912918091,0.002954471856355667,,0.0,-0.006498910486698151,0.0,,0.078857421875,,,0.004193228203803301,0.04747695475816727,-0.04208507761359215,93.96835035593884,,-0.01939653977751732,4506.988745338,2120.0,0.1141357421875,,,,0.5637524127960205,0.565854549407959,0.6491636037826538
,,,,,,,,,690.0,,,,,1733529717.4442732,,,,,23.71457040309906,,,,,,,,,,,,,,4227584.0,,,,,,,,,1.0,,,,,,,,,,5039.858725081,,,,,,,,
,,,,,,,,,460.0,,,,,1733529722.3078442,,,,,23.71457040309906,,,,,,,,,,,,,,4232960.0,,,,,,,,,1.0,,,,,,,,,,5044.055570573,,,,,,,,
,,,,,,,,,670.0,,,,,1733529723.529844,,,,,23.71457040309906,,,,,,,,,,,,,,4234240.0,,,,,,,,,1.0,,,,,,,,,,5046.870541348,,,,,,,,
,,,,,,,,,730.0,,,,,1733529845.2152786,,,,,23.680638670921326,,,,,,,,,,,,,,4339456.0,,,,,,,,,1.0,,,,,,,,,,5168.430340354,,,,,,,,
,,,,,,,,,590.0,,,,,1733529947.9701562,,,,,23.680638670921326,,,,,,,,,,,,,,4427264.0,,,,,,,,,1.0,,,,,,,,,,5269.824963595,,,,,,,,
,,,,,,,,,560.0,,,,,1733530062.5156677,,,,,23.603340983390808,,,,,,,,,,,,,,4525440.0,,,,,,,,,1.0,,,,,,,,,,5386.300596599,,,,,,,,
,,,,,,,,,1070.0,,,,,1733530179.1812901,,,,,23.57203781604767,,,,,,,,,,,,,,4626048.0,,,,,,,,,1.0,,,,,,,,,,5503.189053686,,,,,,,,
,,,,,,,,,590.0,,,,,1733530298.617813,,,,,23.54731410741806,,,,,,,,,,,,,,4728704.0,,,,,,,,,1.0,,,,,,,,,,5622.764681199,,,,,,,,
,,,,,,,,,530.0,,,,,1733530484.8933053,,,,,23.54731410741806,,,,,,,,,,,,,,4889856.0,,,,,,,,,1.0,,,,,,,,,,5812.604887468,,,,,,,,
,,,,,,,,,770.0,,,,,1733530534.9912415,,,,,23.54731410741806,,,,,,,,,,,,,,4931712.0,,,,,,,,,1.0,,,,,,,,,,5857.787165253,,,,,,,,
,,,,,,,,,740.0,,,,,1733530594.9808934,,,,,23.49177360534668,,,,,,,,,,,,,,4983552.0,,,,,,,,,1.0,,,,,,,,,,5916.951588542,,,,,,,,
,,,,,,,,,1240.0,,,,,1733530651.4901655,,,,,23.49177360534668,,,,,,,,,,,,,,5033600.0,,,,,,,,,1.0,,,,,,,,,,5973.233927584,,,,,,,,
,,,,,,,,,830.0,,,,,1733530808.231576,,,,,23.056741654872894,,,,,,,,,,,,,,5168256.0,,,,,,,,,1.0,,,,,,,,,,6130.447937056,,,,,,,,
,,,,,,,,,1110.0,,,,,1733530899.2480595,,,,,22.923580706119537,,,,,,,,,,,,,,5246464.0,,,,,,,,,1.0,,,,,,,,,,6221.532366324,,,,,,,,
,,,,,,,,,710.0,,,,,1733530920.9622562,,,,,22.923580706119537,,,,,,,,,,,,,,5267328.0,,,,,,,,,1.0,,,,,,,,,,6242.925584936,,,,,,,,
,,,,,,,,,760.0,,,,,1733531172.5187433,,,,,22.995235919952393,,,,,,,,,,,,,,5485312.0,,,,,,,,,1.0,,,,,,,,,,6495.354947102,,,,,,,,
,,,,,,,,,1180.0,,,,,1733531188.8142626,,,,,22.995235919952393,,,,,,,,,,,,,,5499264.0,,,,,,,,,1.0,,,,,,,,,,6510.568423243,,,,,,,,
,,,,0.00957706943154335,,1500.0,0.01763860508799553,,,,,1024.0625,0.0,1733531271.622334,0.004176991526037455,848.0,0.0003,120.0,,924.40625,-0.0005450479220598936,0.0826416015625,0.0,340.0,,-0.15835300087928772,0.0008268633391708136,18.591688632965088,1.0,0.000650477537419647,2.240380048751831,0.004974988289177418,5570560.0,,,0.05054344981908798,0.0025955834425985813,,0.0,-0.008468061685562134,0.0,,0.0826416015625,,,0.0035551427863538265,0.04185809567570686,-0.03742310404777527,105.85011893820723,,-0.023595834150910378,6593.4862603,2330.0,0.11358642578125,,,,0.6266684532165527,0.6273189783096313,-0.1407143920660019
,,,,,,,,,810.0,,,,,1733531295.4247444,,,,,22.641683220863342,,,,,,,,,,,,,,5591552.0,,,,,,,,,1.0,,,,,,,,,,6617.60894784,,,,,,,,
,,,,,,,,,670.0,,,,,1733531301.6680403,,,,,22.641683220863342,,,,,,,,,,,,,,5598592.0,,,,,,,,,1.0,,,,,,,,,,6623.77078315,,,,,,,,
,,,,,,,,,1200.0,,,,,1733531353.3634546,,,,,22.54384160041809,,,,,,,,,,,,,,5641088.0,,,,,,,,,1.0,,,,,,,,,,6677.033150496,,,,,,,,
,,,,,,,,,1700.0,,,,,1733531409.3778043,,,,,22.54384160041809,,,,,,,,,,,,,,5690880.0,,,,,,,,,1.0,,,,,,,,,,6731.55099237,,,,,,,,
,,,,,,,,,780.0,,,,,1733531491.8035984,,,,,22.54384160041809,,,,,,,,,,,,,,5762304.0,,,,,,,,,1.0,,,,,,,,,,6814.455721571,,,,,,,,
,,,,,,,,,1160.0,,,,,1733531566.1731772,,,,,22.442992329597473,,,,,,,,,,,,,,5826432.0,,,,,,,,,1.0,,,,,,,,,,6888.263161709,,,,,,,,
,,,,,,,,,760.0,,,,,1733532046.6929913,,,,,22.233235090970993,,,,,,,,,,,,,,6245632.0,,,,,,,,,1.0,,,,,,,,,,7370.845610112,,,,,,,,
,,,,,,,,,1280.0,,,,,1733532447.0607567,,,,,22.23825305700302,,,,,,,,,,,,,,6595968.0,,,,,,,,,1.0,,,,,,,,,,7771.128541241,,,,,,,,
,,,,,,,,,1300.0,,,,,1733532639.4593375,,,,,22.323703318834305,,,,,,,,,,,,,,6766336.0,,,,,,,,,1.0,,,,,,,,,,7961.213823156,,,,,,,,
,,,,,,,,,2740.0,,,,,1733532656.9595194,,,,,22.253567576408386,,,,,,,,,,,,,,6781824.0,,,,,,,,,1.0,,,,,,,,,,7981.427940087,,,,,,,,
,,,,,,,,,1180.0,,,,,1733532703.041911,,,,,22.238170355558395,,,,,,,,,,,,,,6821376.0,,,,,,,,,1.0,,,,,,,,,,8024.781853663,,,,,,,,
,,,,,,,,,1310.0,,,,,1733532866.6151,,,,,22.02815741300583,,,,,,,,,,,,,,6964736.0,,,,,,,,,1.0,,,,,,,,,,8188.351147638,,,,,,,,
,,,,,,,,,1250.0,,,,,1733532991.5535362,,,,,22.117140144109726,,,,,,,,,,,,,,7075584.0,,,,,,,,,1.0,,,,,,,,,,8313.851859775,,,,,,,,
,,,,,,,,,1250.0,,,,,1733533012.8039894,,,,,22.117140144109726,,,,,,,,,,,,,,7094016.0,,,,,,,,,1.0,,,,,,,,,,8336.724878616,,,,,,,,
,,,,,,,,,630.0,,,,,1733533247.1522913,,,,,21.90854921936989,,,,,,,,,,,,,,7299072.0,,,,,,,,,1.0,,,,,,,,,,8568.894674421,,,,,,,,
,,,,,,,,,2200.0,,,,,1733533659.950553,,,,,21.906525045633316,,,,,,,,,,,,,,7660416.0,,,,,,,,,1.0,,,,,,,,,,8982.902904008,,,,,,,,
,,,,,,,,,1270.0,,,,,1733533758.2913947,,,,,21.947292387485504,,,,,,,,,,,,,,7746432.0,,,,,,,,,1.0,,,,,,,,,,9080.14961784,,,,,,,,
,,,,,,,,,640.0,,,,,1733533772.0209417,,,,,21.947292387485504,,,,,,,,,,,,,,7757696.0,,,,,,,,,1.0,,,,,,,,,,9093.980949702,,,,,,,,
,,,,,,,,,580.0,,,,,1733533824.859582,,,,,21.93120986223221,,,,,,,,,,,,,,7804672.0,,,,,,,,,1.0,,,,,,,,,,9150.025489522,,,,,,,,
,,,,,,,,,1240.0,,,,,1733533837.9978359,,,,,21.93120986223221,,,,,,,,,,,,,,7815424.0,,,,,,,,,1.0,,,,,,,,,,9160.179842891,,,,,,,,
,,,,,,,,,1330.0,,,,,1733533987.6819081,,,,,21.938723623752594,,,,,,,,,,,,,,7946880.0,,,,,,,,,1.0,,,,,,,,,,9310.964498996,,,,,,,,
,,,,,,,,,1220.0,,,,,1733534177.1336656,,,,,22.018721848726273,,,,,,,,,,,,,,8112896.0,,,,,,,,,1.0,,,,,,,,,,9499.56109197,,,,,,,,
,,,,,,,,,1630.0,,,,,1733534234.8269467,,,,,22.018721848726273,,,,,,,,,,,,,,8163456.0,,,,,,,,,1.0,,,,,,,,,,9558.042406825,,,,,,,,
,,,,,,,,,1190.0,,,,,1733534306.2249036,,,,,22.018721848726273,,,,,,,,,,,,,,8227456.0,,,,,,,,,1.0,,,,,,,,,,9628.610048345,,,,,,,,
,,,,,,,,,2310.0,,,,,1733534631.750851,,,,,22.140245586633682,,,,,,,,,,,,,,8514304.0,,,,,,,,,1.0,,,,,,,,,,9954.322065578,,,,,,,,
,,,,,,,,,1210.0,,,,,1733534708.9517345,,,,,22.140245586633682,,,,,,,,,,,,,,8583424.0,,,,,,,,,1.0,,,,,,,,,,10031.354261832,,,,,,,,
,,,,,,,,,1820.0,,,,,1733534844.1294067,,,,,22.1343956887722,,,,,,,,,,,,,,8700800.0,,,,,,,,,1.0,,,,,,,,,,10166.743807229,,,,,,,,
,,,,,,,,,800.0,,,,,1733534853.7431884,,,,,22.257872968912125,,,,,,,,,,,,,,8709888.0,,,,,,,,,1.0,,,,,,,,,,10176.620072011,,,,,,,,
,,,,,,,,,540.0,,,,,1733534911.3044972,,,,,22.257872968912125,,,,,,,,,,,,,,8761472.0,,,,,,,,,1.0,,,,,,,,,,10235.012990278,,,,,,,,
,,,,,,,,,1270.0,,,,,1733534915.1801977,,,,,22.257872968912125,,,,,,,,,,,,,,8764160.0,,,,,,,,,1.0,,,,,,,,,,10237.622410175,,,,,,,,
,,,,,,,,,1220.0,,,,,1733534987.7051344,,,,,22.269925475120544,,,,,,,,,,,,,,8828544.0,,,,,,,,,1.0,,,,,,,,,,10310.056962919,,,,,,,,
,,,,,,,,,1760.0,,,,,1733535012.293555,,,,,22.269925475120544,,,,,,,,,,,,,,8848768.0,,,,,,,,,1.0,,,,,,,,,,10334.6988383,,,,,,,,
,,,,,,,,,1360.0,,,,,1733535101.2815757,,,,,22.463449090719223,,,,,,,,,,,,,,8928000.0,,,,,,,,,1.0,,,,,,,,,,10423.021730607,,,,,,,,
,,,,,,,,,800.0,,,,,1733535272.912504,,,,,22.463449090719223,,,,,,,,,,,,,,9077632.0,,,,,,,,,1.0,,,,,,,,,,10595.119502517,,,,,,,,
,,,,,,,,,1730.0,,,,,1733535300.0645165,,,,,22.463449090719223,,,,,,,,,,,,,,9102592.0,,,,,,,,,1.0,,,,,,,,,,10622.030055631,,,,,,,,
,,,,,,,,,1200.0,,,,,1733535602.1519468,,,,,22.499282509088516,,,,,,,,,,,,,,9366528.0,,,,,,,,,1.0,,,,,,,,,,10926.909656629,,,,,,,,
,,,,,,,,,1220.0,,,,,1733535663.425187,,,,,22.66699969768524,,,,,,,,,,,,,,9419520.0,,,,,,,,,1.0,,,,,,,,,,10988.096086822,,,,,,,,
,,,,,,,,,750.0,,,,,1733535680.3491037,,,,,22.66699969768524,,,,,,,,,,,,,,9433984.0,,,,,,,,,1.0,,,,,,,,,,11002.760159159,,,,,,,,
,,,,,,,,,760.0,,,,,1733535800.4225285,,,,,22.66699969768524,,,,,,,,,,,,,,9536896.0,,,,,,,,,1.0,,,,,,,,,,11125.003303361,,,,,,,,
,,,,,,,,,1260.0,,,,,1733536217.9458802,,,,,22.812547087669373,,,,,,,,,,,,,,9897088.0,,,,,,,,,1.0,,,,,,,,,,11540.42194048,,,,,,,,
,,,,,,,,,740.0,,,,,1733536336.8064282,,,,,22.810400426387787,,,,,,,,,,,,,,10001280.0,,,,,,,,,1.0,,,,,,,,,,11659.155068502,,,,,,,,
,,,,,,,,,1330.0,,,,,1733536754.8723028,,,,,22.913014590740204,,,,,,,,,,,,,,10365824.0,,,,,,,,,1.0,,,,,,,,,,12077.064490479,,,,,,,,
,,,,,,,,,1330.0,,,,,1733537024.749709,,,,,22.71603226661682,,,,,,,,,,,,,,10600704.0,,,,,,,,,1.0,,,,,,,,,,12346.496930244,,,,,,,,
,,,,,,,,,1320.0,,,,,1733537077.1245875,,,,,22.743077874183655,,,,,,,,,,,,,,10648448.0,,,,,,,,,1.0,,,,,,,,,,12398.865993691,,,,,,,,
,,,,,,,,,660.0,,,,,1733537199.7719347,,,,,22.794363498687744,,,,,,,,,,,,,,10754176.0,,,,,,,,,1.0,,,,,,,,,,12523.142745405,,,,,,,,
,,,,,,,,,1250.0,,,,,1733537475.6004038,,,,,22.671618461608887,,,,,,,,,,,,,,10994816.0,,,,,,,,,1.0,,,,,,,,,,12797.797509773,,,,,,,,
,,,,,,,,,2230.0,,,,,1733537543.246766,,,,,22.671618461608887,,,,,,,,,,,,,,11055104.0,,,,,,,,,1.0,,,,,,,,,,12865.804619246,,,,,,,,
,,,,,,,,,1850.0,,,,,1733537629.0741286,,,,,22.58495807647705,,,,,,,,,,,,,,11128192.0,,,,,,,,,1.0,,,,,,,,,,12952.804987632,,,,,,,,
,,,,,,,,,1340.0,,,,,1733537725.6522315,,,,,22.58675515651703,,,,,,,,,,,,,,11213824.0,,,,,,,,,1.0,,,,,,,,,,13048.503212322,,,,,,,,
,,,,,,,,,1280.0,,,,,1733537799.2451794,,,,,22.58675515651703,,,,,,,,,,,,,,11278464.0,,,,,,,,,1.0,,,,,,,,,,13120.987677254,,,,,,,,
,,,,,,,,,860.0,,,,,1733537858.4213436,,,,,22.58675515651703,,,,,,,,,,,,,,11329536.0,,,,,,,,,1.0,,,,,,,,,,13180.170936113,,,,,,,,
,,,,0.005808105692267418,,1442.0,-0.006933283992111683,,,,,1316.328125,0.0,1733537943.0364034,0.004644889384508133,861.0,0.0003,124.0,,880.953125,0.002357533434405923,0.09765625,0.0,696.0,,0.12333734333515167,0.0022520520724356174,18.823040008544922,1.0,0.0023213846143335104,2.282167911529541,0.0030464986339211464,11403264.0,,,0.047563668340444565,0.003310370957478881,,0.0,-0.00951242446899414,0.0,,0.09765625,,,0.005536696873605251,0.04137448966503143,-0.04085641726851463,94.50754276898157,,-0.02790680155158043,13265.826093608,2860.0,0.1356658935546875,,,,0.5905710458755493,0.5928924083709717,0.11640404909849167
,,,,,,,,,820.0,,,,,1733537972.903024,,,,,22.625292241573334,,,,,,,,,,,,,,11430784.0,,,,,,,,,1.0,,,,,,,,,,13295.063849161,,,,,,,,
,,,,,,,,,1300.0,,,,,1733537990.39937,,,,,22.576540410518646,,,,,,,,,,,,,,11445248.0,,,,,,,,,1.0,,,,,,,,,,13312.251184072,,,,,,,,
,,,,,,,,,1390.0,,,,,1733538033.1051576,,,,,22.576540410518646,,,,,,,,,,,,,,11484160.0,,,,,,,,,1.0,,,,,,,,,,13355.053844955,,,,,,,,
,,,,,,,,,1180.0,,,,,1733538038.6888514,,,,,22.576540410518646,,,,,,,,,,,,,,11487744.0,,,,,,,,,1.0,,,,,,,,,,13360.446237549,,,,,,,,
,,,,,,,,,1320.0,,,,,1733538177.3473132,,,,,22.51265376806259,,,,,,,,,,,,,,11610368.0,,,,,,,,,1.0,,,,,,,,,,13499.969832546,,,,,,,,
,,,,,,,,,910.0,,,,,1733538217.1114838,,,,,22.43801772594452,,,,,,,,,,,,,,11645184.0,,,,,,,,,1.0,,,,,,,,,,13539.526804388,,,,,,,,
,,,,,,,,,1290.0,,,,,1733538523.9583495,,,,,22.25609913468361,,,,,,,,,,,,,,11916288.0,,,,,,,,,1.0,,,,,,,,,,13846.241233037,,,,,,,,
,,,,,,,,,870.0,,,,,1733538527.2976668,,,,,22.25609913468361,,,,,,,,,,,,,,11920128.0,,,,,,,,,1.0,,,,,,,,,,13850.570377208,,,,,,,,
,,,,,,,,,1330.0,,,,,1733538528.9528108,,,,,22.25609913468361,,,,,,,,,,,,,,11922048.0,,,,,,,,,1.0,,,,,,,,,,13852.843878387,,,,,,,,
,,,,,,,,,1280.0,,,,,1733538654.6470857,,,,,22.28129580616951,,,,,,,,,,,,,,12031488.0,,,,,,,,,1.0,,,,,,,,,,13977.364483804,,,,,,,,
,,,,,,,,,1290.0,,,,,1733538672.5302105,,,,,22.28129580616951,,,,,,,,,,,,,,12046976.0,,,,,,,,,1.0,,,,,,,,,,13995.07759454,,,,,,,,
,,,,,,,,,2860.0,,,,,1733538737.4636772,,,,,22.383737415075302,,,,,,,,,,,,,,12106112.0,,,,,,,,,1.0,,,,,,,,,,14062.433805829,,,,,,,,
,,,,,,,,,790.0,,,,,1733538809.3196805,,,,,22.405072152614594,,,,,,,,,,,,,,12169472.0,,,,,,,,,1.0,,,,,,,,,,14132.60180251,,,,,,,,
,,,,,,,,,2810.0,,,,,1733538907.9053233,,,,,22.419859170913696,,,,,,,,,,,,,,12256640.0,,,,,,,,,1.0,,,,,,,,,,14230.27249595,,,,,,,,
,,,,,,,,,2910.0,,,,,1733539227.8582528,,,,,22.6796954870224,,,,,,,,,,,,,,12540928.0,,,,,,,,,1.0,,,,,,,,,,14550.010385182,,,,,,,,
,,,,,,,,,1290.0,,,,,1733539377.1830256,,,,,22.823594212532043,,,,,,,,,,,,,,12674816.0,,,,,,,,,1.0,,,,,,,,,,14698.991194031,,,,,,,,
,,,,,,,,,750.0,,,,,1733539606.9851997,,,,,22.94613629579544,,,,,,,,,,,,,,12878464.0,,,,,,,,,1.0,,,,,,,,,,14928.978823362,,,,,,,,
,,,,,,,,,1430.0,,,,,1733539740.6468375,,,,,23.000610172748566,,,,,,,,,,,,,,12998016.0,,,,,,,,,1.0,,,,,,,,,,15063.689514782,,,,,,,,
,,,,,,,,,1960.0,,,,,1733539903.1321642,,,,,23.125926554203033,,,,,,,,,,,,,,13143424.0,,,,,,,,,1.0,,,,,,,,,,15225.64095558,,,,,,,,
,,,,,,,,,830.0,,,,,1733540019.358717,,,,,23.373104631900787,,,,,,,,,,,,,,13246336.0,,,,,,,,,1.0,,,,,,,,,,15341.660470676,,,,,,,,
,,,,,,,,,2410.0,,,,,1733540186.333404,,,,,23.373104631900787,,,,,,,,,,,,,,13394944.0,,,,,,,,,1.0,,,,,,,,,,15508.40799593,,,,,,,,
,,,,,,,,,850.0,,,,,1733540188.9960861,,,,,23.373104631900787,,,,,,,,,,,,,,13398016.0,,,,,,,,,1.0,,,,,,,,,,15512.139227442,,,,,,,,
,,,,,,,,,2440.0,,,,,1733540258.2080164,,,,,23.373104631900787,,,,,,,,,,,,,,13458048.0,,,,,,,,,1.0,,,,,,,,,,15581.598615268,,,,,,,,
,,,,,,,,,1400.0,,,,,1733540447.1850646,,,,,23.373104631900787,,,,,,,,,,,,,,13628416.0,,,,,,,,,1.0,,,,,,,,,,15769.033973543,,,,,,,,
,,,,,,,,,780.0,,,,,1733540474.897124,,,,,23.373104631900787,,,,,,,,,,,,,,13652736.0,,,,,,,,,1.0,,,,,,,,,,15797.40835144,,,,,,,,
,,,,,,,,,1390.0,,,,,1733540486.6585882,,,,,23.373104631900787,,,,,,,,,,,,,,13663872.0,,,,,,,,,1.0,,,,,,,,,,15810.476566893,,,,,,,,
,,,,,,,,,1400.0,,,,,1733540596.5648892,,,,,23.373104631900787,,,,,,,,,,,,,,13761792.0,,,,,,,,,1.0,,,,,,,,,,15918.739009463,,,,,,,,
,,,,,,,,,1380.0,,,,,1733540660.8127708,,,,,23.373104631900787,,,,,,,,,,,,,,13819136.0,,,,,,,,,1.0,,,,,,,,,,15984.262823459,,,,,,,,
,,,,,,,,,1380.0,,,,,1733540797.5395112,,,,,23.373104631900787,,,,,,,,,,,,,,13940992.0,,,,,,,,,1.0,,,,,,,,,,16123.487310915,,,,,,,,
,,,,,,,,,890.0,,,,,1733540878.213478,,,,,23.29326331615448,,,,,,,,,,,,,,14010880.0,,,,,,,,,1.0,,,,,,,,,,16200.166931423,,,,,,,,
,,,,,,,,,3010.0,,,,,1733540967.114722,,,,,23.398980796337128,,,,,,,,,,,,,,14090368.0,,,,,,,,,1.0,,,,,,,,,,16293.651484095,,,,,,,,
,,,,0.008127219043672085,,1574.0,-0.015211728401482105,,,,,1661.875,0.0,1733541003.974448,0.004437790252268314,866.0,0.0003,119.0,,959.265625,-0.0062541598454117775,0.09423828125,0.0,862.0,,-0.45617663860321045,-0.0020391943398863077,18.2356173992157,1.0,-0.0018870772328227758,2.2616653442382812,0.0049956003203988075,14123008.0,,,0.04709115996956825,0.006337069906294346,,0.0,-0.0033393902704119682,0.0,,0.09423828125,,,0.00865881983190775,0.03772072121500969,-0.04226743057370186,95.27020281797459,,-0.019394632428884506,16326.245701637,3510.0,0.1767120361328125,,,,0.6402534246444702,0.6383663415908813,-0.4713883697986603
,,,,,,,,,1920.0,,,,,1733541108.4817162,,,,,23.398980796337128,,,,,,,,,,,,,,14216704.0,,,,,,,,,1.0,,,,,,,,,,16430.438515169,,,,,,,,
,,,,,,,,,2330.0,,,,,1733541145.4301474,,,,,23.398980796337128,,,,,,,,,,,,,,14250496.0,,,,,,,,,1.0,,,,,,,,,,16468.461824719,,,,,,,,
,,,,,,,,,1510.0,,,,,1733541174.7542229,,,,,23.453248143196106,,,,,,,,,,,,,,14275200.0,,,,,,,,,1.0,,,,,,,,,,16496.836874866,,,,,,,,
,,,,,,,,,1440.0,,,,,1733541313.420551,,,,,23.608926236629486,,,,,,,,,,,,,,14399616.0,,,,,,,,,1.0,,,,,,,,,,16635.558921362,,,,,,,,
,,,,,,,,,1820.0,,,,,1733541633.8987875,,,,,23.350450694561005,,,,,,,,,,,,,,14683904.0,,,,,,,,,1.0,,,,,,,,,,16958.54086579,,,,,,,,
,,,,,,,,,2000.0,,,,,1733541821.6479294,,,,,23.483629524707794,,,,,,,,,,,,,,14851968.0,,,,,,,,,1.0,,,,,,,,,,17143.617700658,,,,,,,,
,,,,,,,,,1450.0,,,,,1733541894.546901,,,,,23.513458371162415,,,,,,,,,,,,,,14915584.0,,,,,,,,,1.0,,,,,,,,,,17216.626441781,,,,,,,,
,,,,,,,,,1410.0,,,,,1733542086.9884088,,,,,23.43354642391205,,,,,,,,,,,,,,15087104.0,,,,,,,,,1.0,,,,,,,,,,17408.816954431,,,,,,,,
,,,,,,,,,1450.0,,,,,1733542125.6058726,,,,,23.382308185100555,,,,,,,,,,,,,,15121280.0,,,,,,,,,1.0,,,,,,,,,,17447.563237227,,,,,,,,
,,,,,,,,,1390.0,,,,,1733542143.9083278,,,,,23.382308185100555,,,,,,,,,,,,,,15137664.0,,,,,,,,,1.0,,,,,,,,,,17465.879324139,,,,,,,,
,,,,,,,,,2980.0,,,,,1733542187.7504137,,,,,23.35686832666397,,,,,,,,,,,,,,15175552.0,,,,,,,,,1.0,,,,,,,,,,17509.601324483,,,,,,,,
,,,,,,,,,1400.0,,,,,1733542353.1341903,,,,,23.28583538532257,,,,,,,,,,,,,,15320960.0,,,,,,,,,1.0,,,,,,,,,,17676.227426711,,,,,,,,
,,,,,,,,,3360.0,,,,,1733542377.7896547,,,,,23.28583538532257,,,,,,,,,,,,,,15341952.0,,,,,,,,,1.0,,,,,,,,,,17699.86347583,,,,,,,,
,,,,,,,,,1970.0,,,,,1733542487.058099,,,,,23.227511644363403,,,,,,,,,,,,,,15439872.0,,,,,,,,,1.0,,,,,,,,,,17809.232433496,,,,,,,,
,,,,,,,,,1430.0,,,,,1733542490.409375,,,,,23.227511644363403,,,,,,,,,,,,,,15443712.0,,,,,,,,,1.0,,,,,,,,,,17813.246954239,,,,,,,,
,,,,,,,,,1360.0,,,,,1733542512.5736217,,,,,23.227511644363403,,,,,,,,,,,,,,15462272.0,,,,,,,,,1.0,,,,,,,,,,17835.620504433,,,,,,,,
,,,,,,,,,960.0,,,,,1733542688.4189742,,,,,23.38146150112152,,,,,,,,,,,,,,15617920.0,,,,,,,,,1.0,,,,,,,,,,18010.935488455,,,,,,,,
,,,,,,,,,1010.0,,,,,1733542714.9664602,,,,,23.38146150112152,,,,,,,,,,,,,,15641344.0,,,,,,,,,1.0,,,,,,,,,,18037.496717301,,,,,,,,
,,,,,,,,,2470.0,,,,,1733543109.058571,,,,,23.362670838832855,,,,,,,,,,,,,,15990272.0,,,,,,,,,1.0,,,,,,,,,,18431.029091917,,,,,,,,
,,,,,,,,,2830.0,,,,,1733543124.9794528,,,,,23.362670838832855,,,,,,,,,,,,,,16003840.0,,,,,,,,,1.0,,,,,,,,,,18451.33425685,,,,,,,,
,,,,,,,,,1980.0,,,,,1733543229.5085084,,,,,23.362670838832855,,,,,,,,,,,,,,16095488.0,,,,,,,,,1.0,,,,,,,,,,18552.128428708,,,,,,,,
,,,,,,,,,2440.0,,,,,1733543419.6853034,,,,,23.242271840572357,,,,,,,,,,,,,,16265472.0,,,,,,,,,1.0,,,,,,,,,,18741.925405767,,,,,,,,
,,,,,,,,,1890.0,,,,,1733543524.223103,,,,,23.242271840572357,,,,,,,,,,,,,,16356992.0,,,,,,,,,1.0,,,,,,,,,,18846.018774673,,,,,,,,
,,,,,,,,,1430.0,,,,,1733543676.8261375,,,,,23.242271840572357,,,,,,,,,,,,,,16492544.0,,,,,,,,,1.0,,,,,,,,,,18999.717357415,,,,,,,,
,,,,,,,,,1380.0,,,,,1733543817.1661878,,,,,23.181441128253937,,,,,,,,,,,,,,16613504.0,,,,,,,,,1.0,,,,,,,,,,19139.696285664,,,,,,,,
,,,,,,,,,1210.0,,,,,1733543821.3199062,,,,,23.181441128253937,,,,,,,,,,,,,,16617088.0,,,,,,,,,1.0,,,,,,,,,,19144.750584247,,,,,,,,
,,,,,,,,,1960.0,,,,,1733543897.994584,,,,,23.202183544635773,,,,,,,,,,,,,,16684416.0,,,,,,,,,1.0,,,,,,,,,,19220.647755135,,,,,,,,
,,,,,,,,,1870.0,,,,,1733543907.4998014,,,,,23.202183544635773,,,,,,,,,,,,,,16694528.0,,,,,,,,,1.0,,,,,,,,,,19229.470122739,,,,,,,,
,,,,,,,,,2010.0,,,,,1733543959.292222,,,,,23.202183544635773,,,,,,,,,,,,,,16738944.0,,,,,,,,,1.0,,,,,,,,,,19281.266017463,,,,,,,,
,,,,,,,,,1920.0,,,,,1733543989.9653256,,,,,23.202183544635773,,,,,,,,,,,,,,16765824.0,,,,,,,,,1.0,,,,,,,,,,19311.821338235,,,,,,,,
,,,,0.006791388615965843,,1416.0,0.011261070147156715,,,,,1746.71875,0.0,1733544040.599484,0.004437780939042568,869.0,0.0003,124.0,,940.7265625,-0.002044449793174863,0.09320068359375,0.0,1026.0,,-0.20547622442245483,-0.001055744243785739,18.23849630355835,1.0,-0.0011683548800647259,2.316047430038452,0.001832506968639791,16809984.0,,,0.047615326941013336,0.00461015198379755,,0.0,-0.011228750459849834,0.0,,0.09320068359375,,,0.005985509604215622,0.036895837634801865,-0.04270286485552788,94.22128935328598,,-0.03007727675139904,19362.431609171,3010.0,0.15325927734375,,,,0.622277021408081,0.6211086511611938,-0.19421514868736267
,,,,,,,,,2020.0,,,,,1733544054.7952564,,,,,23.202183544635773,,,,,,,,,,,,,,16823552.0,,,,,,,,,1.0,,,,,,,,,,19378.138369789,,,,,,,,
,,,,,,,,,1370.0,,,,,1733544110.828726,,,,,23.202183544635773,,,,,,,,,,,,,,16872576.0,,,,,,,,,1.0,,,,,,,,,,19432.903653994,,,,,,,,
,,,,,,,,,2390.0,,,,,1733544173.2739673,,,,,23.213427364826202,,,,,,,,,,,,,,16926848.0,,,,,,,,,1.0,,,,,,,,,,19496.654108904,,,,,,,,
,,,,,,,,,1490.0,,,,,1733544229.4221177,,,,,23.213427364826202,,,,,,,,,,,,,,16975744.0,,,,,,,,,1.0,,,,,,,,,,19553.722669765,,,,,,,,
,,,,,,,,,1850.0,,,,,1733544322.461356,,,,,23.193528056144714,,,,,,,,,,,,,,17058048.0,,,,,,,,,1.0,,,,,,,,,,19644.544262387,,,,,,,,
,,,,,,,,,1940.0,,,,,1733544434.8835304,,,,,23.193528056144714,,,,,,,,,,,,,,17159168.0,,,,,,,,,1.0,,,,,,,,,,19756.621027989,,,,,,,,
,,,,,,,,,1490.0,,,,,1733544459.4058664,,,,,23.193528056144714,,,,,,,,,,,,,,17180160.0,,,,,,,,,1.0,,,,,,,,,,19781.593820449,,,,,,,,
,,,,,,,,,890.0,,,,,1733544545.316893,,,,,23.210632503032684,,,,,,,,,,,,,,17255936.0,,,,,,,,,1.0,,,,,,,,,,19867.728036461,,,,,,,,
,,,,,,,,,1970.0,,,,,1733544562.739301,,,,,23.210632503032684,,,,,,,,,,,,,,17270784.0,,,,,,,,,1.0,,,,,,,,,,19885.354005301,,,,,,,,
,,,,,,,,,2000.0,,,,,1733544583.791397,,,,,23.210632503032684,,,,,,,,,,,,,,17290880.0,,,,,,,,,1.0,,,,,,,,,,19906.019336502,,,,,,,,
,,,,,,,,,2950.0,,,,,1733544940.0614545,,,,,23.17496806383133,,,,,,,,,,,,,,17606912.0,,,,,,,,,1.0,,,,,,,,,,20263.165326222,,,,,,,,
,,,,,,,,,1400.0,,,,,1733544993.056598,,,,,23.139787316322327,,,,,,,,,,,,,,17653376.0,,,,,,,,,1.0,,,,,,,,,,20316.019063411,,,,,,,,
,,,,,,,,,1950.0,,,,,1733545045.6202633,,,,,23.139787316322327,,,,,,,,,,,,,,17698688.0,,,,,,,,,1.0,,,,,,,,,,20367.652936212,,,,,,,,
,,,,,,,,,2970.0,,,,,1733545165.756752,,,,,23.158260583877563,,,,,,,,,,,,,,17805440.0,,,,,,,,,1.0,,,,,,,,,,20489.468235878,,,,,,,,
,,,,,,,,,2990.0,,,,,1733545239.9258413,,,,,22.879635393619537,,,,,,,,,,,,,,17869952.0,,,,,,,,,1.0,,,,,,,,,,20562.672139213,,,,,,,,
,,,,,,,,,1930.0,,,,,1733545252.0305471,,,,,22.879635393619537,,,,,,,,,,,,,,17879168.0,,,,,,,,,1.0,,,,,,,,,,20574.333514564,,,,,,,,
,,,,,,,,,1520.0,,,,,1733545330.5725703,,,,,22.879635393619537,,,,,,,,,,,,,,17948672.0,,,,,,,,,1.0,,,,,,,,,,20654.229577377,,,,,,,,
,,,,,,,,,1510.0,,,,,1733545365.0929554,,,,,22.879635393619537,,,,,,,,,,,,,,17978112.0,,,,,,,,,1.0,,,,,,,,,,20686.888371264,,,,,,,,
,,,,,,,,,1980.0,,,,,1733545467.860919,,,,,22.879635393619537,,,,,,,,,,,,,,18068992.0,,,,,,,,,1.0,,,,,,,,,,20789.599817636,,,,,,,,
,,,,,,,,,1480.0,,,,,1733545577.6624217,,,,,22.879635393619537,,,,,,,,,,,,,,18166528.0,,,,,,,,,1.0,,,,,,,,,,20899.834766139,,,,,,,,
,,,,,,,,,2000.0,,,,,1733545591.865577,,,,,22.879635393619537,,,,,,,,,,,,,,18178560.0,,,,,,,,,1.0,,,,,,,,,,20913.606970665,,,,,,,,
,,,,0.0051541076973080635,,1409.0,0.0038836668245494366,,,,,1898.046875,0.0,1733545602.8004491,0.004870661534368992,870.0,0.0003,122.0,,988.6484375,-0.0007855801959522069,0.101806640625,0.0,1110.0,,-0.12982404232025146,-7.00782984495163e-05,18.580979585647583,1.0,-0.00010891520651057363,2.356503963470459,0.005365781951695681,18186240.0,,,0.047842271625995636,0.003549583489075303,,0.0,-0.009428661316633224,0.0,,0.101806640625,,,0.0042448146268725395,0.03956024721264839,-0.04003000631928444,93.30787210808785,,-0.027733754366636276,20924.64786949,3980.0,0.1165313720703125,,,,0.6745161414146423,0.6744072437286377,-0.12594038248062134
,,,,,,,,,830.0,,,,,1733545667.4516385,,,,,22.909154891967773,,,,,,,,,,,,,,18244864.0,,,,,,,,,1.0,,,,,,,,,,20990.88538073,,,,,,,,
,,,,,,,,,2980.0,,,,,1733545671.8660884,,,,,22.909154891967773,,,,,,,,,,,,,,18248960.0,,,,,,,,,1.0,,,,,,,,,,20999.19290858,,,,,,,,
,,,,,,,,,1970.0,,,,,1733545699.494679,,,,,22.909154891967773,,,,,,,,,,,,,,18272000.0,,,,,,,,,1.0,,,,,,,,,,21021.595150901,,,,,,,,
,,,,,,,,,1990.0,,,,,1733545738.1071627,,,,,22.909154891967773,,,,,,,,,,,,,,18305536.0,,,,,,,,,1.0,,,,,,,,,,21059.850933511,,,,,,,,
,,,,,,,,,2980.0,,,,,1733545803.1970532,,,,,22.909154891967773,,,,,,,,,,,,,,18363648.0,,,,,,,,,1.0,,,,,,,,,,21126.060074511,,,,,,,,
,,,,,,,,,3010.0,,,,,1733545846.7438083,,,,,22.909154891967773,,,,,,,,,,,,,,18400000.0,,,,,,,,,1.0,,,,,,,,,,21168.483025066,,,,,,,,
,,,,,,,,,1970.0,,,,,1733546006.4169703,,,,,22.85588175058365,,,,,,,,,,,,,,18540800.0,,,,,,,,,1.0,,,,,,,,,,21331.316386359,,,,,,,,
,,,,,,,,,1980.0,,,,,1733546172.1963835,,,,,22.843143939971924,,,,,,,,,,,,,,18684032.0,,,,,,,,,1.0,,,,,,,,,,21495.286011974,,,,,,,,
,,,,,,,,,1940.0,,,,,1733546244.868073,,,,,22.81757354736328,,,,,,,,,,,,,,18747136.0,,,,,,,,,1.0,,,,,,,,,,21570.060382933,,,,,,,,
,,,,,,,,,1980.0,,,,,1733546248.8168252,,,,,22.81757354736328,,,,,,,,,,,,,,18751616.0,,,,,,,,,1.0,,,,,,,,,,21570.558399804,,,,,,,,
,,,,,,,,,2910.0,,,,,1733546291.1440392,,,,,22.807873785495758,,,,,,,,,,,,,,18787712.0,,,,,,,,,1.0,,,,,,,,,,21614.452815989,,,,,,,,
,,,,,,,,,2980.0,,,,,1733546425.5354047,,,,,22.813081741333008,,,,,,,,,,,,,,18901120.0,,,,,,,,,1.0,,,,,,,,,,21747.381042989,,,,,,,,
,,,,,,,,,3000.0,,,,,1733546481.8968568,,,,,22.813081741333008,,,,,,,,,,,,,,18951936.0,,,,,,,,,1.0,,,,,,,,,,21803.745382007,,,,,,,,
,,,,,,,,,740.0,,,,,1733546492.7942405,,,,,22.813081741333008,,,,,,,,,,,,,,18959744.0,,,,,,,,,1.0,,,,,,,,,,21818.181328487,,,,,,,,
,,,,,,,,,1910.0,,,,,1733546527.7170916,,,,,22.81705766916275,,,,,,,,,,,,,,18989696.0,,,,,,,,,1.0,,,,,,,,,,21850.01103401,,,,,,,,
,,,,,,,,,4510.0,,,,,1733546558.4854734,,,,,22.79449313879013,,,,,,,,,,,,,,19018880.0,,,,,,,,,1.0,,,,,,,,,,21884.070836258,,,,,,,,
,,,,0.007283539976924658,,1328.0,0.015711607411503792,,,,,2101.015625,0.0,1733546621.7774858,0.005010887980461121,870.0,0.0003,123.0,,972.8984375,-0.004603982903063297,0.1044921875,0.0,1164.0,,-0.4450852572917938,-0.001189075643196702,18.296002626419067,1.0,-0.0013461916241794825,2.2962236404418945,0.004104207269847393,19070976.0,,,0.04795466735959053,0.003111411351710558,,0.0,-0.010463176295161247,0.0,,0.1044921875,,,0.005719765555113554,0.03467914089560509,-0.04310242086648941,91.35873156260539,,-0.02773153968155384,21943.763128994,4990.0,0.106353759765625,,,,0.698359489440918,0.697013258934021,-0.4293736517429352
,,,,,,,,,1440.0,,,,,1733546785.3331833,,,,,22.720612585544586,,,,,,,,,,,,,,19217152.0,,,,,,,,,1.0,,,,,,,,,,22109.942804088,,,,,,,,
,,,,,,,,,2020.0,,,,,1733546803.5179684,,,,,22.720612585544586,,,,,,,,,,,,,,19233792.0,,,,,,,,,1.0,,,,,,,,,,22125.595281447,,,,,,,,
,,,,,,,,,1990.0,,,,,1733546862.5461767,,,,,22.720612585544586,,,,,,,,,,,,,,19284736.0,,,,,,,,,1.0,,,,,,,,,,22185.140786355,,,,,,,,
,,,,,,,,,2480.0,,,,,1733546866.9080386,,,,,22.720612585544586,,,,,,,,,,,,,,19289472.0,,,,,,,,,1.0,,,,,,,,,,22188.941444773,,,,,,,,
,,,,,,,,,2000.0,,,,,1733546909.400339,,,,,22.720612585544586,,,,,,,,,,,,,,19328128.0,,,,,,,,,1.0,,,,,,,,,,22231.4635046,,,,,,,,
,,,,,,,,,2030.0,,,,,1733546964.8128002,,,,,22.684923112392426,,,,,,,,,,,,,,19376128.0,,,,,,,,,1.0,,,,,,,,,,22286.769914961,,,,,,,,
,,,,,,,,,2970.0,,,,,1733546985.2630174,,,,,22.684923112392426,,,,,,,,,,,,,,19395072.0,,,,,,,,,1.0,,,,,,,,,,22308.006971155,,,,,,,,
,,,,,,,,,2020.0,,,,,1733547120.9053507,,,,,22.684923112392426,,,,,,,,,,,,,,19515264.0,,,,,,,,,1.0,,,,,,,,,,22443.085743368,,,,,,,,
,,,,0.004917975515127182,,1305.0,-0.010343814268708229,,,,,1857.890625,0.0,1733547356.8727772,0.004834596998989582,870.0,0.0003,117.0,,969.265625,-0.0036205826327204704,0.10064697265625,0.0,1204.0,,-0.300740510225296,-0.002518440829589963,18.374755144119263,1.0,-0.002415002789348364,2.3164262771606445,0.003916992340236902,19726336.0,,,0.04803519695997238,0.004646240267902613,,0.0,-0.01159235555678606,0.0,,0.10064697265625,,,0.0029872264713048935,0.03515490144491196,-0.04337988421320915,91.24117520744049,,-0.030339136719703674,22679.662786027,4000.0,0.1408233642578125,,,,0.6683346033096313,0.6659195423126221,-0.3110843300819397
,,,,,,,,,2000.0,,,,,1733547492.9390504,,,,,22.71653026342392,,,,,,,,,,,,,,19848832.0,,,,,,,,,1.0,,,,,,,,,,22815.221467928,,,,,,,,
,,,,,,,,,2480.0,,,,,1733547508.8701696,,,,,22.71653026342392,,,,,,,,,,,,,,19863296.0,,,,,,,,,1.0,,,,,,,,,,22831.091959732,,,,,,,,
,,,,,,,,,1990.0,,,,,1733547512.154294,,,,,22.71653026342392,,,,,,,,,,,,,,19867008.0,,,,,,,,,1.0,,,,,,,,,,22835.953108215,,,,,,,,
,,,,,,,,,1430.0,,,,,1733547614.183736,,,,,22.71653026342392,,,,,,,,,,,,,,19958144.0,,,,,,,,,1.0,,,,,,,,,,22936.803360599,,,,,,,,
,,,,,,,,,1980.0,,,,,1733547749.4129152,,,,,22.71653026342392,,,,,,,,,,,,,,20079488.0,,,,,,,,,1.0,,,,,,,,,,23071.59870168,,,,,,,,
,,,,,,,,,2010.0,,,,,1733547874.4820318,,,,,22.689127922058105,,,,,,,,,,,,,,20192896.0,,,,,,,,,1.0,,,,,,,,,,23196.336723772,,,,,,,,
,,,,,,,,,1420.0,,,,,1733547994.8547747,,,,,22.689127922058105,,,,,,,,,,,,,,20301696.0,,,,,,,,,1.0,,,,,,,,,,23316.934373317,,,,,,,,
,,,,,,,,,1960.0,,,,,1733548003.9535546,,,,,22.689127922058105,,,,,,,,,,,,,,20309888.0,,,,,,,,,1.0,,,,,,,,,,23326.136113522,,,,,,,,
,,,,,,,,,2010.0,,,,,1733548127.2779756,,,,,22.689127922058105,,,,,,,,,,,,,,20421376.0,,,,,,,,,1.0,,,,,,,,,,23450.228207159,,,,,,,,
,,,,,,,,,2510.0,,,,,1733548162.6100512,,,,,22.689127922058105,,,,,,,,,,,,,,20453504.0,,,,,,,,,1.0,,,,,,,,,,23485.595394455,,,,,,,,
,,,,,,,,,1530.0,,,,,1733548390.4167597,,,,,22.659667432308197,,,,,,,,,,,,,,20656768.0,,,,,,,,,1.0,,,,,,,,,,23712.153461537,,,,,,,,
,,,,,,,,,1310.0,,,,,1733548427.1556005,,,,,22.659667432308197,,,,,,,,,,,,,,20688768.0,,,,,,,,,1.0,,,,,,,,,,23749.679073359,,,,,,,,
,,,,0.00594955962151289,,1417.0,0.009072713553905487,,,,,1928.671875,0.0,1733548488.2083771,0.004843202419579029,872.0,0.0003,113.0,,991.703125,-0.007203249726444483,0.100341796875,0.0,1266.0,,-0.6509244441986084,0.0028162612579762936,18.763731002807617,1.0,0.0027255346067249775,2.2985424995422363,0.0024479380808770657,20742144.0,,,0.048267047852277756,0.0037737623788416386,,0.0,-0.008778474293649197,0.0,,0.100341796875,,,0.004697189666330814,0.04786675050854683,-0.04433372616767883,91.0081068265395,,-0.02756515145301819,23810.336581312,4520.0,0.1217498779296875,,,,0.6150144338607788,0.6177399158477783,-0.6418517827987671
,,,,,,,,,1960.0,,,,,1733548690.0007436,,,,,22.659667432308197,,,,,,,,,,,,,,20924800.0,,,,,,,,,1.0,,,,,,,,,,24014.424394895,,,,,,,,
,,,,,,,,,1480.0,,,,,1733548709.8720095,,,,,22.659667432308197,,,,,,,,,,,,,,20942848.0,,,,,,,,,1.0,,,,,,,,,,24032.561235105,,,,,,,,
,,,,,,,,,2520.0,,,,,1733548771.5250444,,,,,22.659667432308197,,,,,,,,,,,,,,20998784.0,,,,,,,,,1.0,,,,,,,,,,24095.359735795,,,,,,,,
,,,,0.0066167633049190044,,1313.0,0.00884515605866909,,,,,1924.765625,0.0,1733549033.2830386,0.004601980093866587,872.0,0.0003,120.0,,988.5703125,-0.0068838996812701225,0.0950927734375,0.0,1296.0,,-0.6327229142189026,-0.003395682666450739,18.069749116897583,1.0,-0.0034841345623135567,2.326394557952881,0.006871562451124191,21233664.0,,,0.04839463159441948,0.003915599547326565,,0.0,-0.010835747234523296,0.0,,0.0950927734375,,,0.004552428610622883,0.04003576561808586,-0.04737361520528793,91.0081068265395,,-0.027355527505278587,24355.408642366,3530.0,0.1632537841796875,,,,0.7030832767486572,0.6995990872383118,-0.623877763748169
,,,,,,,,,1420.0,,,,,1733549075.3851159,,,,,22.659667432308197,,,,,,,,,,,,,,21271808.0,,,,,,,,,1.0,,,,,,,,,,24398.362300327,,,,,,,,
,,,,,,,,,1990.0,,,,,1733549155.227438,,,,,22.659667432308197,,,,,,,,,,,,,,21345152.0,,,,,,,,,1.0,,,,,,,,,,24481.404028774,,,,,,,,
,,,,0.0052696894854307175,,1333.0,0.008521722629666328,,,,,1878.75,0.0,1733549303.800499,0.004700277000665665,873.0,0.0003,118.0,,969.3125,-0.005960854701697826,0.09698486328125,0.0,1311.0,,-0.5058114528656006,-0.0023157508112490177,17.81911873817444,1.0,-0.0024009679909795523,2.3292648792266846,0.0038990695029497147,21479424.0,,,0.048464030027389526,0.0040610553696751595,,0.0,-0.010012080892920494,0.0,,0.09698486328125,,,0.003320230171084404,0.037817344069480896,-0.04373449832201004,91.0081068265395,,-0.028720349073410034,24625.631085545,4410.0,0.1202850341796875,,,,0.7008973956108093,0.6984964609146118,-0.4972897469997406
,,,,,,,,,1990.0,,,,,1733549335.3983026,,,,,22.659667432308197,,,,,,,,,,,,,,21509888.0,,,,,,,,,1.0,,,,,,,,,,24657.986780541,,,,,,,,
,,,,,,,,,1890.0,,,,,1733549351.5940156,,,,,22.659667432308197,,,,,,,,,,,,,,21524224.0,,,,,,,,,1.0,,,,,,,,,,24673.330865094,,,,,,,,
,,,,,,,,,2530.0,,,,,1733549363.2693057,,,,,22.659667432308197,,,,,,,,,,,,,,21533312.0,,,,,,,,,1.0,,,,,,,,,,24686.216387409,,,,,,,,
,,,,,,,,,2020.0,,,,,1733549364.5988712,,,,,22.659667432308197,,,,,,,,,,,,,,21534848.0,,,,,,,,,1.0,,,,,,,,,,24686.447955268,,,,,,,,
,,,,,,,,,860.0,,,,,1733549504.350035,,,,,22.659667432308197,,,,,,,,,,,,,,21661824.0,,,,,,,,,1.0,,,,,,,,,,24826.459535066,,,,,,,,
,,,,0.005835606716573238,,1397.0,0.00529314624145627,,,,,1943.59375,0.0,1733549538.7269886,0.004915554076433182,873.0,0.0003,121.0,,977.5390625,-0.005743775982409716,0.101318359375,0.0,1324.0,,-0.47384291887283325,0.0003858822165057063,18.04541563987732,1.0,0.000332950905431062,2.337141275405884,0.002714088186621666,21692416.0,,,0.0485159270465374,0.004192480817437172,,0.0,-0.01313918549567461,0.0,,0.101318359375,,,0.004476755857467651,0.03620746359229088,-0.03752643242478371,91.0081068265395,,-0.03223574906587601,24861.073893459,3880.0,0.1370697021484375,,,,0.6819793581962585,0.6823123097419739,-0.46854978799819946
,,,,,,,,,1510.0,,,,,1733549667.3512945,,,,,22.659667432308197,,,,,,,,,,,,,,21808384.0,,,,,,,,,1.0,,,,,,,,,,24991.545589369,,,,,,,,
,,,,,,,,,1990.0,,,,,1733550198.5659347,,,,,22.77590721845627,,,,,,,,,,,,,,22284032.0,,,,,,,,,1.0,,,,,,,,,,25520.817781589,,,,,,,,
,,,,,,,,,1970.0,,,,,1733550262.3891156,,,,,22.77590721845627,,,,,,,,,,,,,,22343680.0,,,,,,,,,1.0,,,,,,,,,,25585.201943788,,,,,,,,
,,,,,,,,,1490.0,,,,,1733550379.7292833,,,,,22.77590721845627,,,,,,,,,,,,,,22450560.0,,,,,,,,,1.0,,,,,,,,,,25701.466006982,,,,,,,,
,,,,,,,,,1900.0,,,,,1733550385.784803,,,,,22.77590721845627,,,,,,,,,,,,,,22456832.0,,,,,,,,,1.0,,,,,,,,,,25707.812092525,,,,,,,,
,,,,0.005976241081953049,,1324.0,-0.0025115245953202248,,,,,2098.203125,0.0,1733550466.9123528,0.004935544449836016,874.0,0.0003,121.0,,970.671875,-0.008861269801855087,0.1014404296875,0.0,1375.0,,-0.7380505800247192,-0.003427277784794569,18.067736625671387,1.0,-0.0034021625760942698,2.3625171184539795,0.0028841032180935144,22528000.0,,,0.04865460842847824,0.00408678175881505,,0.0,-0.01072349026799202,0.0,,0.1014404296875,,,0.0018569632666185498,0.036414142698049545,-0.044546809047460556,91.15795187913807,,-0.02991848811507225,25790.319429939,3510.0,0.1273956298828125,,,,0.6906745433807373,0.6872723698616028,-0.7405620813369751
,,,,,,,,,2430.0,,,,,1733550513.7327204,,,,,22.77590721845627,,,,,,,,,,,,,,22571264.0,,,,,,,,,1.0,,,,,,,,,,25835.917979102,,,,,,,,
,,,,,,,,,2930.0,,,,,1733550540.4236796,,,,,22.77590721845627,,,,,,,,,,,,,,22594304.0,,,,,,,,,1.0,,,,,,,,,,25862.795937716,,,,,,,,
,,,,0.005679707042872906,,1448.0,0.00039988767821341753,,,,,2047.265625,0.0,1733550629.5943108,0.004450830165296793,874.0,0.0003,120.0,,989.6953125,-0.009129045531153679,0.0914306640625,0.0,1384.0,,-0.6836906671524048,0.0005939459661021829,18.21235418319702,1.0,0.0005899470415897667,2.4014880657196045,0.0030350941233336926,22675456.0,,,0.04867984354496002,0.004295835271477699,,0.0,-0.009847467765212059,0.0,,0.0914306640625,,,0.0067095099948346615,0.031418561935424805,-0.04383955895900726,91.15795187913807,,-0.029504947364330292,25953.062625018,4520.0,0.1256866455078125,,,,0.6295517683029175,0.6301417350769043,-0.6832908391952515
,,,,,,,,,2010.0,,,,,1733550741.3066864,,,,,22.77590721845627,,,,,,,,,,,,,,22777856.0,,,,,,,,,1.0,,,,,,,,,,26063.046282745,,,,,,,,
,,,,,,,,,1400.0,,,,,1733550958.748465,,,,,22.771246433258057,,,,,,,,,,,,,,22977792.0,,,,,,,,,1.0,,,,,,,,,,26281.168124653,,,,,,,,
,,,,,,,,,990.0,,,,,1733551030.0221686,,,,,22.771246433258057,,,,,,,,,,,,,,23043584.0,,,,,,,,,1.0,,,,,,,,,,26352.742907501,,,,,,,,
,,,,,,,,,2000.0,,,,,1733551134.775817,,,,,22.771246433258057,,,,,,,,,,,,,,23139072.0,,,,,,,,,1.0,,,,,,,,,,26456.619671385,,,,,,,,
,,,,,,,,,1970.0,,,,,1733551609.2247212,,,,,22.77091920375824,,,,,,,,,,,,,,23570304.0,,,,,,,,,1.0,,,,,,,,,,26931.628641049,,,,,,,,
,,,,,,,,,600.0,,,,,1733551615.0426865,,,,,22.77091920375824,,,,,,,,,,,,,,23576448.0,,,,,,,,,1.0,,,,,,,,,,26938.633478083,,,,,,,,
,,,,,,,,,2010.0,,,,,1733551775.7970316,,,,,22.81782478094101,,,,,,,,,,,,,,23721216.0,,,,,,,,,1.0,,,,,,,,,,27101.658101741,,,,,,,,
,,,,0.005356369074434042,,1426.0,-0.0022808508947491646,,,,,2292.421875,0.0,1733551815.5431535,0.00462357746437192,876.0,0.0003,113.0,,995.296875,-0.005736076273024082,0.094482421875,0.0,1450.0,,-0.4540247917175293,-0.0022929811384528875,17.567694664001465,1.0,-0.0022701723501086235,2.3513760566711426,0.0038205254822969437,23756800.0,,,0.048935845494270325,0.004288211464881897,,0.0,-0.013323205523192883,0.0,,0.094482421875,,,0.005486653186380863,0.03594481945037842,-0.039403755217790604,90.64569322066478,,-0.032248519361019135,27137.784342889,4490.0,0.120208740234375,,,,0.6870114803314209,0.6847412586212158,-0.4563056230545044
,,,,,,,,,2040.0,,,,,1733551944.4599044,,,,,22.81782478094101,,,,,,,,,,,,,,23874816.0,,,,,,,,,1.0,,,,,,,,,,27266.954744478,,,,,,,,
,,,,,,,,,1980.0,,,,,1733552209.2476032,,,,,22.81782478094101,,,,,,,,,,,,,,24117120.0,,,,,,,,,1.0,,,,,,,,,,27532.932580398,,,,,,,,
,,,,,,,,,2050.0,,,,,1733552231.5353868,,,,,22.81782478094101,,,,,,,,,,,,,,24136448.0,,,,,,,,,1.0,,,,,,,,,,27553.48903519,,,,,,,,
,,,,,,,,,1440.0,,,,,1733552291.634284,,,,,22.81782478094101,,,,,,,,,,,,,,24191744.0,,,,,,,,,1.0,,,,,,,,,,27613.46998074,,,,,,,,
,,,,0.005610412452369928,,1454.0,-0.0013799058506265283,,,,,2043.4375,0.0,1733552300.3194335,0.004624575842171907,877.0,0.0003,119.0,,1007.5703125,-0.005510685965418816,0.09442138671875,0.0,1477.0,,-0.46717768907546997,0.0008044185233302414,18.002044916152954,1.0,0.0008182177552953362,2.3519372940063477,0.0038509685546159744,24199168.0,,,0.0489780567586422,0.004329385235905647,,0.0,-0.010507610626518726,0.0,,0.09442138671875,,,0.0026682571042329073,0.034136123955249786,-0.043845631182193756,90.64569322066478,,-0.02929629385471344,27622.234112466,3510.0,0.132293701171875,,,,0.6627669334411621,0.6635851860046387,-0.46855756640434265
,,,,,,,,,1860.0,,,,,1733552734.7548566,,,,,22.941236793994904,,,,,,,,,,,,,,24599936.0,,,,,,,,,1.0,,,,,,,,,,28056.746527782,,,,,,,,
,,,,,,,,,4520.0,,,,,1733552831.6722336,,,,,22.941236793994904,,,,,,,,,,,,,,24689408.0,,,,,,,,,1.0,,,,,,,,,,28153.406430937,,,,,,,,
,,,,,,,,,710.0,,,,,1733552835.548255,,,,,22.941236793994904,,,,,,,,,,,,,,24691840.0,,,,,,,,,1.0,,,,,,,,,,28159.160586237,,,,,,,,
,,,,0.005917273461818695,,1666.0,-0.00785309448838234,,,,,2190.546875,0.0,1733552852.0971906,0.004528164863586426,877.0,0.0003,115.0,,1015.6875,-0.0053067998960614204,0.09222412109375,0.0,1508.0,,-0.42532211542129517,-0.002033015713095665,17.431666135787964,1.0,-0.0019544847309589386,2.3526768684387207,0.00566256744787097,24707072.0,,,0.04909956827759743,0.004272489808499813,,0.0,-0.012431589886546135,0.0,,0.09222412109375,,,0.0061723655089735985,0.03412889689207077,-0.0437762513756752,90.54418742134422,,-0.030168436467647552,28173.813907652,4930.0,0.14459228515625,,,,0.6637659668922424,0.6618114113807678,-0.4331752061843872
,,,,,,,,,1450.0,,,,,1733552892.9953065,,,,,22.941236793994904,,,,,,,,,,,,,,24745344.0,,,,,,,,,1.0,,,,,,,,,,28215.042864128,,,,,,,,
,,,,,,,,,1410.0,,,,,1733552924.8501084,,,,,22.941236793994904,,,,,,,,,,,,,,24774144.0,,,,,,,,,1.0,,,,,,,,,,28247.328950219,,,,,,,,
,,,,,,,,,2480.0,,,,,1733553304.2521238,,,,,22.941236793994904,,,,,,,,,,,,,,25119744.0,,,,,,,,,1.0,,,,,,,,,,28627.881836631,,,,,,,,
,,,,,,,,,1870.0,,,,,1733553431.1228333,,,,,22.941236793994904,,,,,,,,,,,,,,25234176.0,,,,,,,,,1.0,,,,,,,,,,28753.614694199,,,,,,,,
,,,,,,,,,2040.0,,,,,1733553451.2547133,,,,,22.941236793994904,,,,,,,,,,,,,,25253760.0,,,,,,,,,1.0,,,,,,,,,,28774.588255455,,,,,,,,
,,,,,,,,,1280.0,,,,,1733553501.573441,,,,,22.941236793994904,,,,,,,,,,,,,,25298688.0,,,,,,,,,1.0,,,,,,,,,,28823.404219391,,,,,,,,
,,,,,,,,,2000.0,,,,,1733553602.0469189,,,,,22.941236793994904,,,,,,,,,,,,,,25391232.0,,,,,,,,,1.0,,,,,,,,,,28924.105730867,,,,,,,,
,,,,,,,,,1700.0,,,,,1733553673.958692,,,,,22.941236793994904,,,,,,,,,,,,,,25456640.0,,,,,,,,,1.0,,,,,,,,,,28996.013527735,,,,,,,,
,,,,,,,,,1030.0,,,,,1733553723.6778355,,,,,22.941236793994904,,,,,,,,,,,,,,25502848.0,,,,,,,,,1.0,,,,,,,,,,29047.228675164,,,,,,,,
,,,,,,,,,2040.0,,,,,1733553746.7521544,,,,,22.941236793994904,,,,,,,,,,,,,,25523072.0,,,,,,,,,1.0,,,,,,,,,,29068.499091978,,,,,,,,
,,,,,,,,,3050.0,,,,,1733554145.6782482,,,,,22.941236793994904,,,,,,,,,,,,,,25889024.0,,,,,,,,,1.0,,,,,,,,,,29467.739217533,,,,,,,,
,,,,,,,,,2500.0,,,,,1733554146.1216564,,,,,22.941236793994904,,,,,,,,,,,,,,25889536.0,,,,,,,,,1.0,,,,,,,,,,29468.476424685,,,,,,,,
,,,,,,,,,2510.0,,,,,1733554223.4737961,,,,,22.941226065158844,,,,,,,,,,,,,,25962112.0,,,,,,,,,1.0,,,,,,,,,,29550.729031339,,,,,,,,
,,,,0.005019118078052998,,1265.0,0.003927560057491064,,,,,2211.953125,0.0,1733554374.5979588,0.00452263280749321,879.0,0.0003,116.0,,991.078125,0.0014698253944516182,0.091552734375,0.0,1593.0,,0.048601750284433365,-0.0012287491699680686,17.51093339920044,1.0,-0.0012680242070928216,2.322080135345459,0.006574560422450304,26099712.0,,,0.04939921200275421,0.005045005120337009,,0.0,-0.0120480265468359,0.0,,0.091552734375,,,0.005412239581346512,0.03874126076698303,-0.03674522042274475,90.2967957518009,,-0.0294719897210598,29696.723165655,3560.0,0.146240234375,,,,0.6580560207366943,0.6567879915237427,0.052529312670230865
,,,,0.00523014459758997,,1293.0,0.0013475194573402405,,,,,2165.15625,0.0,1733554464.1340032,0.005403383634984493,879.0,0.0003,122.0,,972.015625,0.0008334271260537207,0.109375,0.0,1598.0,,-0.014686578884720802,0.002954178024083376,17.62760591506958,1.0,0.002940703183412552,2.2925853729248047,0.0054133073426783085,26181632.0,,,0.04940236359834671,0.004825931042432785,,0.0,-0.01158871315419674,0.0,,0.109375,,,0.005988324526697397,0.040927376598119736,-0.045199982821941376,90.2967957518009,,-0.029192842543125153,29785.937542565,4050.0,0.14263916015625,,,,0.735365092754364,0.7383057475090027,-0.013339057564735413
,,,,,,,,,1970.0,,,,,1733554674.0491316,,,,,22.933224141597748,,,,,,,,,,,,,,26376448.0,,,,,,,,,1.0,,,,,,,,,,29996.560830232,,,,,,,,
,,,,,,,,,1750.0,,,,,1733554737.5537143,,,,,22.933224141597748,,,,,,,,,,,,,,26432640.0,,,,,,,,,1.0,,,,,,,,,,30060.076644664,,,,,,,,
,,,,,,,,,2960.0,,,,,1733554761.3442361,,,,,22.933224141597748,,,,,,,,,,,,,,26455936.0,,,,,,,,,1.0,,,,,,,,,,30084.453431635,,,,,,,,
,,,,,,,,,840.0,,,,,1733554879.9079366,,,,,22.784401774406433,,,,,,,,,,,,,,26563328.0,,,,,,,,,1.0,,,,,,,,,,30201.850723982,,,,,,,,
,,,,,,,,,3030.0,,,,,1733554923.281733,,,,,22.784401774406433,,,,,,,,,,,,,,26603520.0,,,,,,,,,1.0,,,,,,,,,,30245.026852624,,,,,,,,
,,,,,,,,,2010.0,,,,,1733554923.4093366,,,,,22.784401774406433,,,,,,,,,,,,,,26603648.0,,,,,,,,,1.0,,,,,,,,,,30247.580705886,,,,,,,,
,,,,,,,,,1350.0,,,,,1733554928.6899157,,,,,22.784401774406433,,,,,,,,,,,,,,26607872.0,,,,,,,,,1.0,,,,,,,,,,30252.203008089,,,,,,,,
,,,,,,,,,2000.0,,,,,1733555013.679804,,,,,22.784401774406433,,,,,,,,,,,,,,26688256.0,,,,,,,,,1.0,,,,,,,,,,30335.632354913,,,,,,,,
,,,,,,,,,2550.0,,,,,1733555033.987425,,,,,22.79537469148636,,,,,,,,,,,,,,26706048.0,,,,,,,,,1.0,,,,,,,,,,30355.933003982,,,,,,,,
,,,,,,,,,2030.0,,,,,1733555082.6976454,,,,,22.79537469148636,,,,,,,,,,,,,,26752768.0,,,,,,,,,1.0,,,,,,,,,,30404.681013353,,,,,,,,
,,,,,,,,,2480.0,,,,,1733555097.7622766,,,,,22.79537469148636,,,,,,,,,,,,,,26766208.0,,,,,,,,,1.0,,,,,,,,,,30421.194836024,,,,,,,,
,,,,,,,,,940.0,,,,,1733555130.01792,,,,,22.79537469148636,,,,,,,,,,,,,,26795136.0,,,,,,,,,1.0,,,,,,,,,,30451.852088686,,,,,,,,
,,,,,,,,,1500.0,,,,,1733555175.066804,,,,,22.821989357471466,,,,,,,,,,,,,,26837888.0,,,,,,,,,1.0,,,,,,,,,,30496.798849107,,,,,,,,
,,,,,,,,,2520.0,,,,,1733555182.2816825,,,,,22.821989357471466,,,,,,,,,,,,,,26846592.0,,,,,,,,,1.0,,,,,,,,,,30504.222105045,,,,,,,,
,,,,,,,,,2020.0,,,,,1733555298.9245682,,,,,22.821989357471466,,,,,,,,,,,,,,26953216.0,,,,,,,,,1.0,,,,,,,,,,30620.968045669,,,,,,,,
,,,,,,,,,2530.0,,,,,1733555326.4026697,,,,,22.821989357471466,,,,,,,,,,,,,,26978944.0,,,,,,,,,1.0,,,,,,,,,,30650.870982783,,,,,,,,
,,,,,,,,,2010.0,,,,,1733555345.343703,,,,,22.821989357471466,,,,,,,,,,,,,,26994688.0,,,,,,,,,1.0,,,,,,,,,,30667.405187049,,,,,,,,
,,,,,,,,,1410.0,,,,,1733555375.389741,,,,,22.821989357471466,,,,,,,,,,,,,,27021952.0,,,,,,,,,1.0,,,,,,,,,,30697.459422517,,,,,,,,
,,,,,,,,,2440.0,,,,,1733555429.533897,,,,,22.821989357471466,,,,,,,,,,,,,,27072512.0,,,,,,,,,1.0,,,,,,,,,,30751.338076082,,,,,,,,
,,,,0.004549757577478886,,1241.0,0.007053149864077568,,,,,2236.09375,0.0,1733555441.455681,0.00492402259260416,881.0,0.0003,117.0,,973.6171875,0.0007346249185502529,0.09979248046875,0.0,1653.0,,-0.06562839448451996,0.0006103090709075332,17.531137704849243,1.0,0.0005397775094024837,2.3082127571105957,0.0018737389473244548,27082752.0,,,0.049342624843120575,0.004216669127345085,,0.0,-0.012937861494719982,0.0,,0.09979248046875,,,0.007787517737597227,0.04463495686650276,-0.04046415910124779,89.38143400972662,,-0.03280824050307274,30763.483880817,4510.0,0.1439208984375,,,,0.7479614019393921,0.748501181602478,-0.05857525020837784
,,,,,,,,,2950.0,,,,,1733555536.7589304,,,,,22.910894751548767,,,,,,,,,,,,,,27169536.0,,,,,,,,,1.0,,,,,,,,,,30858.749374168,,,,,,,,
,,,,,,,,,1000.0,,,,,1733555661.6861687,,,,,22.98657774925232,,,,,,,,,,,,,,27284864.0,,,,,,,,,1.0,,,,,,,,,,30983.525181244,,,,,,,,
,,,,,,,,,2540.0,,,,,1733555951.1739893,,,,,22.98657774925232,,,,,,,,,,,,,,27548672.0,,,,,,,,,1.0,,,,,,,,,,31274.512125821,,,,,,,,
,,,,,,,,,3500.0,,,,,1733555977.9329703,,,,,22.98657774925232,,,,,,,,,,,,,,27573376.0,,,,,,,,,1.0,,,,,,,,,,31302.041098728,,,,,,,,
,,,,,,,,,2020.0,,,,,1733556001.6567588,,,,,22.98657774925232,,,,,,,,,,,,,,27594240.0,,,,,,,,,1.0,,,,,,,,,,31325.786372823,,,,,,,,
,,,,,,,,,2010.0,,,,,1733556239.464846,,,,,22.98657774925232,,,,,,,,,,,,,,27815680.0,,,,,,,,,1.0,,,,,,,,,,31561.719025555,,,,,,,,
,,,,,,,,,1740.0,,,,,1733556292.5145566,,,,,22.98657774925232,,,,,,,,,,,,,,27861504.0,,,,,,,,,1.0,,,,,,,,,,31614.313443998,,,,,,,,
,,,,0.0056460234336555,,1656.0,-0.004528756253421307,,,,,2248.828125,0.0,1733556318.9290504,0.005573447793722153,882.0,0.0003,121.0,,1000.9140625,0.0015030428767204285,0.11297607421875,0.0,1702.0,,-0.008313363417983055,0.010341519489884377,17.288421154022217,1.0,0.010386807844042778,2.276893138885498,0.007258232682943344,27885568.0,,,0.04933299124240875,0.004052652511745691,,0.0,-0.012440724298357964,0.0,,0.11297607421875,,,0.003869022708386183,0.04568229243159294,-0.041001103818416595,89.21652364430643,,-0.028757527470588684,31643.758976248,3550.0,0.1314239501953125,,,,0.7908856868743896,0.8012725114822388,-0.012842128053307533
,,,,,,,,,2050.0,,,,,1733556331.383965,,,,,22.98657774925232,,,,,,,,,,,,,,27898112.0,,,,,,,,,1.0,,,,,,,,,,31653.246966552,,,,,,,,
,,,,,,,,,1490.0,,,,,1733556426.0198016,,,,,22.98657774925232,,,,,,,,,,,,,,27984896.0,,,,,,,,,1.0,,,,,,,,,,31748.304066897,,,,,,,,
,,,,,,,,,1550.0,,,,,1733556482.895977,,,,,22.98657774925232,,,,,,,,,,,,,,28036608.0,,,,,,,,,1.0,,,,,,,,,,31804.736168332,,,,,,,,
,,,,,,,,,2030.0,,,,,1733556530.608958,,,,,22.98657774925232,,,,,,,,,,,,,,28081280.0,,,,,,,,,1.0,,,,,,,,,,31853.387955517,,,,,,,,
,,,,,,,,,3510.0,,,,,1733556758.9107742,,,,,22.98657774925232,,,,,,,,,,,,,,28289024.0,,,,,,,,,1.0,,,,,,,,,,32080.722261145,,,,,,,,
,,,,,,,,,2520.0,,,,,1733556835.4077055,,,,,22.999996840953827,,,,,,,,,,,,,,28359552.0,,,,,,,,,1.0,,,,,,,,,,32157.621025036,,,,,,,,
,,,,,,,,,2040.0,,,,,1733556921.1342113,,,,,23.029159605503082,,,,,,,,,,,,,,28439296.0,,,,,,,,,1.0,,,,,,,,,,32243.253001058,,,,,,,,
,,,,,,,,,3540.0,,,,,1733556949.921975,,,,,23.029159605503082,,,,,,,,,,,,,,28465152.0,,,,,,,,,1.0,,,,,,,,,,32272.70086891,,,,,,,,
,,,,,,,,,2040.0,,,,,1733556989.5159166,,,,,23.029159605503082,,,,,,,,,,,,,,28500864.0,,,,,,,,,1.0,,,,,,,,,,32311.994501048,,,,,,,,
,,,,,,,,,3390.0,,,,,1733557043.690239,,,,,23.029159605503082,,,,,,,,,,,,,,28549632.0,,,,,,,,,1.0,,,,,,,,,,32366.63807009,,,,,,,,
,,,,,,,,,1880.0,,,,,1733557067.8492217,,,,,23.029159605503082,,,,,,,,,,,,,,28572544.0,,,,,,,,,1.0,,,,,,,,,,32390.000184873,,,,,,,,
,,,,,,,,,4540.0,,,,,1733557165.5832489,,,,,23.029159605503082,,,,,,,,,,,,,,28661760.0,,,,,,,,,1.0,,,,,,,,,,32489.535134383,,,,,,,,
,,,,,,,,,2040.0,,,,,1733557263.8674943,,,,,23.029159605503082,,,,,,,,,,,,,,28752384.0,,,,,,,,,1.0,,,,,,,,,,32586.670547686,,,,,,,,
,,,,,,,,,1410.0,,,,,1733557513.7386005,,,,,22.907273769378662,,,,,,,,,,,,,,28982528.0,,,,,,,,,1.0,,,,,,,,,,32838.286561927,,,,,,,,
,,,,,,,,,3010.0,,,,,1733557552.9770594,,,,,22.907273769378662,,,,,,,,,,,,,,29017728.0,,,,,,,,,1.0,,,,,,,,,,32875.010112264,,,,,,,,
,,,,,,,,,2390.0,,,,,1733557591.0928411,,,,,22.907273769378662,,,,,,,,,,,,,,29051648.0,,,,,,,,,1.0,,,,,,,,,,32913.672139693,,,,,,,,
,,,,,,,,,2550.0,,,,,1733558034.1297607,,,,,22.907273769378662,,,,,,,,,,,,,,29456000.0,,,,,,,,,1.0,,,,,,,,,,33356.514585092,,,,,,,,
,,,,,,,,,2060.0,,,,,1733558059.6990013,,,,,22.907273769378662,,,,,,,,,,,,,,29478144.0,,,,,,,,,1.0,,,,,,,,,,33381.71860608,,,,,,,,
,,,,,,,,,1470.0,,,,,1733558060.1010056,,,,,22.907273769378662,,,,,,,,,,,,,,29478400.0,,,,,,,,,1.0,,,,,,,,,,33382.042041092,,,,,,,,
,,,,,,,,,2960.0,,,,,1733558068.0629444,,,,,22.907273769378662,,,,,,,,,,,,,,29486720.0,,,,,,,,,1.0,,,,,,,,,,33390.890442414,,,,,,,,
,,,,0.00577556760981679,,1321.0,-0.0034856824204325676,,,,,2210.078125,0.0,1733558127.5224154,0.004972944036126137,883.0,0.0003,123.0,,1000.8203125,-0.0011880263919010758,0.1004638671875,0.0,1803.0,,-0.10638481378555298,-0.0006205494282767177,17.6035635471344,1.0,-0.0005856927018612623,2.3211214542388916,0.004330597817897797,29540352.0,,,0.04949982464313507,0.004336850717663765,,0.0,-0.013053320348262787,0.0,,0.1004638671875,,,0.0031673305202275515,0.044499367475509644,-0.042038992047309875,86.63997586732424,,-0.031211452558636665,33450.0589245,4530.0,0.1453094482421875,,,,0.74701988697052,0.746434211730957,-0.10987050086259842
,,,,0.0068969521671533585,,1283.0,0.005693984217941761,,,,,2233.4375,0.0,1733558220.1191514,0.004813733510673046,883.0,0.0003,122.0,,986.84375,-0.0010572555474936962,0.09722900390625,0.0,1808.0,,-0.15147070586681366,-0.0011021798709407449,17.738781929016113,1.0,-0.0011591195361688733,2.3230156898498535,0.008075972087681293,29622272.0,,,0.04950923100113869,0.004121593199670315,,0.0,-0.013084638863801956,0.0,,0.09722900390625,,,0.004159059375524521,0.04250641167163849,-0.04751621186733246,86.85560079311199,,-0.02882833033800125,33541.838360202,5040.0,0.11566162109375,,,,0.791603684425354,0.7904446125030518,-0.14577671885490417
,,,,,,,,,1900.0,,,,,1733558264.4508264,,,,,22.854279577732086,,,,,,,,,,,,,,29663872.0,,,,,,,,,1.0,,,,,,,,,,33586.390130478,,,,,,,,
,,,,,,,,,2520.0,,,,,1733558267.82628,,,,,22.854279577732086,,,,,,,,,,,,,,29667968.0,,,,,,,,,1.0,,,,,,,,,,33590.705666267,,,,,,,,
,,,,,,,,,2530.0,,,,,1733558318.9601295,,,,,22.854279577732086,,,,,,,,,,,,,,29714176.0,,,,,,,,,1.0,,,,,,,,,,33640.767684277,,,,,,,,
,,,,,,,,,1540.0,,,,,1733558446.219161,,,,,22.854279577732086,,,,,,,,,,,,,,29828352.0,,,,,,,,,1.0,,,,,,,,,,33770.299335717,,,,,,,,
,,,,,,,,,2030.0,,,,,1733558511.0637136,,,,,22.854279577732086,,,,,,,,,,,,,,29887872.0,,,,,,,,,1.0,,,,,,,,,,33833.329751866,,,,,,,,
,,,,,,,,,3550.0,,,,,1733558842.3221202,,,,,22.882242500782013,,,,,,,,,,,,,,30185344.0,,,,,,,,,1.0,,,,,,,,,,34164.159101514,,,,,,,,
,,,,,,,,,2980.0,,,,,1733558847.1521502,,,,,22.882242500782013,,,,,,,,,,,,,,30190976.0,,,,,,,,,1.0,,,,,,,,,,34170.91105634,,,,,,,,
,,,,,,,,,2560.0,,,,,1733559116.6007276,,,,,22.933107018470764,,,,,,,,,,,,,,30434432.0,,,,,,,,,1.0,,,,,,,,,,34438.436555903,,,,,,,,
,,,,,,,,,2060.0,,,,,1733559151.50529,,,,,22.933107018470764,,,,,,,,,,,,,,30464512.0,,,,,,,,,1.0,,,,,,,,,,34474.396243287,,,,,,,,
,,,,,,,,,2520.0,,,,,1733559187.4738836,,,,,23.03750306367874,,,,,,,,,,,,,,30495360.0,,,,,,,,,1.0,,,,,,,,,,34511.533179463,,,,,,,,
,,,,,,,,,3050.0,,,,,1733559195.8298178,,,,,23.03750306367874,,,,,,,,,,,,,,30505344.0,,,,,,,,,1.0,,,,,,,,,,34518.087625211,,,,,,,,
,,,,,,,,,1560.0,,,,,1733559369.8092368,,,,,23.000923991203308,,,,,,,,,,,,,,30660736.0,,,,,,,,,1.0,,,,,,,,,,34693.895008773,,,,,,,,
,,,,,,,,,920.0,,,,,1733559474.4210892,,,,,23.000923991203308,,,,,,,,,,,,,,30756608.0,,,,,,,,,1.0,,,,,,,,,,34796.755381545,,,,,,,,
,,,,,,,,,3020.0,,,,,1733559509.8021288,,,,,23.000923991203308,,,,,,,,,,,,,,30788480.0,,,,,,,,,1.0,,,,,,,,,,34832.530797293,,,,,,,,
,,,,,,,,,2060.0,,,,,1733559534.5902228,,,,,23.000923991203308,,,,,,,,,,,,,,30810880.0,,,,,,,,,1.0,,,,,,,,,,34856.403153351,,,,,,,,
,,,,,,,,,2950.0,,,,,1733559581.7056575,,,,,23.000923991203308,,,,,,,,,,,,,,30852992.0,,,,,,,,,1.0,,,,,,,,,,34903.860712355,,,,,,,,
,,,,,,,,,2460.0,,,,,1733559621.2934372,,,,,23.000923991203308,,,,,,,,,,,,,,30890752.0,,,,,,,,,1.0,,,,,,,,,,34943.771302946,,,,,,,,
,,,,,,,,,3030.0,,,,,1733559833.2629833,,,,,22.885592579841614,,,,,,,,,,,,,,31083392.0,,,,,,,,,1.0,,,,,,,,,,35155.313258176,,,,,,,,
,,,,,,,,,3000.0,,,,,1733559941.0190172,,,,,22.92844533920288,,,,,,,,,,,,,,31179648.0,,,,,,,,,1.0,,,,,,,,,,35265.499788759,,,,,,,,
,,,,0.006421772297471762,,1539.0,-0.003631528001278639,,,,,2470.0,0.0,1733559976.2730947,0.00489067193120718,884.0,0.0003,119.0,,1003.203125,0.0049347421154379845,0.098388671875,0.0,1905.0,,0.3501206934452057,-0.001528523862361908,18.26230764389038,1.0,-0.0014922088012099266,2.3279953002929688,0.006262653507292271,31211520.0,,,0.049707669764757156,0.004751069471240044,,0.0,-0.013038224540650845,0.0,,0.098388671875,,,0.004262435249984264,0.04110179468989372,-0.04083580523729324,90.31009010107982,,-0.02997596189379692,35298.039548294,5060.0,0.129608154296875,,,,0.7855607867240906,0.7840685844421387,0.34648916125297546
,,,,,,,,,2030.0,,,,,1733560001.6477897,,,,,22.92844533920288,,,,,,,,,,,,,,31236608.0,,,,,,,,,1.0,,,,,,,,,,35324.683134682,,,,,,,,
,,,,,,,,,1500.0,,,,,1733560003.795423,,,,,22.92844533920288,,,,,,,,,,,,,,31238784.0,,,,,,,,,1.0,,,,,,,,,,35327.293348039,,,,,,,,
,,,,,,,,,2040.0,,,,,1733560162.5052862,,,,,22.83104717731476,,,,,,,,,,,,,,31380736.0,,,,,,,,,1.0,,,,,,,,,,35484.362407929,,,,,,,,
,,,,,,,,,2470.0,,,,,1733560352.8402333,,,,,22.770461440086365,,,,,,,,,,,,,,31553536.0,,,,,,,,,1.0,,,,,,,,,,35675.333724164,,,,,,,,
,,,,,,,,,2530.0,,,,,1733560461.670557,,,,,22.584286630153656,,,,,,,,,,,,,,31652736.0,,,,,,,,,1.0,,,,,,,,,,35786.829739552,,,,,,,,
,,,,,,,,,4920.0,,,,,1733560507.1417687,,,,,22.584286630153656,,,,,,,,,,,,,,31690112.0,,,,,,,,,1.0,,,,,,,,,,35829.098280209,,,,,,,,
,,,,,,,,,1470.0,,,,,1733560657.1213503,,,,,22.630575299263,,,,,,,,,,,,,,31827200.0,,,,,,,,,1.0,,,,,,,,,,35979.588404141,,,,,,,,
,,,,,,,,,3530.0,,,,,1733560711.5986652,,,,,22.630575299263,,,,,,,,,,,,,,31872512.0,,,,,,,,,1.0,,,,,,,,,,36033.974452878,,,,,,,,
,,,,,,,,,2490.0,,,,,1733561036.800519,,,,,22.582088112831116,,,,,,,,,,,,,,32170880.0,,,,,,,,,1.0,,,,,,,,,,36359.203405958,,,,,,,,
,,,,,,,,,2570.0,,,,,1733561210.2375433,,,,,22.582088112831116,,,,,,,,,,,,,,32326144.0,,,,,,,,,1.0,,,,,,,,,,36532.708133006,,,,,,,,
,,,,,,,,,2540.0,,,,,1733561356.916604,,,,,22.71353781223297,,,,,,,,,,,,,,32457984.0,,,,,,,,,1.0,,,,,,,,,,36679.282088252,,,,,,,,
,,,,,,,,,3020.0,,,,,1733561361.3890254,,,,,22.71353781223297,,,,,,,,,,,,,,32463232.0,,,,,,,,,1.0,,,,,,,,,,36684.084229909,,,,,,,,
,,,,,,,,,3010.0,,,,,1733561491.8488476,,,,,22.71353781223297,,,,,,,,,,,,,,32581376.0,,,,,,,,,1.0,,,,,,,,,,36814.652180356,,,,,,,,
,,,,0.006186462938785553,,1410.0,-0.007077372632920742,,,,,2148.671875,0.0,1733561572.4341087,0.004830746911466122,885.0,0.0003,123.0,,1009.3984375,-0.00019834397244267166,0.0966796875,0.0,1993.0,,0.11883357167243958,-0.0008184073958545923,17.779876708984375,1.0,-0.0007476333994418383,2.2918026447296143,0.005475995130836964,32653312.0,,,0.049966514110565186,0.005037674680352211,,0.0,-0.013187259435653687,0.0,,0.0966796875,,,0.00592366699129343,0.043070901185274124,-0.04265302047133446,89.41383414622175,,-0.030274054035544395,36896.538932335,4040.0,0.1472625732421875,,,,0.7203636169433594,0.7196160554885864,0.11175619065761566
,,,,,,,,,2520.0,,,,,1733561594.5085928,,,,,22.71353781223297,,,,,,,,,,,,,,32675328.0,,,,,,,,,1.0,,,,,,,,,,36917.653000191,,,,,,,,
,,,,,,,,,2050.0,,,,,1733561770.7320235,,,,,22.71353781223297,,,,,,,,,,,,,,32835712.0,,,,,,,,,1.0,,,,,,,,,,37092.588094791,,,,,,,,
,,,,,,,,,1520.0,,,,,1733561890.4969118,,,,,22.60369598865509,,,,,,,,,,,,,,32945024.0,,,,,,,,,1.0,,,,,,,,,,37212.7416691,,,,,,,,
,,,,,,,,,1490.0,,,,,1733561939.6648371,,,,,22.60369598865509,,,,,,,,,,,,,,32989440.0,,,,,,,,,1.0,,,,,,,,,,37263.104185196,,,,,,,,
,,,,,,,,,1920.0,,,,,1733561951.419722,,,,,22.60369598865509,,,,,,,,,,,,,,33000192.0,,,,,,,,,1.0,,,,,,,,,,37273.378950966,,,,,,,,
,,,,,,,,,2010.0,,,,,1733562003.7977507,,,,,22.60369598865509,,,,,,,,,,,,,,33048576.0,,,,,,,,,1.0,,,,,,,,,,37325.648693974,,,,,,,,
,,,,,,,,,1930.0,,,,,1733562026.906223,,,,,22.60369598865509,,,,,,,,,,,,,,33068928.0,,,,,,,,,1.0,,,,,,,,,,37350.088036953,,,,,,,,
,,,,,,,,,1320.0,,,,,1733562092.5024798,,,,,22.60369598865509,,,,,,,,,,,,,,33128832.0,,,,,,,,,1.0,,,,,,,,,,37416.697905525,,,,,,,,
,,,,,,,,,2050.0,,,,,1733562103.9553268,,,,,22.60369598865509,,,,,,,,,,,,,,33140224.0,,,,,,,,,1.0,,,,,,,,,,37428.718125312,,,,,,,,
,,,,,,,,,3050.0,,,,,1733562123.021282,,,,,22.60369598865509,,,,,,,,,,,,,,33158400.0,,,,,,,,,1.0,,,,,,,,,,37444.968996547,,,,,,,,
,,,,,,,,,2540.0,,,,,1733562252.4585323,,,,,22.60369598865509,,,,,,,,,,,,,,33276032.0,,,,,,,,,1.0,,,,,,,,,,37575.630563459,,,,,,,,
,,,,,,,,,2030.0,,,,,1733562428.4202347,,,,,22.60369598865509,,,,,,,,,,,,,,33438976.0,,,,,,,,,1.0,,,,,,,,,,37753.084568538,,,,,,,,
,,,,,,,,,2060.0,,,,,1733562443.0519395,,,,,22.60369598865509,,,,,,,,,,,,,,33452544.0,,,,,,,,,1.0,,,,,,,,,,37765.214765063,,,,,,,,
,,,,,,,,,3000.0,,,,,1733562484.7271564,,,,,22.60369598865509,,,,,,,,,,,,,,33489536.0,,,,,,,,,1.0,,,,,,,,,,37806.890436134,,,,,,,,
,,,,0.0049154930748045444,,1400.0,0.00012218602932989597,,,,,2189.921875,0.0,1733562519.9095666,0.005273117683827877,886.0,0.0003,123.0,,994.28125,0.002271602861583233,0.105224609375,0.0,2046.0,,0.1627069115638733,0.00045079714618623257,17.882657527923584,1.0,0.0004495753673836589,2.295835018157959,0.0033770755399018526,33521664.0,,,0.05011297017335892,0.0033671304117888212,,0.0,-0.013291122391819954,0.0,,0.105224609375,,,0.002734412671998143,0.046211764216423035,-0.047239381819963455,89.45232046499494,,-0.03210318833589554,37841.77114518,3570.0,0.1125946044921875,,,,0.8342468738555908,0.8346964120864868,0.16282910108566284
,,,,,,,,,2490.0,,,,,1733562520.153567,,,,,22.60369598865509,,,,,,,,,,,,,,33521920.0,,,,,,,,,1.0,,,,,,,,,,37843.338934922,,,,,,,,
,,,,,,,,,2020.0,,,,,1733562524.731954,,,,,22.60369598865509,,,,,,,,,,,,,,33527424.0,,,,,,,,,1.0,,,,,,,,,,37848.187225048,,,,,,,,
,,,,,,,,,2560.0,,,,,1733562545.2082798,,,,,22.60369598865509,,,,,,,,,,,,,,33547136.0,,,,,,,,,1.0,,,,,,,,,,37867.372255549,,,,,,,,
,,,,,,,,,2540.0,,,,,1733562704.347507,,,,,22.576978504657745,,,,,,,,,,,,,,33691648.0,,,,,,,,,1.0,,,,,,,,,,38026.184711787,,,,,,,,
,,,,,,,,,3540.0,,,,,1733562793.3002515,,,,,22.576978504657745,,,,,,,,,,,,,,33770752.0,,,,,,,,,1.0,,,,,,,,,,38115.249532551,,,,,,,,
,,,,,,,,,2550.0,,,,,1733562925.795533,,,,,22.576978504657745,,,,,,,,,,,,,,33893888.0,,,,,,,,,1.0,,,,,,,,,,38247.531462141,,,,,,,,
,,,,,,,,,2060.0,,,,,1733562973.4816513,,,,,22.576978504657745,,,,,,,,,,,,,,33937408.0,,,,,,,,,1.0,,,,,,,,,,38295.419360148,,,,,,,,
,,,,0.007513091433793306,,1318.0,0.012628650292754173,,,,,2137.109375,0.0,1733563251.3754296,0.004887191578745842,887.0,0.0003,118.0,,986.9765625,0.0034920689649879932,0.09735107421875,0.0,2087.0,,0.2160433530807495,-0.0027711016591638327,17.685381174087524,1.0,-0.002897388767451048,2.3109130859375,0.005761441774666309,34193408.0,,,0.050201721489429474,0.004482944495975971,,0.0,-0.013568630442023277,0.0,,0.09735107421875,,,0.006840272806584835,0.04697147756814957,-0.043558839708566666,90.23907204227426,,-0.030040495097637177,38574.157255061,3550.0,0.1302947998046875,,,,0.8660554885864258,0.8631580471992493,0.22867199778556824
,,,,,,,,,2470.0,,,,,1733563258.498594,,,,,22.576978504657745,,,,,,,,,,,,,,34201728.0,,,,,,,,,1.0,,,,,,,,,,38580.764617602,,,,,,,,
,,,,,,,,,2020.0,,,,,1733563319.4541712,,,,,22.576978504657745,,,,,,,,,,,,,,34258048.0,,,,,,,,,1.0,,,,,,,,,,38643.656421674,,,,,,,,
,,,,,,,,,1440.0,,,,,1733563396.610444,,,,,22.576978504657745,,,,,,,,,,,,,,34326400.0,,,,,,,,,1.0,,,,,,,,,,38718.563240502,,,,,,,,
,,,,,,,,,1560.0,,,,,1733563468.8682895,,,,,22.576978504657745,,,,,,,,,,,,,,34394240.0,,,,,,,,,1.0,,,,,,,,,,38794.584872484,,,,,,,,
,,,,,,,,,3530.0,,,,,1733563490.7358148,,,,,22.576978504657745,,,,,,,,,,,,,,34414848.0,,,,,,,,,1.0,,,,,,,,,,38812.76860475,,,,,,,,
,,,,,,,,,1540.0,,,,,1733563783.550693,,,,,22.57766157388687,,,,,,,,,,,,,,34682624.0,,,,,,,,,1.0,,,,,,,,,,39106.689466748,,,,,,,,
,,,,,,,,,3570.0,,,,,1733563809.375217,,,,,22.57766157388687,,,,,,,,,,,,,,34705536.0,,,,,,,,,1.0,,,,,,,,,,39131.335705876,,,,,,,,
,,,,,,,,,1990.0,,,,,1733563993.8438485,,,,,22.598118782043457,,,,,,,,,,,,,,34874624.0,,,,,,,,,1.0,,,,,,,,,,39315.909907756,,,,,,,,
,,,,,,,,,1420.0,,,,,1733564016.312821,,,,,22.598118782043457,,,,,,,,,,,,,,34894592.0,,,,,,,,,1.0,,,,,,,,,,39338.476062041,,,,,,,,
,,,,,,,,,1540.0,,,,,1733564214.0148215,,,,,22.598118782043457,,,,,,,,,,,,,,35078016.0,,,,,,,,,1.0,,,,,,,,,,39537.581723194,,,,,,,,
,,,,,,,,,1550.0,,,,,1733564668.7810698,,,,,22.598118782043457,,,,,,,,,,,,,,35492480.0,,,,,,,,,1.0,,,,,,,,,,39991.882268673,,,,,,,,
,,,,,,,,,2050.0,,,,,1733565029.9295738,,,,,22.630473375320435,,,,,,,,,,,,,,35823232.0,,,,,,,,,1.0,,,,,,,,,,40351.971340081,,,,,,,,
,,,,,,,,,1000.0,,,,,1733565045.9392624,,,,,22.630473375320435,,,,,,,,,,,,,,35837952.0,,,,,,,,,1.0,,,,,,,,,,40369.85764648,,,,,,,,
,,,,,,,,,1540.0,,,,,1733565330.4586575,,,,,22.630473375320435,,,,,,,,,,,,,,36098176.0,,,,,,,,,1.0,,,,,,,,,,40653.562787453,,,,,,,,
,,,,,,,,,2520.0,,,,,1733565356.1397555,,,,,22.630473375320435,,,,,,,,,,,,,,36124800.0,,,,,,,,,1.0,,,,,,,,,,40679.282356846,,,,,,,,
,,,,,,,,,1540.0,,,,,1733565371.9266937,,,,,22.630473375320435,,,,,,,,,,,,,,36139136.0,,,,,,,,,1.0,,,,,,,,,,40694.875775167,,,,,,,,
,,,,,,,,,1950.0,,,,,1733565393.027889,,,,,22.601686120033264,,,,,,,,,,,,,,36158464.0,,,,,,,,,1.0,,,,,,,,,,40714.972284572,,,,,,,,
,,,,0.006299225613474846,,1393.0,0.004241945222020149,,3070.0,,,2227.96875,0.0,1733565698.532333,0.005696493200957775,888.0,0.0003,123.0,22.466521561145782,994.5390625,0.005127841606736183,0.11273193359375,0.0,2224.0,,0.4319125711917877,-0.002029001247137785,19.493671894073486,1.0,-0.00207142042927444,2.2618021965026855,0.0046180072240531445,36438016.0,,,0.05053132027387619,0.005683259107172489,,0.0,-0.016456222161650658,0.0,1.0,0.11273193359375,,,0.006139460019767284,0.04641968384385109,-0.04323912784457207,91.00255281435493,,-0.03361562639474869,41020.265779574,3560.0,0.13885498046875,,,,0.9964249134063721,0.9943535327911377,0.4361545145511627
,,,,,,,,,2050.0,,,,,1733565721.5644763,,,,,22.466521561145782,,,,,,,,,,,,,,36459264.0,,,,,,,,,1.0,,,,,,,,,,41043.545957231,,,,,,,,
,,,,,,,,,2030.0,,,,,1733565722.1516645,,,,,22.466521561145782,,,,,,,,,,,,,,36459904.0,,,,,,,,,1.0,,,,,,,,,,41043.994377373,,,,,,,,
,,,,,,,,,1550.0,,,,,1733565751.5491993,,,,,22.466521561145782,,,,,,,,,,,,,,36487296.0,,,,,,,,,1.0,,,,,,,,,,41073.502187853,,,,,,,,
,,,,,,,,,1930.0,,,,,1733565771.0917053,,,,,22.466521561145782,,,,,,,,,,,,,,36506240.0,,,,,,,,,1.0,,,,,,,,,,41092.933550229,,,,,,,,
,,,,,,,,,2070.0,,,,,1733565882.438739,,,,,22.466521561145782,,,,,,,,,,,,,,36609024.0,,,,,,,,,1.0,,,,,,,,,,41204.690181467,,,,,,,,
,,,,,,,,,2030.0,,,,,1733565968.32016,,,,,22.466521561145782,,,,,,,,,,,,,,36688512.0,,,,,,,,,1.0,,,,,,,,,,41291.44596299,,,,,,,,
,,,,,,,,,2550.0,,,,,1733566047.0816836,,,,,22.466521561145782,,,,,,,,,,,,,,36761856.0,,,,,,,,,1.0,,,,,,,,,,41368.888798642,,,,,,,,
,,,,,,,,,2530.0,,,,,1733566184.4079976,,,,,22.466521561145782,,,,,,,,,,,,,,36886144.0,,,,,,,,,1.0,,,,,,,,,,41506.573877379,,,,,,,,
,,,,,,,,,2020.0,,,,,1733566362.587248,,,,,22.466521561145782,,,,,,,,,,,,,,37048064.0,,,,,,,,,1.0,,,,,,,,,,41685.398876985,,,,,,,,
,,,,,,,,,2000.0,,,,,1733566512.846272,,,,,22.466521561145782,,,,,,,,,,,,,,37185792.0,,,,,,,,,1.0,,,,,,,,,,41835.209152855,,,,,,,,
,,,,,,,,,2000.0,,,,,1733566551.9046786,,,,,22.466521561145782,,,,,,,,,,,,,,37222912.0,,,,,,,,,1.0,,,,,,,,,,41875.167159255,,,,,,,,
,,,,,,,,,3560.0,,,,,1733566586.7417011,,,,,22.466521561145782,,,,,,,,,,,,,,37254400.0,,,,,,,,,1.0,,,,,,,,,,41908.479374022,,,,,,,,
,,,,,,,,,1420.0,,,,,1733566617.6143003,,,,,22.416292279958725,,,,,,,,,,,,,,37282304.0,,,,,,,,,1.0,,,,,,,,,,41939.883419044,,,,,,,,
,,,,,,,,,1530.0,,,,,1733566652.457379,,,,,22.416292279958725,,,,,,,,,,,,,,37316480.0,,,,,,,,,1.0,,,,,,,,,,41978.103879649,,,,,,,,
,,,,,,,,,1550.0,,,,,1733566838.3033433,,,,,22.416292279958725,,,,,,,,,,,,,,37486720.0,,,,,,,,,1.0,,,,,,,,,,42160.981244819,,,,,,,,
,,,,,,,,,1930.0,,,,,1733566863.3087142,,,,,22.416292279958725,,,,,,,,,,,,,,37509376.0,,,,,,,,,1.0,,,,,,,,,,42185.520104697,,,,,,,,
,,,,,,,,,2050.0,,,,,1733566986.2005389,,,,,22.416292279958725,,,,,,,,,,,,,,37623296.0,,,,,,,,,1.0,,,,,,,,,,42309.526574267,,,,,,,,
,,,,,,,,,1440.0,,,,,1733567062.2895885,,,,,22.416292279958725,,,,,,,,,,,,,,37692800.0,,,,,,,,,1.0,,,,,,,,,,42384.566709699,,,,,,,,
,,,,,,,,,2010.0,,,,,1733567079.6399672,,,,,22.416292279958725,,,,,,,,,,,,,,37709696.0,,,,,,,,,1.0,,,,,,,,,,42402.013078767,,,,,,,,
,,,,,,,,,1550.0,,,,,1733567155.0971613,,,,,22.416292279958725,,,,,,,,,,,,,,37780864.0,,,,,,,,,1.0,,,,,,,,,,42478.962254943,,,,,,,,
,,,,,,,,,2050.0,,,,,1733567242.2405705,,,,,22.416292279958725,,,,,,,,,,,,,,37861376.0,,,,,,,,,1.0,,,,,,,,,,42564.180497676,,,,,,,,
,,,,,,,,,2050.0,,,,,1733567257.1781461,,,,,22.416292279958725,,,,,,,,,,,,,,37873408.0,,,,,,,,,1.0,,,,,,,,,,42581.031573995,,,,,,,,
,,,,,,,,,3030.0,,,,,1733567335.227256,,,,,22.416292279958725,,,,,,,,,,,,,,37946240.0,,,,,,,,,1.0,,,,,,,,,,42656.960992033,,,,,,,,
,,,,,,,,,1560.0,,,,,1733567433.9687335,,,,,22.416292279958725,,,,,,,,,,,,,,38036992.0,,,,,,,,,1.0,,,,,,,,,,42756.136728424,,,,,,,,
,,,,,,,,,2040.0,,,,,1733567468.6042032,,,,,22.416292279958725,,,,,,,,,,,,,,38068096.0,,,,,,,,,1.0,,,,,,,,,,42792.237324805,,,,,,,,
,,,,,,,,,2520.0,,,,,1733567576.3099334,,,,,22.416292279958725,,,,,,,,,,,,,,38165888.0,,,,,,,,,1.0,,,,,,,,,,42899.592386898,,,,,,,,
,,,,,,,,,2990.0,,,,,1733567794.9517028,,,,,22.468011528253555,,,,,,,,,,,,,,38360576.0,,,,,,,,,1.0,,,,,,,,,,43116.686916467,,,,,,,,
,,,,,,,,,3050.0,,,,,1733567829.8993104,,,,,22.468011528253555,,,,,,,,,,,,,,38392576.0,,,,,,,,,1.0,,,,,,,,,,43152.871369972,,,,,,,,
,,,,,,,,,2550.0,,,,,1733567883.6782873,,,,,22.468011528253555,,,,,,,,,,,,,,38440064.0,,,,,,,,,1.0,,,,,,,,,,43205.54563005,,,,,,,,
,,,,,,,,,3060.0,,,,,1733568016.6961327,,,,,22.468011528253555,,,,,,,,,,,,,,38561792.0,,,,,,,,,1.0,,,,,,,,,,43338.463087954,,,,,,,,
,,,,,,,,,1060.0,,,,,1733568308.5543475,,,,,22.468011528253555,,,,,,,,,,,,,,38827520.0,,,,,,,,,1.0,,,,,,,,,,43630.290622149,,,,,,,,
,,,,,,,,,1010.0,,,,,1733568351.0498474,,,,,22.468011528253555,,,,,,,,,,,,,,38865664.0,,,,,,,,,1.0,,,,,,,,,,43673.20886524,,,,,,,,
,,,,,,,,,2010.0,,,,,1733568411.1314435,,,,,22.468011528253555,,,,,,,,,,,,,,38920704.0,,,,,,,,,1.0,,,,,,,,,,43733.083283389,,,,,,,,
,,,,,,,,,2480.0,,,,,1733568453.1643245,,,,,22.468011528253555,,,,,,,,,,,,,,38959104.0,,,,,,,,,1.0,,,,,,,,,,43778.820986186,,,,,,,,
,,,,,,,,,3050.0,,,,,1733568543.8175387,,,,,22.468011528253555,,,,,,,,,,,,,,39042816.0,,,,,,,,,1.0,,,,,,,,,,43867.44310927,,,,,,,,
,,,,,,,,,1550.0,,,,,1733568740.6498222,,,,,22.486419081687927,,,,,,,,,,,,,,39220736.0,,,,,,,,,1.0,,,,,,,,,,44063.04271811,,,,,,,,
,,,,,,,,,1080.0,,,,,1733568770.5738018,,,,,22.486419081687927,,,,,,,,,,,,,,39247104.0,,,,,,,,,1.0,,,,,,,,,,44092.848262743,,,,,,,,
,,,,,,,,,2050.0,,,,,1733568772.668143,,,,,22.486419081687927,,,,,,,,,,,,,,39249536.0,,,,,,,,,1.0,,,,,,,,,,44095.049213211,,,,,,,,
,,,,,,,,,2540.0,,,,,1733568790.6640954,,,,,22.486419081687927,,,,,,,,,,,,,,39266432.0,,,,,,,,,1.0,,,,,,,,,,44112.42983686,,,,,,,,
,,,,,,,,,3560.0,,,,,1733568822.350018,,,,,22.486419081687927,,,,,,,,,,,,,,39294208.0,,,,,,,,,1.0,,,,,,,,,,44144.300722902,,,,,,,,
,,,,,,,,,2060.0,,,,,1733568832.3490124,,,,,22.486419081687927,,,,,,,,,,,,,,39303552.0,,,,,,,,,1.0,,,,,,,,,,44157.163968726,,,,,,,,
"{'values': [2, 0, 0, 0, 2, 0, 0, 2, 2, 2, 0, 0, 0, 0, 2, 0, 2, 2, 2, 4, 2, 2, 6, 2, 0, 0, 4, 0, 0, 0, 4, 6, 2, 0, 2, 4, 6, 2, 2, 2, 2, 0, 6, 2, 0, 0, 2, 2, 2, 0, 0, 4, 2, 0, 2, 0, 0, 0, 2, 2, 0, 0, 0, 4], 'packedBins': {'min': -0.4219874441623688, 'size': 0.0116151156835258, 'count': 64}, '_type': 'histogram'}","{'_type': 'histogram', 'values': [2, 0, 0, 0, 2, 0, 0, 0, 0, 2, 0, 0, 2, 0, 0, 2, 2, 8, 0, 0, 0, 0, 6, 4, 0, 0, 4, 6, 4, 2, 6, 8, 0, 0, 4, 4, 2, 0, 6, 0, 4, 0, 0, 4, 2, 0, 0, 2, 2, 0, 4, 0, 0, 0, 0, 0, 0, 0, 2, 2, 0, 0, 0, 2], 'packedBins': {'min': -0.37292981147766113, 'size': 0.012684842105954885, 'count': 64}}","{'_type': 'histogram', 'values': [1, 0, 0, 0, 0, 0, 0, 0, 0, 0, 0, 0, 0, 1, 0, 1, 0, 0, 1, 1, 0, 0, 0, 0, 0, 0, 0, 0, 0, 0, 0, 0, 0, 1, 0, 0, 0, 0, 0, 0, 1, 0, 1, 0, 1, 2, 0, 0, 0, 0, 0, 0, 0, 0, 0, 1, 1, 0, 1, 0, 0, 1, 0, 1], 'packedBins': {'count': 64, 'min': -0.5369426608085632, 'size': 0.012937985826283693}}","{'values': [2, 0, 2, 0, 0, 0, 0, 2, 0, 4, 0, 2, 2, 0, 4, 4, 4, 0, 0, 0, 0, 2, 0, 4, 2, 4, 2, 2, 0, 4, 2, 0, 0, 2, 4, 6, 0, 0, 6, 2, 6, 0, 0, 2, 6, 4, 0, 0, 0, 0, 2, 2, 2, 0, 2, 0, 0, 2, 0, 0, 0, 0, 0, 4], 'packedBins': {'min': -0.84734046459198, 'size': 0.012408773472998291, 'count': 64}, '_type': 'histogram'}",0.006683813873678446,"{'packedBins': {'size': 0.013898957055062056, 'count': 64, 'min': -0.35913243889808655}, '_type': 'histogram', 'values': [2, 0, 0, 4, 0, 0, 0, 0, 0, 0, 0, 0, 0, 0, 4, 2, 6, 4, 0, 2, 0, 0, 4, 4, 4, 0, 0, 0, 4, 4, 6, 2, 6, 6, 2, 0, 4, 2, 0, 4, 0, 4, 0, 2, 2, 0, 0, 0, 4, 0, 2, 0, 0, 0, 4, 0, 2, 0, 0, 0, 2, 0, 0, 2]}",1455.0,0.0011656682472676039,"{'values': [4, 2, 0, 2, 0, 0, 0, 4, 2, 6, 0, 0, 0, 0, 2, 2, 2, 2, 0, 2, 4, 4, 6, 4, 0, 0, 0, 4, 0, 2, 2, 6, 0, 2, 2, 4, 0, 2, 2, 2, 2, 2, 2, 2, 0, 0, 2, 2, 2, 2, 0, 0, 0, 0, 2, 0, 0, 0, 2, 0, 2, 0, 0, 2], 'packedBins': {'count': 64, 'min': -0.04430403932929039, 'size': 0.008669845235999674}, '_type': 'histogram'}",,"{'packedBins': {'min': -0.6239193081855774, 'size': 0.013154943007975817, 'count': 64}, '_type': 'histogram', 'values': [2, 0, 0, 0, 0, 0, 0, 2, 0, 2, 0, 4, 2, 0, 0, 0, 4, 0, 4, 2, 0, 2, 6, 6, 2, 2, 0, 6, 2, 0, 0, 2, 4, 2, 2, 2, 6, 0, 4, 4, 4, 2, 0, 0, 2, 0, 2, 2, 2, 2, 0, 2, 0, 2, 0, 2, 0, 0, 0, 2, 0, 0, 0, 2]}","{'_type': 'histogram', 'values': [2, 0, 0, 0, 0, 0, 0, 0, 0, 0, 0, 4, 0, 0, 0, 2, 6, 0, 0, 6, 0, 2, 2, 6, 4, 2, 2, 2, 6, 6, 2, 2, 0, 6, 0, 2, 0, 2, 2, 0, 2, 2, 2, 0, 2, 4, 2, 0, 2, 2, 6, 0, 0, 2, 0, 0, 2, 2, 0, 0, 0, 0, 0, 2], 'packedBins': {'min': -0.3138488233089447, 'size': 0.014271370600908995, 'count': 64}}",2067.109375,0.0,1733568852.8848293,0.00480745080858469,890.0,0.0003,113.0,,1007.5703125,-0.0008193498943001032,0.09405517578125,0.0,2400.0,"{'_type': 'histogram', 'values': [2, 0, 0, 0, 0, 2, 2, 0, 2, 0, 0, 0, 2, 2, 4, 2, 0, 2, 2, 4, 0, 6, 2, 4, 6, 2, 4, 0, 4, 0, 4, 0, 4, 0, 4, 0, 0, 4, 2, 2, 0, 0, 2, 2, 4, 2, 2, 2, 2, 0, 2, 0, 2, 2, 0, 0, 2, 0, 0, 0, 0, 0, 0, 2], 'packedBins': {'count': 64, 'min': -0.18875938653945923, 'size': 0.01132982037961483}}",0.004428733140230179,0.0038183860015124083,17.262099742889404,1.0,0.0038067293353378773,2.3213021755218506,0.009208111092448235,39321600.0,"{'packedBins': {'min': 920, 'size': 41.25, 'count': 64}, '_type': 'histogram', 'values': [1, 0, 3, 1, 0, 0, 0, 0, 0, 0, 0, 0, 2, 2, 18, 15, 0, 0, 0, 0, 0, 0, 0, 1, 0, 5, 14, 30, 1, 0, 0, 0, 0, 0, 0, 0, 0, 0, 3, 14, 0, 0, 0, 0, 0, 0, 1, 0, 1, 0, 4, 5, 3, 0, 0, 0, 0, 0, 0, 0, 0, 0, 0, 4]}","{'_type': 'histogram', 'values': [4, 0, 0, 0, 2, 0, 0, 0, 0, 0, 6, 0, 0, 4, 0, 4, 2, 4, 0, 0, 2, 0, 2, 2, 2, 2, 0, 2, 0, 2, 2, 0, 0, 2, 0, 2, 4, 6, 0, 2, 2, 10, 2, 0, 2, 4, 0, 0, 0, 2, 2, 0, 0, 2, 4, 2, 4, 2, 0, 0, 2, 0, 0, 2], 'packedBins': {'min': -0.0987052172422409, 'size': 0.008313263533636928, 'count': 64}}",0.05111309140920639,0.005829142406582832,"{'values': [2, 2, 0, 0, 0, 0, 2, 2, 0, 2, 0, 0, 2, 4, 2, 4, 0, 2, 2, 0, 4, 0, 2, 8, 2, 0, 4, 4, 2, 2, 4, 4, 4, 2, 0, 0, 0, 4, 6, 0, 0, 2, 2, 2, 2, 0, 0, 0, 0, 0, 0, 4, 0, 2, 0, 4, 0, 0, 0, 0, 2, 0, 0, 2], 'packedBins': {'min': -0.5259318351745605, 'size': 0.01277024345472455, 'count': 64}, '_type': 'histogram'}",0.0,-0.011153800413012505,0.0,,0.09405517578125,"{'_type': 'histogram', 'values': [2, 0, 0, 0, 0, 0, 0, 2, 0, 2, 2, 0, 0, 2, 0, 2, 4, 0, 2, 4, 2, 4, 4, 2, 2, 4, 2, 4, 2, 4, 2, 2, 0, 4, 12, 2, 2, 2, 0, 2, 0, 4, 0, 2, 2, 0, 2, 2, 0, 2, 0, 0, 2, 0, 0, 0, 0, 0, 2, 0, 0, 0, 0, 2], 'packedBins': {'size': 0.01269064238294959, 'count': 64, 'min': -0.5706649422645569}}","{'_type': 'histogram', 'values': [2, 0, 0, 0, 0, 0, 2, 2, 0, 0, 2, 0, 4, 4, 2, 0, 0, 0, 2, 6, 0, 4, 0, 2, 10, 0, 2, 0, 0, 2, 0, 2, 2, 4, 2, 6, 4, 2, 2, 6, 2, 2, 0, 2, 2, 0, 2, 0, 4, 2, 2, 0, 2, 0, 0, 0, 0, 0, 0, 0, 0, 0, 2, 2], 'packedBins': {'min': -0.5937652587890625, 'size': 0.012991538969799876, 'count': 64}}",0.006341846659779549,0.04062171280384064,-0.042087946087121964,91.05281786012891,"{'_type': 'histogram', 'values': [2, 0, 0, 0, 2, 0, 0, 0, 4, 0, 4, 0, 0, 2, 2, 6, 4, 0, 0, 2, 2, 2, 4, 0, 4, 2, 6, 4, 0, 4, 0, 0, 0, 2, 4, 2, 0, 0, 4, 2, 6, 0, 4, 0, 2, 2, 2, 0, 4, 4, 0, 0, 0, 2, 0, 0, 0, 2, 0, 0, 0, 0, 0, 2], 'packedBins': {'count': 64, 'min': -0.3356025218963623, 'size': 0.010139931458979845}}",-0.02642086148262024,44175.231657613,3560.0,0.1549224853515625,"{'packedBins': {'min': -0.5393063426017761, 'size': 0.014457197394222021, 'count': 64}, '_type': 'histogram', 'values': [2, 0, 0, 0, 0, 0, 0, 0, 0, 0, 0, 2, 0, 0, 0, 0, 0, 2, 0, 0, 2, 0, 4, 0, 2, 4, 2, 2, 2, 2, 6, 6, 2, 2, 4, 0, 2, 6, 2, 2, 2, 4, 4, 2, 4, 0, 6, 0, 0, 2, 2, 4, 2, 0, 0, 4, 0, 0, 0, 2, 0, 0, 2, 2]}","{'values': [4, 0, 0, 0, 2, 0, 0, 0, 0, 0, 4, 0, 0, 0, 2, 4, 4, 4, 0, 0, 0, 0, 4, 4, 0, 2, 0, 2, 2, 8, 4, 2, 6, 0, 0, 0, 10, 4, 0, 0, 0, 4, 4, 4, 2, 4, 0, 0, 6, 0, 0, 0, 0, 0, 0, 0, 0, 2, 0, 0, 0, 0, 0, 2], 'packedBins': {'count': 64, 'min': -0.19773957133293152, 'size': 0.011634016875177622}, '_type': 'histogram'}","{'packedBins': {'count': 64, 'min': -0.4239986538887024, 'size': 0.013316083699464798}, '_type': 'histogram', 'values': [2, 0, 0, 0, 0, 0, 0, 2, 0, 0, 0, 0, 0, 0, 4, 0, 4, 0, 2, 2, 2, 2, 2, 0, 0, 0, 2, 0, 8, 0, 4, 2, 2, 0, 6, 0, 0, 0, 6, 0, 8, 0, 0, 2, 4, 4, 0, 0, 4, 4, 6, 2, 4, 0, 0, 2, 0, 2, 0, 0, 0, 2, 2, 2]}",0.8705510497093201,0.8743577599525452,0.005594410002231598
,,,,,,,,,1550.0,,,,,1733568885.2857234,,,,,22.520495653152466,,,,,,,,,,,,,,39352832.0,,,,,,,,,1.0,,,,,,,,,,44210.053579717,,,,,,,,
,,,,,,,,,2030.0,,,,,1733568895.7183142,,,,,22.520495653152466,,,,,,,,,,,,,,39361408.0,,,,,,,,,1.0,,,,,,,,,,44218.739201981,,,,,,,,
,,,,,,,,,2570.0,,,,,1733568901.404711,,,,,22.520495653152466,,,,,,,,,,,,,,39368064.0,,,,,,,,,1.0,,,,,,,,,,44224.568995847,,,,,,,,
,,,,,,,,,3020.0,,,,,1733569050.890544,,,,,22.47801974415779,,,,,,,,,,,,,,39502336.0,,,,,,,,,1.0,,,,,,,,,,44375.610156784,,,,,,,,
,,,,,,,,,2510.0,,,,,1733569083.296013,,,,,22.47801974415779,,,,,,,,,,,,,,39533440.0,,,,,,,,,1.0,,,,,,,,,,44405.348106002,,,,,,,,
,,,,,,,,,1540.0,,,,,1733569123.5764859,,,,,22.47801974415779,,,,,,,,,,,,,,39569408.0,,,,,,,,,1.0,,,,,,,,,,44446.045573989,,,,,,,,
,,,,,,,,,2060.0,,,,,1733569124.427936,,,,,22.47801974415779,,,,,,,,,,,,,,39570432.0,,,,,,,,,1.0,,,,,,,,,,44446.492362895,,,,,,,,
,,,,,,,,,2050.0,,,,,1733569263.9796674,,,,,22.47801974415779,,,,,,,,,,,,,,39696768.0,,,,,,,,,1.0,,,,,,,,,,44586.359720918,,,,,,,,
,,,,0.006954679265618324,,1375.0,0.00646760780364275,,,,,2008.828125,0.0,1733569321.400539,0.005472568795084953,890.0,0.0003,117.0,,1000.09375,0.003822870086878538,0.10687255859375,0.0,2426.0,,0.25152429938316345,0.00397115433588624,17.67408275604248,1.0,0.003906478174030781,2.2513251304626465,0.0075517743825912476,39747584.0,,,0.051206495612859726,0.006477300077676773,,0.0,-0.015260303393006325,0.0,,0.10687255859375,,,0.0032553737983107567,0.045668065547943115,-0.041793808341026306,91.20349717910632,,-0.030520327389240265,44643.971486542,3980.0,0.1555633544921875,,,,0.9034456610679626,0.9073521494865417,0.2579919099807739
,,,,,,,,,1530.0,,,,,1733569339.0014713,,,,,22.47801974415779,,,,,,,,,,,,,,39764096.0,,,,,,,,,1.0,,,,,,,,,,44660.742584202,,,,,,,,
,,,,,,,,,1990.0,,,,,1733569364.1137474,,,,,22.47801974415779,,,,,,,,,,,,,,39787904.0,,,,,,,,,1.0,,,,,,,,,,44686.280329668,,,,,,,,
,,,,,,,,,2510.0,,,,,1733569551.9237611,,,,,22.47801974415779,,,,,,,,,,,,,,39958528.0,,,,,,,,,1.0,,,,,,,,,,44876.026953602,,,,,,,,
,,,,,,,,,2050.0,,,,,1733569577.802688,,,,,22.47801974415779,,,,,,,,,,,,,,39981056.0,,,,,,,,,1.0,,,,,,,,,,44899.756953075,,,,,,,,
