Episode,Extrinsic Return
1,0
2,-3.420481682
3,-5.556694984
4,-5.65138936
5,-5.951848602
6,-5.884379943
7,-5.85831683
8,-5.818749428
9,-5.852040768
10,-5.74744525
11,-5.603944345
12,-5.461296499
13,-5.296353102
14,-5.160194567
15,-5.004884052
16,-4.801312685
17,-4.606251394
18,-4.410712726
19,-4.197533987
20,-3.986607946
21,-3.798355543
22,-3.555951149
23,-3.349110726
24,-3.133883678
25,-2.859314035
26,-2.594633995
27,-2.329959086
28,-2.096919786
29,-1.843126702
30,-1.633952024
31,-1.365362777
32,-1.101059313
33,-0.91918598
34,-0.755251122
35,-0.566922551
36,-0.449605931
37,-0.246581325
38,-0.089324
39,0.080780688
40,0.208086226
41,0.379708102
42,0.593018394
43,0.714187354
44,0.870794966
45,1.056147023
46,1.234361751
47,1.407380204
48,1.528498827
49,1.644699825
50,1.784815071
51,1.924781209
52,2.006653867
53,2.108033359
54,2.175182977
55,2.333696173
56,2.544888257
57,2.708973114
58,2.882943958
59,3.127198962
60,3.276604651
61,3.437964079
62,3.604003859
63,3.739099895
64,3.940448879
65,4.196974328
66,4.398164777
67,4.55198833
68,4.742922038
69,4.885027456
70,5.07778312
71,5.193172776
72,5.426067139
73,5.61826745
74,5.690873944
75,5.881896641
76,5.985785483
77,6.20570366
78,6.424454419
79,6.651126957
80,6.875641512
81,7.042813006
82,7.286408889
83,7.556767842
84,7.768208889
85,8.049172928
86,8.287821414
87,8.574284454
88,8.837165203
89,9.148307006
90,9.426728884
91,9.756891585
92,10.09180627
93,10.41444411
94,10.7128902
95,11.05427597
96,11.38238539
97,11.72541481
98,12.04522497
99,12.4034943
100,12.8152564
101,13.23626135
102,13.795271
103,14.39122903
104,14.99373794
105,15.59740438
106,16.23687431
107,16.80225718
108,17.41363867
109,18.07144195
110,18.65174989
111,19.26136126
112,19.93049163
113,20.57131786
114,21.2043927
115,21.79219327
116,22.3654656
117,22.95792337
118,23.6002033
119,24.2065355
120,24.79748011
121,25.40931858
122,26.04571213
123,26.71988884
124,27.40138152
125,28.02489544
126,28.73227919
127,29.27688198
128,29.88167533
129,30.53595715
130,31.13119229
131,31.77239887
132,32.46135301
133,33.14899351
134,33.85557687
135,34.53281809
136,35.26462858
137,35.94582087
138,36.60828209
139,37.25295352
140,37.92562642
141,38.57912023
142,39.21932833
143,39.90500231
144,40.59910041
145,41.14778398
146,41.86177022
147,42.56410234
148,43.2312824
149,43.81234787
150,44.63990949
151,45.38864561
152,46.02378042
153,46.85965995
154,47.54718615
155,48.38627788
156,48.9484853
157,49.82515784
158,50.48256305
159,51.24239347
160,52.00973391
161,52.76529978
162,53.66975419
163,54.32851744
164,55.11209951
165,55.70136349
166,56.34128677
167,57.08279681
168,57.7471244
169,58.48623579
170,59.13727268
171,59.86081392
172,60.71021406
173,61.52712025
174,62.5687763
175,63.36448196
176,64.12328569
177,64.8317709
178,65.55038473
179,66.430487
180,67.23808571
181,68.32836756
182,69.18101162
183,69.80492697
184,70.56170837
185,71.52880426
186,72.08364597
187,72.93407169
188,73.49463524
189,74.08022949
190,74.85376945
191,75.69388298
192,76.61841106
193,77.15568909
194,77.78669312
195,78.50844315
196,78.85504814
197,79.72321751
198,80.45362377
199,81.21031578
200,81.79680634
201,82.43278557
202,83.20647259
203,84.06320915
204,84.81199696
205,85.53474316
206,86.00593853
207,86.72775959
208,87.20278877
209,88.08040337
210,88.48592087
211,88.67167408
212,89.24573666
213,89.97046692
214,90.45781776
215,91.36446789
216,92.46186375
217,93.88464993
218,94.42552711
219,94.95234642
220,95.50728226
221,96.27089527
222,96.49109745
223,97.32506413
224,98.0529842
225,98.15071384
226,98.53293087
227,99.22263351
228,99.50913422
229,99.83401924
230,101.0498261
231,102.3830582
232,103.3949181
233,103.9321598
234,105.0584958
235,105.5472311
236,106.6112247
237,107.2867419
238,107.5080293
239,108.6079812
240,109.4652816
241,109.5526098
242,110.1980367
243,111.1433989
244,111.7877036
245,112.4494948
246,112.9690375
247,113.5105072
248,114.1295718
249,113.954151
250,115.0006268
251,115.4057742
252,116.8797321
253,117.3840656
254,118.4704079
255,118.1761079
256,118.2105473
257,118.8148225
258,119.8337489
259,121.48087
260,122.4168915
261,124.3284543
262,125.6239966
263,127.2852585
264,128.6124147
265,130.4831305
266,132.330588
267,134.3463851
268,136.3064211
269,138.1756555
270,140.2365446
271,142.2066579
272,143.9644167
273,145.8030052
274,147.4281174
275,149.1944427
276,151.1544837
277,152.9449146
278,154.8056772
279,156.640703
280,158.2818562
281,159.5682065
282,161.0889654
283,162.9901254
284,164.4407227
285,165.9422196
286,167.9255898
287,169.5135645
288,171.4118153
289,173.1863049
290,174.7591803
291,176.1883114
292,177.6581368
293,179.4712517
294,181.2999331
295,182.8955054
296,184.920879
297,186.4427158
298,188.0724541
299,189.6584983
300,191.3081702
301,192.9691264
302,194.4915969
303,195.9242278
304,197.3473035
305,198.8015586
306,200.501805
307,202.0978472
308,203.8801646
309,205.162871
310,207.0006326
311,209.0489635
312,210.5459298
313,211.9072323
314,213.5526748
315,214.8106014
316,215.9011335
317,216.7330326
318,218.371255
319,219.9980943
320,221.602718
321,222.9240565
322,224.77104
323,225.8889376
324,227.2717591
325,229.1231696
326,230.764575
327,232.2294927
328,234.0770209
329,235.7814635
330,236.6877791
331,237.4251755
332,238.4024718
333,239.9055208
334,240.6652122
335,242.2266053
336,243.2293433
337,244.4977798
338,246.2574836
339,247.1497564
340,248.2690382
341,250.1930216
342,251.5504452
343,252.6494541
344,253.9283193
345,255.4642683
346,256.8745495
347,258.286843
348,259.7333221
349,262.0202283
350,262.8760755
351,264.413525
352,265.0838302
353,266.4128414
354,267.3688668
355,269.4992786
356,271.5289319
357,272.7706662
358,273.6668306
359,273.8673213
360,274.8736943
361,274.7735313
362,275.3152945
363,275.7093816
364,276.2821805
365,276.4228354
366,276.5900418
367,276.4444946
368,276.4571964
369,276.4560464
370,276.2230582
371,275.9253146
372,275.8161835
373,275.8233868
374,275.8543399
375,275.897738
376,275.6138791
377,275.7464346
378,275.7324493
379,275.5466711
380,275.515015
381,275.7834525
382,275.7119791
383,275.8165085
384,276.1007275
385,276.1052744
386,275.9150049
387,275.9905396
388,276.0880679
389,276.1909961
390,275.8885815
391,276.1100916
392,275.8069341
393,275.7466225
394,275.624991
395,275.5899098
396,275.45666
397,275.4939693
398,275.5815993
399,275.4527467
400,275.3274907
401,274.9613814
402,274.8744243
403,275.015743
404,275.1795775
405,275.2539714
406,275.0863326
407,274.977321
408,274.9472112
409,275.0170552
410,275.1709837
411,275.2165361
412,275.299489
413,275.471169
414,275.440847
415,275.6239833
416,275.5877992
417,275.5600877
418,275.531573
419,275.4685503
420,275.4811711
421,275.2599034
422,275.3384886
423,275.6866188
424,275.5694341
425,275.7493947
426,275.6585548
427,275.6885204
428,275.7412599
429,275.8885963
430,275.9935551
431,276.060797
432,276.5354686
433,276.106635
434,276.329012
435,276.4865248
436,276.4336104
437,276.5938322
438,276.0053262
439,276.2157239
440,276.3871472
441,276.4030515
442,276.6123438
443,276.6115891
444,276.6596005
445,276.7467545
446,276.7906659
447,275.8573293
448,276.2287685
449,276.3221327
450,276.3004823
451,276.4170668
452,276.6195708
453,276.7757295
454,276.9307793
455,276.8985271
456,277.0658577
457,276.6094527
458,276.8080656
459,276.7805629
460,276.9208049
461,277.1055299
462,277.1561601
463,277.0305507
464,277.0352391
465,277.2708855
466,277.3255327
467,277.2574773
468,277.3380714
469,277.1955354
470,277.5036964
471,277.8055608
472,277.9157445
473,277.9244286
474,277.8950349
475,277.7201311
476,277.972065
477,277.9681856
478,277.9143904
479,277.9440825
480,278.3742229
481,278.4215434
482,278.7121004
483,278.5643855
484,278.6285506
485,278.7338911
486,278.9463698
487,278.7767921
488,278.7031102
489,278.8897514
490,279.1680101
491,279.0364961
492,279.6706046
493,279.8425592
494,280.2605081
495,280.3755151
496,280.5250748
497,280.3756393
498,280.1820743
499,280.5145193
500,280.6758783
501,281.1120245
502,281.2125247
503,280.794111
504,280.916875
505,281.1478357
506,281.2209784
507,281.3229007
508,281.3452765
509,281.2571255
510,281.2168002
511,281.3864023
512,281.7974533
513,281.6604214
514,281.7699561
515,281.685867
516,280.3823041
517,280.8109583
518,279.8299745
519,279.9974696
520,279.9374232
521,279.8968629
522,279.954706
523,279.3566643
524,279.6998589
525,279.7656013
526,279.8019136
527,279.9723875
528,279.8793239
529,279.9170869
530,280.1168025
531,280.1011424
532,279.7697047
533,280.2142543
534,280.0078911
535,279.926093
536,279.9633855
537,279.9901302
538,280.691593
539,280.6407251
540,280.6415338
541,280.7627301
542,280.6449197
543,280.6175754
544,280.8020596
545,280.7323785
546,280.8281888
547,281.9447078
548,281.5707625
549,281.6115486
550,281.5851848
551,281.5245454
552,281.3452388
553,281.2998524
554,281.2576122
555,281.3441966
556,281.2633623
557,281.7578728
558,281.7635478
559,281.8272667
560,281.7144173
561,281.7753319
562,281.6562059
563,281.7634883
564,281.780388
565,281.6262297
566,281.6174556
567,281.8549919
568,281.8405574
569,282.0473305
570,281.9786751
571,282.006342
572,282.0297966
573,282.0086168
574,282.0585103
575,282.2890758
576,282.3528157
577,282.3918437
578,282.5525462
579,282.614417
580,282.4404073
581,282.3920201
582,282.3580418
583,282.5169606
584,282.6456218
585,282.6979677
586,282.7694527
587,283.0153331
588,283.1262202
589,283.0666545
590,283.282769
591,283.3989
592,283.1749742
593,283.2221291
594,283.0049065
595,283.0723891
596,283.1343599
597,283.2868709
598,283.4685707
599,283.3446809
600,283.4840614
601,283.5857509
602,283.6568791
603,283.9981447
604,283.8617616
605,283.7005122
606,283.9547047
607,283.977812
608,284.0479314
609,284.1618315
610,284.1605238
611,284.0145036
612,283.6218611
613,283.7490373
614,283.7695174
615,283.8411577
616,285.2964629
617,284.9652916
618,285.9993655
619,285.9924976
620,286.1174545
621,286.616651
622,286.6680032
623,287.164021
624,286.9528137
625,286.971778
626,287.1616217
627,287.1544327
628,287.3599866
629,287.328671
630,287.1673166
631,287.2871786
632,287.2617545
633,287.3506479
634,287.6178546
635,287.6120471
636,287.7216019
637,287.7602536
638,287.8552673
639,287.9220609
640,287.9659674
641,287.9877469
642,288.0697662
643,288.2355325
644,288.2072446
645,288.3080966
646,288.4016171
647,288.3701978
648,288.5046753
649,288.4655185
650,288.628902
651,288.7182587
652,288.8141736
653,288.777724
654,288.8766815
655,288.9124585
656,288.9586002
657,289.008952
658,288.9772864
659,289.0108289
660,289.0535886
661,289.014165
662,289.0911932
663,289.1133466
664,289.0625577
665,288.991329
666,288.985433
667,288.9646405
668,289.0244794
669,289.1127304
670,289.1802338
671,289.2394678
672,289.3745892
673,289.4987656
674,289.6344061
675,289.7219415
676,289.7166907
677,289.6870599
678,289.7021387
679,289.6978839
680,289.6751917
681,289.8335406
682,289.8930756
683,289.8748297
684,289.8314828
685,289.8399359
686,289.8419067
687,289.6577765
688,289.722258
689,289.7400623
690,289.8149472
691,289.9767245
692,289.750015
693,289.8284866
694,289.7108167
695,289.7697803
696,289.8519839
697,289.8449725
698,289.8910349
699,289.9765378
700,289.9157999
701,289.6359653
702,289.7039807
703,289.7748505
704,289.8213699
705,289.8947549
706,289.9084149
707,290.0853674
708,290.0826797
709,290.0949057
710,290.2980853
711,290.1948148
712,290.2000784
713,290.4156677
714,290.5950427
715,290.6100861
716,290.5896701
717,290.414285
718,290.3788519
719,290.5533197
720,290.613956
721,290.616395
722,290.7456097
723,290.5487186
724,290.6620059
725,290.5423059
726,290.5802002
727,290.4615466
728,290.469801
729,290.5006216
730,290.6979138
731,290.5814999
732,290.7022211
733,290.7888593
734,290.7586655
735,290.8102234
736,290.6039163
737,290.6101169
738,290.5436462
739,290.4828717
740,290.4051413
741,290.515282
742,290.5303146
743,290.5877655
744,290.706366
745,290.4878403
746,290.3452081
747,290.3682135
748,290.2796783
749,290.1678967
750,290.248396
751,289.9636343
752,289.7219299
753,289.927077
754,289.8697769
755,289.8645969
756,290.17763
757,289.9600156
758,289.8929099
759,290.0921436
760,289.802666
761,289.8993262
762,290.0256796
763,289.8822659
764,289.9331088
765,289.9308087
766,290.0338254
767,289.9681018
768,289.9801483
769,290.1934082
770,290.0633072
771,289.9310803
772,289.6777734
773,289.8039404
774,289.9252618
775,289.8408612
776,289.8546783
777,289.953718
778,289.8387177
779,289.9161786
780,289.776889
781,289.5553809
782,289.6351675
783,289.3796466
784,289.3716867
785,289.3677951
786,289.4247073
787,289.5595297
788,289.4457742
789,289.3102563
790,289.201673
791,288.9680716
792,289.1122723
793,289.0051538
794,289.0974258
795,289.0397424
796,289.0843008
797,289.1475778
798,289.1403979
799,289.0816916
800,289.0469537
801,289.3813184
802,289.2960013
803,289.3485272
804,289.2957031
805,289.3154166
806,289.3008026
807,289.2355615
808,289.2663937
809,289.292215
810,289.1027713
811,289.19353
812,289.2606274
813,289.1271454
814,288.9734302
815,288.9154858
816,288.9760226
817,289.1890265
818,289.3172833
819,289.2173325
820,289.2302151
821,289.2224469
822,289.1133936
823,289.3497287
824,289.2684189
825,289.4957004
826,289.4555798
827,289.5426471
828,289.4865417
829,289.444126
830,289.2818811
831,289.3447406
832,289.2679269
833,289.2107925
834,289.2109778
835,289.2158347
836,289.3958942
837,289.4241324
838,289.5069516
839,289.4789749
840,289.5159518
841,289.4278339
842,289.4156949
843,289.3265836
844,289.2761911
845,289.4658044
846,289.5651004
847,289.536806
848,289.6301816
849,289.7713556
850,289.6526898
851,289.9373166
852,290.1528622
853,290.1056046
854,290.052131
855,290.1048059
856,289.81931
857,290.042601
858,290.1194797
859,289.9952069
860,290.2776074
861,290.2080127
862,290.1007346
863,290.3164264
864,290.3641055
865,290.4476608
866,290.3760959
867,290.4454071
868,290.378248
869,290.1839944
870,290.2834103
871,290.446821
872,290.6584213
873,290.4856592
874,290.3298056
875,290.419176
876,290.4424414
877,290.3804431
878,290.4637997
879,290.4963577
880,290.6867816
881,290.8097656
882,290.7465573
883,291.0230875
884,291.028616
885,290.9626236
886,290.8547388
887,290.8811804
888,290.8839258
889,290.9348428
890,291.0314203
891,291.1474371
892,291.2398215
893,291.2167819
894,291.258136
895,291.2171729
896,291.0952573
897,291.0679736
898,291.0322775
899,291.0446771
900,291.054249
901,291.1304663
902,291.1675192
903,291.0748254
904,291.1783868
905,291.1262866
906,291.1850763
907,291.1396588
908,291.1351233
909,291.2054556
910,291.2553879
911,291.3548535
912,291.3863156
913,291.3869318
914,291.4594644
915,291.5237582
916,291.4657745
917,291.4370093
918,291.4552493
919,291.4147842
920,291.4430478
921,291.4504849
922,291.4171304
923,291.4455591
924,291.5894879
925,291.5081342
926,291.5026593
927,291.4860507
928,291.4952231
929,291.5488025
930,291.5190234
931,291.5174768
932,291.5478177
933,291.5767902
934,291.6842429
935,291.5704974
936,291.5369357
937,291.4449133
938,291.4988232
939,291.5491516
940,291.6200458
941,291.6208444
942,291.6001715
943,291.5859677
944,291.4407391
945,291.3553406
946,291.28423
947,291.3750259
948,291.3734842
949,291.3879617
950,291.5222189
951,291.6448059
952,291.6351654
953,291.6167709
954,291.6225104
955,291.5124228
956,291.5062228
957,291.5934598
958,291.5119858
959,291.4453683
960,291.4698279
961,291.4602155
962,291.4207089
963,291.422067
964,291.4065982
965,291.4408279
966,291.3412796
967,291.3390741
968,291.3992471
969,291.3057855
970,291.4342874
971,291.3859174
972,291.3329358
973,291.2912378
974,291.2508224
975,291.0767166
976,291.0512854
977,291.1748749
978,291.1264728
979,291.1328262
980,291.2377487
981,291.2795837
982,291.2290976
983,291.3571609
984,291.3659988
985,291.5967166
986,291.7241937
987,291.7127252
988,291.7217365
989,291.7993695
990,291.887114
991,292.0189703
992,292.0270361
993,292.0504172
994,292.2550534
995,292.2358865
996,292.3220856
997,292.3769186
998,292.4018668
999,292.4005853
1000,292.3141867
1001,292.0381946
1002,292.1293634
1003,292.2834128
1004,292.2258588
1005,292.2783487
1006,292.2041467
1007,291.9931992
1008,291.756947
1009,291.2532747
1010,291.0449733
1011,290.9617204
1012,291.2199742
1013,291.3208266
1014,291.370106
1015,291.1868629
1016,291.5393272
1017,291.4878798
1018,291.3741609
1019,291.1384877
1020,291.3088737
1021,291.2413255
1022,291.1657283
1023,291.2683006
1024,291.3810597
1025,291.5452745
1026,291.4463765
1027,291.5604799
1028,291.4647816
1029,291.5151643
1030,291.5850148
1031,291.5103279
1032,291.4632515
1033,291.4071281
1034,291.2913948
1035,291.4382387
1036,291.5444191
1037,291.8967049
1038,291.9125737
1039,292.1588426
1040,291.943947
1041,291.9887099
1042,292.0566664
1043,292.1084645
1044,292.283734
1045,292.2110097
1046,292.3139052
1047,292.2836223
1048,292.2373631
1049,292.2540767
1050,292.1879195
1051,292.020114
1052,291.9678514
1053,291.9976216
1054,292.0012721
1055,292.1384468
1056,292.1869762
1057,292.0887831
1058,292.2037517
1059,292.2264705
1060,292.2333482
1061,292.2205602
1062,292.2321346
1063,292.2676027
1064,292.2716417
1065,292.2966148
1066,292.4341084
1067,292.4801256
1068,292.5044621
1069,292.7048213
1070,292.53683
1071,292.5273521
1072,292.5251567
1073,292.5571245
1074,292.5728889
1075,292.7314577
1076,292.7317088
1077,292.615985
1078,292.7153471
1079,292.6933034
1080,292.5441124
1081,292.5106352
1082,292.5693071
1083,292.5280348
1084,292.5912236
1085,292.4072212
1086,292.3543037
1087,292.4933144
1088,292.5799052
1089,292.5412447
1090,292.4059297
1091,292.2664024
1092,292.2833015
1093,292.3061696
1094,292.1225563
1095,292.2457762
1096,292.2301552
1097,292.1418092
1098,292.2382268
1099,292.2624001
1100,292.3936143
1101,292.6009657
1102,292.5444933
1103,292.3952687
1104,292.4309081
1105,292.4286674
1106,292.4102583
1107,292.6673399
1108,293.0226228
1109,293.5087201
1110,293.7099197
1111,293.7893127
1112,293.4978754
1113,293.4088354
1114,293.3632983
1115,293.6056857
1116,293.3512524
1117,293.456181
1118,293.5460727
1119,293.8336057
1120,293.642294
1121,293.7461453
1122,293.9069962
1123,293.7771381
1124,293.6078375
1125,293.5365201
1126,293.6806781
1127,293.5942456
1128,293.7275323
1129,293.649487
1130,293.5955762
1131,293.735766
1132,293.7539304
1133,293.7705475
1134,293.8022546
1135,293.7928171
1136,293.7358267
1137,293.4273935
1138,293.366564
1139,293.1616046
1140,293.3976886
1141,293.3863528
1142,293.3661325
1143,293.3838828
1144,293.3146802
1145,293.4490732
1146,293.4150473
1147,293.4032678
1148,293.4874966
1149,293.5476724
1150,293.5294089
1151,293.6090326
1152,293.7249368
1153,293.6903131
1154,293.7129089
1155,293.7572092
1156,293.7290295
1157,293.8975183
1158,293.936669
1159,293.9581433
1160,293.9782495
1161,294.0348962
1162,294.0909085
1163,294.0552313
1164,294.0904239
1165,293.9903308
1166,294.0053613
1167,294.0291241
1168,294.0118893
1169,293.9008682
1170,293.9138968
1171,293.9626624
1172,294.0324622
1173,294.1109961
1174,294.169411
1175,294.1562024
1176,294.1517093
1177,294.202168
1178,294.2008237
1179,294.1535287
1180,294.1848679
1181,294.1735168
1182,294.2759396
1183,294.2804352
1184,294.2208737
1185,294.2074026
1186,294.2846631
1187,294.2148959
1188,294.1445273
1189,294.1173883
1190,294.2131052
1191,294.2738336
1192,294.3050525
1193,294.4344293
1194,294.5211066
1195,294.4819193
1196,294.3863321
1197,294.4435922
1198,294.3595056
1199,294.1614474
1200,294.3310016
1201,294.429035
1202,294.5040472
1203,294.6163959
1204,294.4106119
1205,294.5717465
1206,294.8606491
1207,294.9484109
1208,294.9146555
1209,295.0438834
1210,295.0961353
1211,295.0459534
1212,295.3303442
1213,295.4369525
1214,295.4724725
1215,295.4732794
1216,295.5053394
1217,295.4876141
1218,295.4880658
1219,295.3997546
1220,295.3165146
1221,295.1205521
1222,294.8882248
1223,295.0260837
1224,294.9556061
1225,294.8098584
1226,294.6367639
1227,294.8049188
1228,294.7880258
1229,294.8296774
1230,294.8056241
1231,294.6179016
1232,294.626272
1233,294.5619604
1234,294.6543967
1235,294.8695761
1236,295.0675208
1237,295.1105978
1238,295.3624133
1239,295.3222733
1240,295.4035428
1241,295.4219144
1242,295.2221811
1243,295.2411551
1244,295.3965198
1245,295.5245883
1246,295.6383395
1247,295.5728339
1248,295.4666171
1249,295.3932553
1250,295.2137512
1251,295.130867
1252,295.2617853
1253,295.2794727
1254,295.3248212
1255,295.332673
1256,295.680603
1257,295.4368262
1258,295.4659085
1259,295.7394882
1260,295.7587918
1261,295.8245151
1262,295.7250867
1263,295.9990329
1264,295.9230811
1265,296.1294037
1266,296.4194543
1267,296.7277353
1268,296.9379095
1269,297.2900354
1270,297.3646408
1271,297.3296426
1272,297.2413895
1273,297.1480496
1274,297.4095306
1275,297.2819867
1276,297.3139478
1277,297.3080801
1278,297.6328799
1279,297.8970618
1280,297.9809619
1281,298.2392618
1282,298.2874899
1283,298.1166473
1284,298.2829123
1285,298.6269614
1286,298.7759036
1287,298.7334464
1288,298.399722
1289,298.376131
1290,298.0949774
1291,298.051723
1292,298.2788519
1293,298.1858691
1294,298.2606427
1295,297.9555353
1296,298.0278534
1297,298.2380872
1298,298.2239063
1299,298.4557544
1300,298.307168
1301,298.0508609
1302,297.9005051
1303,297.7939188
1304,298.0064908
1305,297.7799234
1306,297.5981094
1307,297.4805231
1308,297.4522305
1309,297.3796921
1310,297.3476456
1311,297.3407178
1312,297.067981
1313,296.8951324
1314,296.7516507
1315,296.7736551
1316,296.8312656
1317,296.7557886
1318,296.7755878
1319,296.8074643
1320,296.9884875
1321,297.1027167
1322,297.3166876
1323,297.2485437
1324,297.3235715
1325,297.4625394
1326,297.5572778
1327,297.3817142
1328,297.3466617
1329,297.3184961
1330,297.3540674
1331,297.5436023
1332,297.5558945
1333,297.6871021
1334,297.5701019
1335,297.3284961
1336,297.1469974
1337,297.0826031
1338,296.8062872
1339,296.7900842
1340,296.655441
1341,296.6258276
1342,296.8871277
1343,296.802688
1344,296.6707095
1345,296.5796417
1346,296.4698361
1347,296.5087601
1348,296.5709683
1349,296.626131
1350,296.834892
1351,296.8545148
1352,296.6790823
1353,296.691203
1354,296.7071167
1355,296.6669629
1356,296.3751343
1357,296.5372296
1358,296.502948
1359,296.2259436
1360,296.2031628
1361,296.1523877
1362,296.2858856
1363,296.0164099
1364,296.0896747
1365,295.9286774
1366,295.6460153
1367,295.2892609
1368,295.0518961
1369,294.7311987
1370,294.7022202
1371,294.7486826
1372,294.8124411
1373,294.8558472
1374,294.5614841
1375,294.6697766
1376,294.6811566
1377,294.6415939
1378,294.3869983
1379,294.1487714
1380,294.0561328
1381,293.841167
1382,293.7297516
1383,293.7901068
1384,293.6387515
1385,293.2998532
1386,293.0892529
1387,293.1413251
1388,293.5304504
1389,293.5728574
1390,293.8483533
1391,293.9471194
1392,293.6518976
1393,293.6189706
1394,293.4558136
1395,293.8054443
1396,293.8481577
1397,293.6670447
1398,293.7469876
1399,293.6962357
1400,293.7611047
1401,293.9710031
1402,294.0926694
1403,294.0535019
1404,294.0280728
1405,294.1400369
1406,294.0783853
1407,294.0978082
1408,293.9642267
1409,293.910383
1410,293.8759375
1411,293.9501294
1412,294.0023126
1413,293.9780795
1414,294.1404831
1415,294.1191156
1416,293.9769717
1417,294.0310013
1418,293.9743988
1419,294.0425403
1420,294.0275272
1421,294.0821417
1422,293.9689658
1423,293.8607269
1424,293.8824005
1425,293.8278931
1426,293.9470813
1427,294.0715292
1428,294.1391208
1429,294.1576016
1430,294.1411011
1431,294.1592294
1432,294.1156766
1433,294.056412
1434,294.0803284
1435,294.1480704
1436,294.10017
1437,294.2170572
1438,294.2436398
1439,294.254635
1440,294.1335257
1441,294.0325024
1442,293.9411655
1443,294.010094
1444,294.0434232
1445,293.9711066
1446,293.9789725
1447,293.9828574
1448,293.9495224
1449,293.8912427
1450,293.8629977
1451,293.8778528
1452,293.9101395
1453,293.7954962
1454,293.6979596
1455,293.8840564
1456,293.8076871
1457,293.354259
1458,293.1742648
1459,293.135929
1460,293.1393585
1461,292.9782993
1462,292.9889206
1463,292.9746655
1464,293.1248309
1465,293.1107889
1466,293.017305
1467,292.9620837
1468,292.9175278
1469,292.9237222
1470,292.8322375
1471,292.7356039
1472,292.7648459
1473,292.7801529
1474,292.7352185
1475,292.9697739
1476,293.0080737
1477,292.9774103
1478,292.9131348
1479,292.9970676
1480,293.1177444
1481,293.1956976
1482,292.9505716
1483,293.0553165
1484,292.9172156
1485,292.9467923
1486,292.9257907
1487,292.8958041
1488,293.0020453
1489,292.9964505
1490,292.6770013
1491,292.5564908
1492,292.6150168
1493,292.7434174
1494,292.6256821
1495,292.593501
1496,292.7186752
1497,292.6726794
1498,292.6078674
1499,292.4152881
1500,292.2667038
1501,292.1683054
1502,292.3162558
1503,292.4004703
1504,292.5752637
1505,292.4739941
1506,292.2562927
1507,292.1134277
1508,292.3789294
1509,292.2809744
1510,292.4574335
1511,292.5730637
1512,292.5534482
1513,292.6361328
1514,292.5632239
1515,292.5064328
1516,292.6607712
1517,292.6756802
1518,292.7663062
1519,292.643046
1520,292.6849994
1521,292.9184955
1522,293.0330792
1523,292.9858447
1524,292.6682993
1525,292.8768784
1526,293.0153897
1527,293.1858249
1528,293.5739789
1529,293.4839719
1530,293.5767368
1531,293.4396536
1532,293.6726276
1533,293.8251889
1534,294.0273666
1535,293.8443484
1536,294.0344406
1537,293.8923422
1538,293.8778226
1539,294.0328113
1540,294.3897433
1541,294.1850958
1542,294.229718
1543,294.2047519
1544,294.2585083
1545,294.2761304
1546,294.2249518
1547,294.2886371
1548,294.2282669
1549,294.1179684
1550,294.1532095
1551,294.157355
1552,294.4393652
1553,294.3906952
1554,294.2183621
1555,293.7716437
1556,293.512735
1557,294.0177191
1558,294.3110043
1559,294.3224112
1560,294.251813
1561,294.1948068
1562,294.011102
1563,293.9752795
1564,293.803096
1565,293.7951184
1566,293.7073624
1567,293.7660986
1568,293.8740845
1569,293.8689633
1570,293.8010498
1571,293.8054736
1572,293.7892978
1573,293.7501202
1574,293.8122675
1575,293.6104099
1576,293.586676
1577,293.6497281
1578,293.6478406
1579,293.5074734
1580,293.4435904
1581,293.4609961
1582,293.6278098
1583,293.4933163
1584,293.6380222
1585,293.6577823
1586,293.6499164
1587,293.6680789
1588,293.5832306
1589,293.5986737
1590,293.8081308
1591,293.8492853
1592,293.7878146
1593,293.7185284
1594,293.8955319
1595,293.9018082
1596,293.6902682
1597,293.7390314
1598,293.7931458
1599,294.0281458
1600,294.0888635
1601,294.1249048
1602,293.9395181
1603,293.9882135
1604,293.8678369
1605,293.9329156
1606,294.1670313
1607,294.2447839
1608,294.0700882
1609,294.1442978
1610,293.9928275
1611,293.8213705
1612,293.8246127
1613,293.8381284
1614,293.9150024
1615,293.9107657
1616,293.8478876
1617,293.8340076
1618,293.7957748
1619,293.881908
1620,293.8150195
1621,293.598237
1622,293.5887906
1623,293.6686157
1624,293.9604843
1625,293.7550992
1626,293.565527
1627,293.2563223
1628,292.8441028
1629,292.947084
1630,292.879852
1631,292.985592
1632,292.7604852
1633,292.6376202
1634,292.4737018
1635,292.6162729
1636,292.5036014
1637,292.5719373
1638,292.5932416
1639,292.5332675
1640,292.3075168
1641,292.6429706
1642,292.6426376
1643,292.6250565
1644,292.4743619
1645,292.5517633
1646,292.6322363
1647,292.5629282
1648,292.6442709
1649,292.6672229
1650,292.6686197
1651,292.7038025
1652,292.399733
1653,292.5665314
1654,292.8317612
1655,293.0931195
1656,293.372037
1657,293.2606226
1658,293.1750958
1659,293.286749
1660,293.3517224
1661,293.5052524
1662,293.6351666
1663,293.7207254
1664,293.7454285
1665,293.7917764
1666,294.0031036
1667,293.9373932
1668,293.9388898
1669,293.9353748
1670,294.1047919
1671,294.1733691
1672,294.1881012
1673,294.1612054
1674,294.1955396
1675,294.2000824
1676,294.2459213
1677,294.1810013
1678,294.1082407
1679,294.1904034
1680,294.2026019
1681,294.0952158
1682,294.1804855
1683,294.2788409
1684,294.3258362
1685,294.3570724
1686,294.4055264
1687,294.4336111
1688,294.4157162
1689,294.4723807
1690,294.5259711
1691,294.4864444
1692,294.5641522
1693,294.5573111
1694,294.5219568
1695,294.5642166
1696,294.5704434
1697,294.5359622
1698,294.5496759
1699,294.6118875
1700,294.7799243
1701,294.8316437
1702,294.8628339
1703,294.7724042
1704,294.7357047
1705,294.7789709
1706,294.8087909
1707,294.9552316
1708,295.027308
1709,295.0613318
1710,295.0711526
1711,295.2387982
1712,295.2852771
1713,295.3668988
1714,295.3484903
1715,295.3074646
1716,295.1503818
1717,295.2085629
1718,295.2337521
1719,295.307355
1720,295.1836786
1721,295.3163873
1722,295.2909396
1723,295.3246475
1724,295.3749313
1725,295.4052542
1726,295.2701392
1727,295.3124118
1728,295.4509927
1729,295.5234457
1730,295.3733975
1731,295.3766422
1732,295.3923041
1733,295.4565161
1734,295.4136844
1735,295.4517871
1736,295.5025491
1737,295.5571588
1738,295.3499368
1739,295.3421591
1740,295.4774115
1741,295.508186
1742,295.4753769
1743,295.7157651
1744,295.6959055
1745,295.7549481
1746,295.7188974
1747,295.6747171
1748,295.7516885
1749,295.5525787
1750,295.4443954
1751,295.3307648
1752,295.1714948
1753,295.1801804
1754,295.019425
1755,295.066105
1756,294.9854074
1757,294.7894965
1758,294.6700726
1759,294.5938766
1760,294.6415674
1761,294.6160242
1762,294.5399106
1763,294.5709912
1764,294.5483844
1765,294.5476273
1766,294.5912524
1767,294.6835056
1768,294.7462131
1769,294.7486807
1770,294.5422873
1771,294.6155606
1772,294.5411044
1773,294.3496082
1774,294.3787357
1775,294.618139
1776,294.6220779
1777,294.6964011
1778,294.8857117
1779,294.7809915
1780,294.1599199
1781,294.4289586
1782,294.2972408
1783,294.2967415
1784,293.9344911
1785,293.9016228
1786,293.7337331
1787,293.7725609
1788,294.0865114
1789,293.9651588
1790,293.9778377
1791,294.0872942
1792,294.0421187
1793,294.2327641
1794,294.0268443
1795,293.8296275
1796,293.9824583
1797,294.1572902
1798,294.2248128
1799,293.9207359
1800,293.8187743
1801,293.9144765
1802,293.5575285
1803,293.5056627
1804,293.5192244
1805,293.4114247
1806,293.1876405
1807,293.1226357
1808,293.0603889
1809,293.0802922
1810,292.7952831
1811,292.4958299
1812,292.6080516
1813,292.4703902
1814,292.4640996
1815,292.6439476
1816,292.995634
1817,292.7134016
1818,292.7293181
1819,292.6496388
1820,292.7722215
1821,292.6891042
1822,292.7295689
1823,292.7372896
1824,292.7502736
1825,292.7494228
1826,292.8696953
1827,292.9726097
1828,292.8491371
1829,292.7762376
1830,292.8500813
1831,292.850121
1832,292.9651231
1833,292.9177242
1834,292.9357176
1835,292.9255879
1836,292.903152
1837,292.9397115
1838,293.1537672
1839,293.2128432
1840,293.0662929
1841,293.0343565
1842,293.0724641
1843,292.9136104
1844,292.9596968
1845,292.8626894
1846,292.9316786
1847,292.895356
1848,292.894753
1849,293.2210545
1850,293.3696587
1851,293.4790852
1852,293.6428212
1853,293.5728358
1854,293.6910722
1855,293.5850261
1856,293.6987065
1857,293.9473555
1858,294.0673964
1859,294.1371437
1860,294.1330867
1861,294.2197481
1862,294.2560704
1863,294.2314174
1864,294.3023119
1865,294.3614839
1866,294.2743428
1867,294.231349
1868,294.1555373
1869,294.1663176
1870,294.3471632
1871,294.2424226
1872,294.2782841
1873,294.5705547
1874,294.5390416
1875,294.2593806
1876,294.2508116
1877,294.2531624
1878,294.1548817
1879,294.2727242
1880,294.8453006
1881,294.6142261
1882,294.7730237
1883,294.7505951
1884,295.0847366
1885,295.0543042
1886,295.2462064
1887,295.1529297
1888,294.8902612
1889,295.015097
1890,295.0240799
1891,294.9753171
1892,294.9904767
1893,294.7790091
1894,294.9345285
1895,295.1024237
1896,295.0405389
1897,294.8758524
1898,294.8147665
1899,295.0850696
1900,295.0926028
1901,294.9408148
1902,295.2450302
1903,295.3257495
1904,295.3419467
1905,295.4168475
1906,295.617193
1907,295.6312598
1908,295.7012204
1909,295.661272
1910,296.0061923
1911,296.1301337
1912,296.0119879
1913,296.0232681
1914,296.0267905
1915,295.937254
1916,295.7079944
1917,295.9574857
1918,295.9208691
1919,295.9634973
1920,296.002572
1921,295.9458032
1922,295.9154343
1923,295.9819098
1924,295.9451535
1925,295.9479575
1926,295.9856812
1927,295.8811209
1928,295.8686151
1929,295.8056927
1930,295.8552423
1931,295.8308029
1932,295.7392523
1933,295.789505
1934,295.7843616
1935,295.75461
1936,295.714288
1937,295.6151074
1938,295.5971457
1939,295.426691
1940,295.4607062
1941,295.3871912
1942,295.4561978
1943,295.4079593
1944,295.4548825
1945,295.475871
1946,295.2285922
1947,295.3225146
1948,295.2572906
1949,295.1784506
1950,295.1352621
1951,295.1726761
1952,295.1632858
1953,295.2339276
1954,295.2316559
1955,295.2986533
1956,295.189263
1957,295.1757834
1958,295.2278281
1959,295.1455048
1960,295.1187766
1961,295.0952744
1962,295.1238385
1963,295.1550928
1964,295.0399429
1965,295.0498627
1966,295.0190979
1967,295.1059067
1968,295.0007819
1969,294.8895328
1970,294.8957831
1971,294.8859174
1972,294.9141516
1973,294.8551498
1974,294.6781201
1975,294.6621848
1976,294.641091
1977,294.6485629
1978,294.7428207
1979,294.7883749
1980,294.6084293
1981,294.6175098
1982,294.5341895
1983,294.497157
1984,294.4807443
1985,294.5454895
1986,294.4900439
1987,294.6241479
1988,294.6391986
1989,294.608327
1990,294.6150815
1991,294.4866599
1992,294.4360513
1993,294.5469858
1994,294.4124844
1995,294.4974686
1996,294.3267062
1997,294.2044284
1998,294.0320877
1999,294.1283179
2000,294.312673
2001,294.2221552
2002,294.4091727
2003,294.2981949
2004,294.2475519
2005,294.256084
2006,294.4046149
2007,294.2128787
2008,294.2580728
2009,294.2088461
2010,294.1832388
2011,294.2901077
2012,294.3995999
2013,294.3916379
2014,294.3030542
2015,294.1140179
2016,294.0456854
2017,294.3377579
2018,294.495878
2019,294.484874
2020,294.3559088
2021,294.3774466
2022,294.2051636
2023,294.0124985
2024,294.1462247
2025,294.1999777
2026,294.208483
2027,294.1832108
2028,294.1921771
2029,294.1349365
2030,294.0367554
2031,294.0130994
2032,294.0284088
2033,294.1435846
2034,294.1428857
2035,294.3782294
2036,294.1064166
2037,294.1732639
2038,294.3580261
2039,294.5449249
2040,294.4964032
2041,294.7719815
2042,294.4140186
2043,294.5906482
2044,294.6374191
2045,294.5668707
2046,294.7486279
2047,294.7865317
2048,295.0024603
2049,295.1368845
2050,294.7614954
2051,294.7490048
2052,294.8427853
2053,294.5784509
2054,294.618121
2055,294.5417111
2056,294.5877249
2057,294.6634256
2058,294.6977658
2059,294.3905197
2060,294.478313
2061,294.7094287
2062,294.8856528
2063,295.0445975
2064,295.26978
2065,295.0895609
2066,295.1893832
2067,295.1533606
2068,294.9761722
2069,294.9984775
2070,294.9459683
2071,295.0825571
2072,295.1252798
2073,295.0237384
2074,295.0625378
2075,295.1998526
2076,295.2421075
2077,295.2011069
2078,295.1143732
2079,294.9999557
2080,295.0848291
2081,295.0481119
2082,295.1461368
2083,295.220419
2084,295.2988742
2085,295.198519
2086,295.2360339
2087,295.1630615
2088,295.2126172
2089,295.1503711
2090,295.034599
2091,295.1371381
2092,295.1575873
2093,295.0523248
2094,295.1790152
2095,295.0938995
2096,295.2239963
2097,295.4104721
2098,295.6232346
2099,295.405502
2100,295.2501834
2101,295.3264658
2102,295.1128851
2103,295.3080911
2104,295.4021112
2105,295.4071948
2106,295.2751831
2107,295.4060297
2108,295.3058475
2109,295.4245383
2110,295.345535
2111,295.2923572
2112,295.1798495
2113,295.24349
2114,295.3583578
2115,295.5113635
2116,295.561763
2117,295.2838919
2118,295.1455267
2119,295.1016046
2120,295.1160425
2121,295.1044437
2122,295.3444107
2123,295.4430603
2124,295.3229285
2125,295.2544659
2126,295.233201
2127,295.2474252
2128,295.2838663
2129,295.4116425
2130,295.5491461
2131,295.5656888
2132,295.5648178
2133,295.4041974
2134,295.4351666
2135,295.227428
2136,295.4974344
2137,295.4736789
2138,295.3013687
2139,295.2168073
2140,295.2463422
2141,295.010517
2142,295.2912488
2143,295.0798657
2144,294.9916736
2145,295.0758578
2146,295.1060794
2147,295.125209
2148,294.817738
2149,294.8091696
2150,295.1646338
2151,295.1544949
2152,295.0894449
2153,295.2636429
2154,295.2233304
2155,295.2477136
2156,295.2677155
2157,295.2197241
2158,295.1391928
2159,295.4772076
2160,295.3881891
2161,295.1515341
2162,295.0374408
2163,294.8320407
2164,294.7048163
2165,294.7999731
2166,294.75186
2167,294.7359982
2168,294.9860883
2169,295.0825043
2170,295.0936661
2171,295.0032904
2172,294.9455798
2173,295.0615634
2174,295.1716592
2175,295.1257452
2176,295.0371338
2177,295.072543
2178,295.0392148
2179,295.0746603
2180,295.1464856
2181,295.0873602
2182,295.0472455
2183,294.9157166
2184,294.8272617
2185,294.8983664
2186,294.8518234
2187,294.8107153
2188,294.6928369
2189,294.6999881
2190,294.8741956
2191,294.8496246
2192,294.8858453
2193,294.8463083
2194,294.8694522
2195,294.8493448
2196,294.8750327
2197,295.0081155
2198,294.9256403
2199,294.9700659
2200,294.9084229
2201,295.0343976
2202,295.0821072
2203,295.0388602
2204,295.0508716
2205,294.9396011
2206,295.0439127
2207,295.1613293
2208,295.1873022
2209,295.1636063
2210,295.2366476
2211,295.2266479
2212,295.1115543
2213,295.0716028
2214,295.1092316
2215,295.0745963
2216,295.0938809
2217,295.0692758
2218,295.0520825
2219,295.0519614
2220,295.1030609
2221,295.0959641
2222,295.090643
2223,295.1660571
2224,295.2235477
2225,295.1895471
2226,295.2155066
2227,295.3342963
2228,295.2983582
2229,295.2130066
2230,295.2118445
2231,295.422569
2232,295.3415338
2233,295.3876733
2234,295.4498846
2235,295.3811014
2236,295.4008417
2237,295.2631952
2238,295.1250739
2239,295.1561749
2240,295.0129221
2241,294.9927869
2242,294.9555994
2243,294.9689432
2244,295.0215149
2245,295.1195786
2246,295.2258054
2247,295.1724521
2248,295.3964307
2249,295.3989252
2250,295.3061859
2251,295.2011923
2252,295.0231744
2253,295.1349823
2254,295.1906564
2255,295.3337332
2256,295.4407538
2257,295.5840555
2258,295.5892859
2259,295.5591641
2260,295.6873035
2261,295.680592
2262,295.7425339
2263,295.5696698
2264,295.6235284
2265,295.6565198
2266,295.6453943
2267,295.5841156
2268,295.6735068
2269,295.8585883
2270,295.8764664
2271,295.8440356
2272,295.7962741
2273,295.7535461
2274,295.7888928
2275,295.656366
2276,295.563775
2277,295.4188028
2278,295.4896155
2279,295.2929346
2280,295.1024527
2281,295.0554114
2282,294.9435571
2283,294.969949
2284,294.8509723
2285,294.7887961
2286,294.918736
2287,294.9757153
2288,295.0699966
2289,295.3681488
2290,295.2775067
2291,295.1679028
2292,295.2222955
2293,294.8407047
2294,294.9590485
2295,294.8735629
2296,294.8081583
2297,294.3002835
2298,294.2346497
2299,294.2126892
2300,293.9520996
2301,293.6759586
2302,293.8485031
2303,293.8129874
2304,293.7440939
2305,293.6658514
2306,293.607265
2307,293.4497827
2308,293.5741754
2309,293.4591458
2310,293.3329156
2311,293.0556052
2312,293.3598318
2313,293.5627307
2314,293.4629507
2315,293.3236694
2316,293.2744687
2317,293.1823404
2318,293.1852432
2319,293.4831192
2320,293.1986609
2321,293.2954065
2322,293.1320703
2323,293.1783655
2324,293.4479999
2325,293.4561017
2326,293.4605255
2327,293.4657385
2328,293.8031061
2329,293.8332162
2330,293.9020581
2331,293.9010074
2332,293.7470532
2333,293.8877847
2334,293.8212027
2335,293.9121744
2336,293.9369714
2337,294.1724219
2338,294.4315512
2339,294.4094046
2340,294.5674487
2341,294.5747897
2342,294.6362991
2343,294.7368011
2344,294.7073325
2345,294.6103696
2346,294.4474393
2347,294.4999612
2348,294.5289243
2349,294.5882474
2350,294.6765912
2351,294.6778452
2352,294.8529047
2353,294.8400797
2354,294.8568274
2355,294.7422519
2356,294.7082837
2357,294.4888232
2358,294.3880023
2359,294.3986456
2360,294.2513983
2361,294.2396786
2362,294.1572937
2363,294.3333762
2364,294.2131604
2365,294.2642816
2366,294.2771262
2367,294.3295334
2368,294.2370703
2369,294.0487491
2370,293.9814539
2371,294.0578934
2372,294.1334958
2373,294.1484949
2374,294.1238297
2375,294.1828503
2376,294.3033365
2377,294.3758987
2378,294.3356656
2379,294.5212814
2380,294.7792728
2381,294.8963815
2382,294.9942801
2383,295.0463486
2384,295.2103229
2385,295.2329877
2386,295.092301
2387,295.0315848
2388,294.9146347
2389,294.6048441
2390,294.6515942
2391,294.7885962
2392,294.714306
2393,295.1566626
2394,294.9943353
2395,295.1341211
2396,295.1802985
2397,295.5178558
2398,295.5652621
2399,295.6362213
2400,295.9090698
2401,296.0707065
2402,295.8737146
2403,295.9225848
2404,295.8847473
2405,296.0764056
2406,295.9819086
2407,296.0515384
2408,295.8916113
2409,296.0107907
2410,296.0755405
2411,296.3455209
2412,296.1281876
2413,295.9328687
2414,295.945437
2415,296.1286493
2416,296.2213187
2417,296.2812729
2418,296.2973618
2419,296.0275333
2420,296.2891855
2421,296.2214005
2422,296.3162543
2423,296.2430017
2424,295.8885623
2425,295.8855786
2426,295.8324683
2427,295.7221616
2428,295.4097919
2429,295.4889243
2430,295.4155405
2431,295.2624066
2432,295.5218155
2433,295.3148914
2434,295.3370871
2435,295.3504544
2436,295.3295828
2437,295.2737231
2438,295.1897073
2439,295.1535468
2440,295.0990677
2441,295.1747229
2442,295.0831744
2443,294.9954178
2444,294.9747998
2445,294.9046332
2446,294.9889697
2447,294.8975497
2448,294.7289233
2449,294.6077124
2450,294.7253049
2451,294.8676059
2452,294.8027875
2453,294.721123
2454,294.6595142
2455,294.597439
2456,294.589184
2457,294.6097186
2458,294.7705978
2459,294.8601019
2460,294.8701239
2461,294.886882
2462,294.892547
2463,294.8979413
2464,294.9071155
2465,294.7411731
2466,294.7062854
2467,294.5984042
2468,294.5816089
2469,294.5142355
2470,294.5872253
2471,294.5880664
2472,294.6184723
2473,294.6204031
2474,294.5233368
2475,294.5482629
2476,294.6044336
2477,294.7227588
2478,294.7557556
2479,294.8098508
2480,294.7388269
2481,294.8307288
2482,294.8286935
2483,294.8065234
2484,294.8487207
2485,294.7428909
2486,294.8726468
2487,294.9008463
2488,294.872269
2489,294.957991
2490,294.8815015
2491,294.8843671
2492,294.9737915
2493,294.7670975
2494,294.841752
2495,294.8046011
2496,294.844686
2497,294.7983173
2498,294.8999026
2499,295.0011322
2500,294.7933527
2501,294.6419995
2502,294.5988626
2503,294.4470032
2504,294.4650943
2505,294.3564557
2506,294.3661618
2507,294.2221701
2508,294.1757162
2509,294.1032135
2510,294.2066663
2511,294.2701996
2512,294.2426102
2513,294.187988
2514,294.2223187
2515,294.369718
2516,294.5337775
2517,294.3756015
2518,294.3853882
2519,294.48686
2520,294.4777094
2521,294.5490317
2522,294.629563
2523,294.5993903
2524,294.487608
2525,294.4879947
2526,294.7003534
2527,294.62897
2528,294.6933124
2529,294.7349948
2530,294.721189
2531,294.7783456
2532,294.7499258
2533,294.6229251
2534,294.2561087
2535,294.3665823
2536,294.4253946
2537,294.416355
2538,294.2802255
2539,294.2793762
2540,294.2616278
2541,294.2291568
2542,294.1861627
2543,294.2167596
2544,294.1983917
2545,294.3012988
2546,294.1754749
2547,294.3400748
2548,294.1638062
2549,294.4193094
2550,294.2039029
2551,294.0129196
2552,294.338916
2553,294.3293253
2554,294.141521
2555,293.948989
2556,293.9678961
2557,293.8570508
2558,293.48892
2559,293.0837527
2560,293.3180429
2561,293.2522748
2562,293.2444394
2563,293.1194055
2564,292.8543765
2565,293.1937943
2566,293.2015985
2567,293.3752298
2568,293.5505121
2569,293.259985
2570,292.8421056
2571,293.0584816
2572,293.3246629
2573,293.3027565
2574,293.4057191
2575,293.3990706
2576,293.710117
2577,293.9499519
2578,293.7243776
2579,293.6398729
2580,293.5949467
2581,291.7232903
2582,289.7944118
2583,287.7404134
2584,287.5114857
2585,287.7097606
2586,287.5969197
2587,287.9538869
2588,288.0648961
2589,287.0691512
2590,287.0146364
2591,286.2881773
2592,286.1439317
2593,286.2954057
2594,286.2137331
2595,286.2520461
2596,285.9337642
2597,285.9173378
2598,285.8796431
2599,285.8372984
2600,286.0018706
2601,286.1815004
2602,286.2423158
2603,286.444803
2604,286.2129195
2605,286.2097826
2606,286.2110417
2607,286.3026018
2608,286.4379582
2609,286.5129918
2610,286.4018227
2611,286.2462047
2612,286.3217305
2613,286.3340895
2614,286.3232521
2615,286.2458412
2616,286.0705656
2617,286.2319542
2618,286.2021135
2619,286.1771635
2620,286.0892378
2621,285.9720177
2622,285.8650108
2623,285.9206721
2624,286.0219038
2625,286.0725859
2626,285.9332179
2627,286.0189848
2628,285.9273051
2629,285.7324745
2630,285.7643715
2631,285.6930702
2632,285.6957216
2633,285.8291295
2634,286.1773436
2635,285.9820976
2636,285.860652
2637,285.8028822
2638,285.8827351
2639,285.8746593
2640,285.9081657
2641,285.8931001
2642,285.9732445
2643,285.9348384
2644,285.9637807
2645,285.8804134
2646,285.9741997
2647,285.8195412
2648,285.9647145
2649,285.6613554
2650,285.7646013
2651,285.9082353
2652,285.6612938
2653,285.7003508
2654,285.9140584
2655,286.1691969
2656,286.103535
2657,286.1745
2658,286.4420598
2659,286.7885612
2660,286.5790862
2661,286.6216563
2662,286.5846513
2663,286.6525014
2664,286.9388557
2665,286.714507
2666,286.7093044
2667,286.6490172
2668,286.4826161
2669,286.8953853
2670,287.3171753
2671,287.0921497
2672,286.7862244
2673,286.8229645
2674,286.8029031
2675,286.8467776
2676,286.4746399
2677,286.1875848
2678,286.3511581
2679,286.3997333
2680,286.4767688
2681,288.2557983
2682,290.1924905
2683,292.2532355
2684,292.4040457
2685,292.3168134
2686,292.2796664
2687,291.9175299
2688,291.8639572
2689,292.7885132
2690,292.904772
2691,293.5898831
2692,293.7061996
2693,293.7093039
2694,293.7517789
2695,293.7419632
2696,294.0172287
2697,294.0712973
2698,293.9925931
2699,293.9352975
2700,293.9533282
2701,293.9402994
2702,293.9195673
2703,293.7934348
2704,294.0614255
2705,294.1621469
2706,294.1520111
2707,294.1894757
2708,294.1015079
2709,294.118172
2710,294.1653183
2711,294.2767908
2712,294.1838864
2713,294.298212
2714,294.3506543
2715,294.2568414
2716,294.2477448
2717,294.2319864
2718,294.2315085
2719,294.2697867
2720,294.4245538
2721,294.4371008
2722,294.4790204
2723,294.463801
2724,294.4135236
2725,294.3649609
2726,294.3714255
2727,294.3810043
2728,294.3377246
2729,294.504924
2730,294.4845358
2731,294.3965195
2732,294.4302634
2733,294.3928622
2734,294.4175031
2735,294.4331198
2736,294.4684073
2737,294.4923209
2738,294.4572809
2739,294.5249615
2740,294.5864233
2741,294.5686661
2742,294.6771054
2743,294.6903418
2744,294.7322479
2745,294.7948831
2746,294.7203812
2747,294.7969553
2748,294.8459265
2749,294.8844836
2750,294.844671
2751,294.5453146
2752,294.4986459
2753,294.5447879
2754,294.5347083
2755,294.4524985
2756,294.2361166
2757,294.2664395
2758,294.210704
2759,294.2405759
2760,294.145387
2761,294.1545584
2762,294.2103549
2763,294.158096
2764,294.1295984
2765,294.1708539
2766,294.2429718
2767,294.2262772
2768,294.3903891
2769,294.3199472
2770,294.263436
2771,293.9935007
2772,294.090957
2773,294.0771625
2774,294.1018396
2775,294.1573746
2776,293.9624896
2777,293.885809
2778,292.8697348
2779,292.4557539
2780,292.3653081
2781,292.3230077
2782,292.3936958
2783,292.5728423
2784,291.6343155
2785,290.9278885
2786,290.8965973
2787,289.8364481
2788,289.5691925
2789,289.7578201
2790,289.6351074
2791,289.624451
2792,289.5182889
2793,288.9115598
2794,288.7848227
2795,288.1083426
2796,288.1082999
2797,288.1631775
2798,288.3101227
2799,288.2238809
2800,288.4233047
2801,288.4256851
2802,288.3385193
2803,287.5782272
2804,287.5913113
2805,287.4538727
2806,287.5027655
2807,287.6049469
2808,287.5747324
2809,286.6459451
2810,286.6497748
2811,286.7168915
2812,286.82496
2813,285.7574362
2814,285.0649632
2815,285.2917097
2816,285.1113252
2817,285.3958879
2818,284.0919583
2819,283.5967227
2820,282.7218182
2821,282.4497641
2822,282.5007901
2823,281.5932568
2824,281.5567941
2825,281.5901199
2826,281.7038354
2827,281.6673752
2828,280.7226898
2829,280.3353152
2830,280.2322537
2831,280.357757
2832,279.4541061
2833,279.3776321
2834,279.2339877
2835,279.3319666
2836,278.0371994
2837,277.2062671
2838,277.0765829
2839,276.150274
2840,274.1335333
2841,272.3560065
2842,270.5028712
2843,269.1563778
2844,269.040335
2845,268.2034139
2846,266.4431858
2847,266.318455
2848,266.4060206
2849,266.3124009
2850,266.2452515
2851,266.6759617
2852,266.8302464
2853,265.1626058
2854,265.1647085
2855,263.4030148
2856,263.6064056
2857,263.5703165
2858,263.6669366
2859,261.9575893
2860,261.7950883
2861,262.0301344
2862,262.1535274
2863,262.5789241
2864,262.4588087
2865,262.3742509
2866,262.3545155
2867,262.3159773
2868,262.1776332
2869,262.2438087
2870,262.336039
2871,262.5805275
2872,262.4538722
2873,262.4494118
2874,262.484926
2875,262.4698329
2876,262.6477122
2877,262.8160728
2878,263.726324
2879,264.0816821
2880,264.1236365
2881,264.1352234
2882,264.1000775
2883,263.9290823
2884,264.9133354
2885,265.6329536
2886,265.7254216
2887,266.8146788
2888,267.1043486
2889,266.9316731
2890,267.0565062
2891,267.0941316
2892,267.2309114
2893,267.9353008
2894,268.1068623
2895,268.6822493
2896,268.6952165
2897,268.6309358
2898,268.5461504
2899,268.5570586
2900,268.3517967
2901,268.4187459
2902,268.5436427
2903,269.3220326
2904,269.2675148
2905,269.3851201
2906,269.3886272
2907,269.3617955
2908,269.4720311
2909,270.3126604
2910,270.2783131
2911,270.2246263
2912,270.1522581
2913,271.1753526
2914,271.7733493
2915,271.5239682
2916,271.6629877
2917,271.3857343
2918,272.7244124
2919,273.1314091
2920,274.0197948
2921,274.2745555
2922,274.1667326
2923,275.0481291
2924,275.1597008
2925,275.1464766
2926,275.0327211
2927,275.0699956
2928,276.0614421
2929,276.4213951
2930,276.5009462
2931,276.4960201
2932,277.3478899
2933,277.440399
2934,277.5614268
2935,277.4485536
2936,278.7547444
2937,279.5313292
2938,279.758539
2939,280.6041173
2940,282.6147588
2941,284.4062444
2942,286.1803666
2943,287.5455761
2944,287.6683248
2945,288.479902
2946,290.3269865
2947,290.4416105
2948,290.3719938
2949,290.5247889
2950,290.6021812
2951,290.4777784
2952,290.3284748
2953,291.8848071
2954,291.7947967
2955,293.6547826
2956,293.6805418
2957,293.7558937
2958,293.714196
2959,295.4667233
2960,295.6744223
2961,295.4808237
2962,295.3043997
2963,294.9909894
2964,295.1561053
2965,295.1404379
2966,295.0683987
2967,295.1157285
2968,295.0514188
2969,295.0320816
2970,294.9942166
2971,295.0199918
2972,295.0579456
2973,295.0581989
2974,294.9206055
2975,294.885351
2976,294.8492426
2977,294.7396747
2978,294.8074847
2979,294.8322458
2980,294.9118414
2981,294.8937985
2982,294.8139273
2983,294.8444293
2984,294.8159909
2985,294.8006226
2986,294.7171802
2987,294.72634
2988,294.759267
2989,294.7464099
2990,294.7265665
2991,294.7351508
2992,294.5816641
2993,294.5171902
2994,294.4597794
2995,294.5241302
2996,294.5390564
2997,294.5132294
2998,294.50173
2999,294.5723154
3000,294.6894687
3001,294.6353845
3002,294.5718735
3003,294.6458688
3004,294.6164783
3005,294.6025769
3006,294.5225204
3007,294.5291324
3008,294.386124
3009,294.4434912
3010,294.4412134
3011,294.4259879
3012,294.3455008
3013,294.3746646
3014,294.3512482
3015,294.4297375
3016,294.4403973
3017,294.4709695
3018,294.5609851
3019,294.5959433
3020,294.379769
3021,294.4331921
3022,294.5568442
3023,294.5515454
3024,294.7307877
3025,294.6703677
3026,294.5281671
3027,294.5462857
3028,294.5022415
3029,294.5870892
3030,294.574606
3031,294.5383566
3032,294.5988699
3033,294.5845129
3034,294.6810785
3035,294.7681229
3036,294.7957532
3037,294.8988837
3038,295.1858685
3039,295.2684665
3040,295.2435974
3041,295.2522467
3042,295.224389
3043,295.0979016
3044,295.0007156
3045,294.9733527
3046,294.9050519
3047,294.0640213
3048,294.0665982
3049,293.9462347
3050,293.8979144
3051,293.8596469
3052,293.9466824
3053,293.8670074
3054,294.153327
3055,294.1914178
3056,294.2656061
3057,294.2073361
3058,294.2447293
3059,294.1368893
3060,294.2505368
3061,294.261019
3062,294.3313522
3063,294.2712027
3064,294.3548221
3065,294.3301315
3066,294.2358655
3067,294.2209323
3068,294.3125742
3069,293.974281
3070,294.0520941
3071,294.1148547
3072,293.9505786
3073,293.9604456
3074,294.2112177
3075,294.4661783
3076,294.2733118
3077,294.3637466
3078,294.0411279
3079,294.1598788
3080,294.0222076
3081,294.1313574
3082,293.9918469
3083,293.9329584
3084,294.0203528
3085,294.1852582
3086,294.3396451
3087,294.0938998
3088,294.0059082
3089,294.1214258
3090,293.9875003
3091,294.0710242
3092,294.1143146
3093,294.0347131
3094,293.9553638
3095,293.9759772
3096,293.6498233
3097,294.1195688
3098,294.0763235
3099,293.9800565
3100,293.8903159
3101,293.9261871
3102,293.9984872
3103,294.3246536
3104,294.2332098
3105,294.2711401
3106,294.4354776
3107,294.341922
3108,294.3374707
3109,294.4581689
3110,294.6108881
3111,294.7781754
3112,294.9774396
3113,294.8622333
3114,294.936517
3115,295.0682556
3116,295.1277164
3117,295.0847028
3118,294.7888141
3119,294.5497675
3120,294.4538437
3121,294.3764926
3122,294.0941614
3123,294.0822952
3124,293.8688953
3125,293.6418369
3126,293.4097925
3127,293.5398605
3128,293.4633231
3129,293.5105203
3130,293.6959549
3131,293.7856943
3132,293.9187653
3133,294.0703021
3134,293.9616998
3135,293.8049588
3136,293.7323108
3137,293.7127466
3138,293.3918542
3139,293.2693176
3140,293.3127399
3141,293.2335101
3142,293.3341925
3143,293.4032272
3144,293.3293552
3145,293.3684525
3146,293.4609698
3147,294.3809274
3148,294.347215
3149,294.3903308
3150,294.4853156
3151,294.4564786
3152,294.3330048
3153,294.5922037
3154,294.4315121
3155,294.2708466
3156,294.1095035
3157,294.1366159
3158,294.1360849
3159,294.2827637
3160,294.1718924
3161,294.181864
3162,294.0088919
3163,293.9671906
3164,293.814086
3165,293.8847498
3166,293.9918121
3167,294.0095999
3168,293.9474493
3169,294.2069339
3170,294.1235513
3171,294.0187378
3172,294.16017
3173,294.1593857
3174,293.9583734
3175,293.6277792
3176,293.8207758
3177,293.7114581
3178,294.0253284
3179,293.9283667
3180,294.0365598
3181,293.9072836
3182,294.0900076
3183,294.1630746
3184,294.0926337
3185,293.9274503
3186,293.8180179
3187,294.0509207
3188,294.0469995
3189,293.9462305
3190,294.0532465
3191,293.9466425
3192,293.9234927
3193,294.0028799
3194,294.0520932
3195,294.0481247
3196,294.3072089
3197,293.8389969
3198,293.8770468
3199,293.9096933
3200,293.8800272
3201,293.8233893
3202,293.801933
3203,293.3918265
3204,293.4930746
3205,293.3883405
3206,293.2832764
3207,293.2709842
3208,293.3069058
3209,293.1858331
3210,293.0419467
3211,292.8495767
3212,292.7448941
3213,292.7966309
3214,292.6832364
3215,292.489686
3216,292.4302728
3217,292.4746539
3218,292.6471576
3219,292.8202557
3220,293.0471262
3221,293.0854449
3222,293.2875357
3223,293.2615259
3224,293.2421997
3225,293.5372235
3226,293.8655609
3227,293.6516479
3228,293.7376855
3229,293.5549155
3230,293.3415152
3231,293.1977353
3232,293.0335999
3233,292.9389606
3234,292.9011432
3235,292.9792438
3236,292.920907
3237,292.846051
3238,292.7953241
3239,292.910256
3240,292.8324426
3241,292.8361615
3242,292.7275308
3243,292.6518805
3244,292.7520352
3245,292.7537924
3246,292.6125125
3247,292.4682776
3248,292.4881387
3249,292.5829681
3250,292.4855743
3251,292.4763126
3252,292.556243
3253,292.413125
3254,292.2195688
3255,292.2051123
3256,292.2977844
3257,292.3264468
3258,292.259129
3259,292.0406424
3260,291.7468719
3261,291.1043011
3262,291.1966898
3263,290.8425896
3264,290.7325304
3265,290.4547694
3266,290.2842802
3267,290.236371
3268,290.1266411
3269,289.6001607
3270,289.5104671
3271,289.2808171
3272,289.0487691
3273,288.4737045
3274,288.1024773
3275,287.4471451
3276,287.4491998
3277,287.094978
3278,286.7851581
3279,286.4300055
3280,286.194122
3281,286.0606824
3282,285.4851323
3283,285.1217372
3284,284.6809521
3285,284.3899048
3286,283.7690387
3287,283.1591678
3288,282.0892937
3289,281.1112894
3290,280.2809422
3291,279.0506999
3292,278.2850221
3293,277.7507726
3294,277.0631436
3295,276.4755482
3296,275.5785855
3297,274.561982
3298,273.8332997
3299,272.7677963
3300,271.9439954
3301,270.695504
3302,270.0977444
3303,268.7635179
3304,267.4682831
3305,266.4351419
3306,265.405938
3307,264.1529849
3308,262.3356173
3309,261.2352329
3310,260.0294686
3311,259.7188085
3312,258.6041352
3313,257.1288703
3314,256.1263874
3315,255.5663422
3316,254.7507825
3317,254.1489385
3318,253.2527282
3319,252.4481499
3320,251.1587922
3321,249.9885339
3322,248.694741
3323,247.3647382
3324,245.7591245
3325,244.3354366
3326,243.3070469
3327,242.3065821
3328,240.8981544
3329,239.6169924
3330,238.6212901
3331,237.3354954
3332,235.6085215
3333,234.0480384
3334,232.5613853
3335,231.5072243
3336,230.3141233
3337,229.0337363
3338,227.5768751
3339,226.1929697
3340,224.7365147
3341,223.5866404
3342,222.3963981
3343,221.3812594
3344,219.8850578
3345,218.4579548
3346,217.3189051
3347,216.1595322
3348,214.8652981
3349,213.4174456
3350,212.1262856
3351,211.0653126
3352,209.6232819
3353,208.2944411
3354,207.144175
3355,205.9953565
3356,204.942719
3357,203.370077
3358,202.2051751
3359,200.8916531
3360,199.8579824
3361,199.2020373
3362,197.8772999
3363,196.977308
3364,195.8806107
3365,194.8303056
3366,193.8612797
3367,192.6335632
3368,191.7062212
3369,190.9953376
3370,189.9090588
3371,188.9162794
3372,187.8081564
3373,187.154972
3374,186.3414948
3375,185.7625881
3376,184.5440026
3377,183.5985119
3378,182.8530825
3379,182.0821825
3380,181.1313374
3381,180.2159457
3382,179.5329023
3383,178.6749451
3384,177.9253933
3385,176.9271255
3386,176.5186158
3387,175.9610021
3388,175.9457522
3389,175.857275
3390,175.6164724
3391,175.702131
3392,175.5236846
3393,174.9219979
3394,174.5479542
3395,174.1391814
3396,174.0327578
3397,173.8643378
3398,173.5205033
3399,173.5825909
3400,173.3037923
3401,173.6032214
3402,173.2277949
3403,173.6080975
3404,173.9431197
3405,174.0511347
3406,173.9592879
3407,174.2152195
3408,174.9983022
3409,175.0666151
3410,175.0847095
3411,174.3580646
3412,174.5398589
3413,174.9175107
3414,174.8874388
3415,174.5079971
3416,174.3145895
3417,173.9660118
3418,173.8098065
3419,173.719796
3420,174.0967285
3421,174.2169424
3422,174.2715189
3423,174.6149521
3424,175.2792754
3425,175.6354225
3426,175.5706679
3427,175.7111099
3428,176.0260548
3429,176.1526494
3430,176.254395
3431,176.6712302
3432,177.4912544
3433,177.9632098
3434,178.5395143
3435,178.6465492
3436,179.0801662
3437,179.4954405
3438,180.0224617
3439,180.4477823
3440,181.0495628
3441,181.2463434
3442,181.5312218
3443,181.4752632
3444,182.0801567
3445,182.6394919
3446,182.8193922
3447,182.9481984
3448,183.2911885
3449,183.4591983
3450,183.8599535
3451,184.1305122
3452,184.6390825
3453,185.1813232
3454,185.5544257
3455,185.8514632
3456,185.9168663
3457,186.3468062
3458,186.5226836
3459,187.1726843
3460,187.6151068
3461,188.0573221
3462,188.5725632
3463,189.0120471
3464,189.3783263
3465,189.9343994
3466,190.0686703
3467,190.4708557
3468,190.5722548
3469,191.0158885
3470,191.2270773
3471,191.5333347
3472,192.1027083
3473,192.4396124
3474,192.4936761
3475,192.9989763
3476,193.1230864
3477,193.3172009
3478,193.5029921
3479,193.5864461
3480,193.4219101
3481,193.2674086
3482,193.239471
3483,193.5176035
3484,193.5915561
3485,193.8888339
3486,193.897756
3487,193.7276286
3488,193.6442136
3489,193.462865
3490,193.4582553
3491,193.3646933
3492,193.2067946
3493,193.112513
3494,192.8505484
3495,192.6491895
3496,192.4819038
3497,192.4133482
3498,192.109994
3499,191.8596126
3500,191.745325
3501,191.3118182
3502,190.9381218
3503,190.5725502
3504,190.2936053
3505,189.9580025
3506,189.5602016
3507,189.2249138
3508,188.8944412
3509,188.5462927
3510,188.1932533
3511,187.8244974
3512,187.2579556
3513,186.9210724
3514,186.5691896
3515,186.0123
3516,185.5627377
3517,185.056364
3518,184.6019531
3519,184.1053448
3520,183.5490868
3521,183.1559085
3522,182.8764122
3523,182.3437997
3524,181.7489034
3525,181.3883197
3526,180.8822972
3527,180.2595435
3528,179.9382841
3529,179.5231711
3530,178.8353413
3531,178.066382
3532,177.4729568
3533,176.9524672
3534,176.2215106
3535,175.704982
3536,174.9187973
3537,174.2706096
3538,173.4933564
3539,172.9424802
3540,172.1900828
3541,171.6227631
3542,170.9823823
3543,170.4645702
3544,169.6452278
3545,168.9126781
3546,168.3658333
3547,167.6806972
3548,166.9213868
3549,166.4021785
3550,165.7828619
3551,165.0388539
3552,164.1731686
3553,163.3001179
3554,162.537853
3555,161.732947
3556,160.9578364
3557,160.2406887
3558,159.5339577
3559,158.6008503
3560,157.8362112
3561,156.9162468
3562,156.1117062
3563,155.1225389
3564,154.3248225
3565,153.344358
3566,152.5260252
3567,151.5512379
3568,150.6432826
3569,149.686217
3570,148.7272498
3571,147.8970965
3572,146.8901783
3573,145.9811614
3574,145.3661648
3575,144.4026569
3576,143.7493611
3577,143.1402656
3578,142.1804755
3579,141.4602917
3580,141.0041685
3581,140.3971534
3582,139.8929313
3583,138.9785295
3584,138.2380392
3585,137.2929806
3586,136.4341525
3587,135.8538772
3588,135.1914401
3589,134.5107626
3590,133.7169316
3591,133.153187
3592,132.5630055
3593,131.9174469
3594,131.4703567
3595,130.7003862
3596,130.0794701
3597,129.4546231
3598,129.1413874
3599,128.6044361
3600,127.9449091
3601,127.427667
3602,126.9228728
3603,126.437804
3604,125.853946
3605,125.3391799
3606,125.0123721
3607,124.5806223
3608,124.1273366
3609,123.6406414
3610,123.306459
3611,122.850888
3612,122.3300044
3613,121.8992288
3614,121.504091
3615,121.2322115
3616,120.7321735
3617,120.2432944
3618,119.8691549
3619,119.4281274
3620,119.0433696
3621,118.7637746
3622,118.4658801
3623,118.1443603
3624,117.8551273
3625,117.4818681
3626,117.2258014
3627,116.8496877
3628,116.3696371
3629,116.1530965
3630,115.9985093
3631,115.7205957
3632,115.2712772
3633,115.0027814
3634,114.719174
3635,114.4075946
3636,114.3056346
3637,113.9686349
3638,113.8852616
3639,113.6010646
3640,113.5274243
3641,113.3183846
3642,113.0403864
3643,112.9942779
3644,112.8660114
3645,112.5876682
3646,112.3595768
3647,112.1995392
3648,112.2033767
3649,112.1236356
3650,112.0880693
3651,111.9276397
3652,111.9422269
3653,111.7933113
3654,111.6800729
3655,111.6978209
3656,111.7015002
3657,111.7919107
3658,111.7496294
3659,111.7487907
3660,111.5962764
3661,111.5444673
3662,111.5491159
3663,111.661931
3664,111.6441888
3665,111.8399686
3666,111.9528938
3667,112.0752026
3668,112.2930944
3669,112.406766
3670,112.7091231
3671,112.8423531
3672,113.0069383
3673,113.1841376
3674,113.3165323
3675,113.3171263
3676,113.480757
3677,113.4992219
3678,113.7889285
3679,113.7932309
3680,114.0303967
3681,114.291618
3682,114.448641
3683,114.5117277
3684,114.7911146
3685,115.0851218
3686,115.3809867
3687,115.5910068
3688,115.8963842
3689,116.3639214
3690,116.6696789
3691,116.9071463
3692,117.1568447
3693,117.5089491
3694,117.8355774
3695,118.2119073
3696,118.4277178
3697,118.7984211
3698,118.8398959
3699,119.0828391
3700,119.3264944
3701,119.7388699
3702,119.9792977
3703,120.1730731
3704,120.4310995
3705,120.6843628
3706,120.8188528
3707,121.0742302
3708,121.5092036
3709,121.7081246
3710,122.0427406
3711,122.4787318
3712,123.0409319
3713,123.4468846
3714,123.7255427
3715,123.9404129
3716,124.2808486
3717,124.6219637
3718,124.9963691
3719,125.3771753
3720,125.7588649
3721,126.0375197
3722,126.4153867
3723,126.6470071
3724,126.963916
3725,127.2895334
3726,127.594585
3727,127.9399591
3728,128.3811134
3729,128.795346
3730,128.9729891
3731,129.4440041
3732,129.8439492
3733,130.2453466
3734,130.5275
3735,130.8711384
3736,131.0932398
3737,131.3937196
3738,131.6963953
3739,132.1162805
3740,132.4343054
3741,132.7924664
3742,133.1563059
3743,133.4822021
3744,133.755659
3745,134.0975869
3746,134.4080588
3747,134.8624467
3748,135.0177079
3749,135.4774107
3750,135.7171055
3751,135.7888608
3752,135.8587409
3753,136.1893891
3754,136.4581075
3755,136.7165993
3756,137.0363291
3757,137.1397335
3758,137.1814511
3759,137.4140687
3760,137.7393423
3761,138.0536983
3762,138.4016754
3763,138.5494044
3764,138.6868299
3765,138.761536
3766,138.9990277
3767,139.354315
3768,139.4514668
3769,139.7115342
3770,139.939211
3771,140.0056835
3772,140.0945724
3773,140.2315047
3774,140.4514669
3775,140.7266452
3776,140.7889767
3777,140.9814452
3778,141.2553621
3779,141.4752699
3780,141.7080493
3781,141.7808739
3782,142.031476
3783,142.3487356
3784,142.3085693
3785,142.4727937
3786,142.4825219
3787,142.7170786
3788,142.8047689
3789,142.8655286
3790,142.8606609
3791,143.0105825
3792,143.1197115
3793,143.0949236
3794,142.9854697
3795,143.196825
3796,143.3680428
3797,143.4175323
3798,143.6690682
3799,143.6957984
3800,143.9112527
3801,143.8736158
3802,143.8530732
3803,143.9958997
3804,144.3561755
3805,144.4903959
3806,144.9285719
3807,144.9953346
3808,145.0761955
3809,145.2949741
3810,145.3880901
3811,145.3126785
3812,145.5626868
3813,145.629758
3814,145.8485591
3815,145.9939848
3816,146.1985628
3817,146.3686897
3818,146.4239153
3819,146.6109702
3820,146.7392957
3821,146.6806613
3822,146.85248
3823,146.9853752
3824,147.1433727
3825,147.3424129
3826,147.4493271
3827,147.5807863
3828,147.7837398
3829,147.6786293
3830,148.0585818
3831,148.2180374
3832,148.182139
3833,148.186109
3834,148.5461593
3835,148.6353498
3836,148.7204491
3837,148.9555094
3838,149.3066624
3839,149.2763975
3840,149.5472765
3841,149.5501853
3842,149.583657
3843,149.7867448
3844,150.1463642
3845,150.2975794
3846,150.3003104
3847,150.6006611
3848,150.712253
3849,150.4705856
3850,150.2976067
3851,150.4339011
3852,150.8462022
3853,151.0618608
3854,151.3094249
3855,151.3534119
3856,151.4859377
3857,151.7257993
3858,152.0951457
3859,152.3140508
3860,152.2999704
3861,152.3142995
3862,152.3766679
3863,152.7950166
3864,152.9726265
3865,153.3094844
3866,153.534606
3867,153.6500626
3868,153.8334883
3869,153.8939668
3870,154.010056
3871,154.3280264
3872,154.3778329
3873,154.2961325
3874,154.2582207
3875,154.4817847
3876,154.639288
3877,154.8199098
3878,154.7985226
3879,155.0150267
3880,155.142061
3881,155.2460365
3882,155.2461534
3883,155.3305247
3884,155.5722404
3885,155.7664986
3886,156.0173792
3887,155.9862175
3888,156.0043506
3889,156.1863666
3890,156.6547896
3891,156.7160927
3892,156.7350836
3893,157.0804291
3894,157.4391191
3895,157.4928409
3896,157.7236411
3897,157.9757982
3898,158.1241554
3899,158.342666
3900,158.4122545
3901,158.572653
3902,158.9139511
3903,159.0696715
3904,159.0449884
3905,159.081125
3906,159.1320093
3907,159.2209097
3908,159.1775082
3909,159.3269276
3910,159.3946375
3911,159.50237
3912,159.5189293
3913,159.6685385
3914,159.7887469
3915,159.9668439
3916,160.189547
3917,160.1988873
3918,160.4350232
3919,160.4395595
3920,160.6933495
3921,160.8710802
3922,160.7037199
3923,160.8710817
3924,160.8633504
3925,160.7298816
3926,161.0459526
3927,161.1214485
3928,161.2101765
3929,161.4914514
3930,161.4422452
3931,161.4909944
3932,161.8396075
3933,161.9042807
3934,161.9328889
3935,161.8410944
3936,161.8830634
3937,161.9273854
3938,161.5989508
3939,161.5747519
3940,161.3340878
3941,161.402088
3942,161.3733435
3943,161.131618
3944,161.0046359
3945,161.0284065
3946,161.1918385
3947,161.1292038
3948,161.2688066
3949,161.0588525
3950,161.2137513
3951,161.350302
3952,161.2362873
3953,161.0874426
3954,160.9110447
3955,160.7920652
3956,160.5935909
3957,160.5542007
3958,160.2400031
3959,160.0995943
3960,160.3405289
3961,160.4997964
3962,160.1046171
3963,159.9648998
3964,159.7556918
3965,159.3038657
3966,159.2961958
3967,159.122402
3968,159.0634699
3969,158.9276606
3970,158.8839884
3971,158.5722153
3972,158.4732351
3973,158.4351171
3974,158.4989631
3975,158.2940015
3976,158.493252
3977,158.3798475
3978,158.2846745
3979,158.1469173
3980,157.540066
3981,157.3977024
3982,157.3957551
3983,157.2973098
3984,157.1428101
3985,156.9614783
3986,156.9428661
3987,156.8309211
3988,156.7543603
3989,156.5751394
3990,156.1567529
3991,156.0618157
3992,155.8847038
3993,155.5532481
3994,155.4030375
3995,155.4253136
3996,155.3808044
3997,155.0208286
3998,154.7818592
3999,154.5751043
4000,154.3937815
4001,154.1217973
4002,153.8456214
4003,153.5446442
4004,153.3900817
4005,153.3773353
4006,153.2160418
4007,153.2396726
4008,153.146629
4009,152.9187769
4010,152.8064286
4011,152.7181713
4012,152.3569985
4013,151.9330005
4014,151.7323997
4015,151.5117552
4016,151.2198271
4017,151.2843221
4018,150.9913091
4019,150.6430278
4020,150.1494026
4021,150.1183141
4022,150.1271602
4023,149.9993582
4024,149.9050847
4025,149.696534
4026,149.4194553
4027,149.3364601
4028,148.9606288
4029,148.6673285
4030,148.3603305
4031,148.1544365
4032,147.9938046
4033,148.0652528
4034,147.8847174
4035,147.8690952
4036,147.5285975
4037,147.3547422
4038,147.5194906
4039,147.5360654
4040,147.4287966
4041,147.0432381
4042,146.9984199
4043,146.9259727
4044,146.8320776
4045,146.6445986
4046,146.6353939
4047,146.4392344
4048,146.3337092
4049,146.6410286
4050,146.8211479
4051,146.8005151
4052,146.6294711
4053,146.4725694
4054,146.4275594
4055,146.578578
4056,146.5640051
4057,146.4703545
4058,146.5960086
4059,146.5903522
4060,146.3687982
4061,146.2124872
4062,146.4462622
4063,146.4491069
4064,146.5167192
4065,146.6606644
4066,146.6021089
4067,146.618531
4068,146.6240332
4069,146.7899516
4070,146.8995976
4071,146.9546307
4072,147.1428049
4073,147.2671609
4074,147.1906035
4075,147.1506415
4076,146.8328125
4077,146.8289967
4078,146.8706519
4079,146.950645
4080,147.3002084
4081,147.3398276
4082,147.2585616
4083,147.2322327
4084,147.2623779
4085,147.3722314
4086,147.3062595
4087,147.465264
4088,147.528056
4089,147.3995831
4090,147.4375577
4091,147.455313
4092,147.4655211
4093,147.6351033
4094,147.5423691
4095,147.4946628
4096,147.2123782
4097,147.1876178
4098,147.2574783
4099,147.3485388
4100,147.3852405
4101,147.5740396
4102,147.4042863
4103,147.6098836
4104,147.36133
4105,147.3897825
4106,147.2969823
4107,147.1701643
4108,147.1376221
4109,147.2698374
4110,147.4390301
4111,147.5010354
4112,147.652593
4113,147.8842693
4114,147.8235796
4115,147.9101689
4116,147.9353294
4117,147.8782932
4118,147.9622891
4119,148.2394734
4120,148.4394969
4121,148.2946968
4122,148.3444984
4123,148.5123938
4124,148.6271233
4125,148.6594879
4126,148.4678972
4127,148.4354778
4128,148.3598822
4129,148.3605403
4130,148.4461391
4131,148.3488535
4132,148.3761122
4133,148.2381123
4134,148.2540631
4135,148.2815218
4136,148.5885075
4137,148.6192927
4138,148.5882896
4139,148.450229
4140,148.5352207
4141,148.4685373
4142,148.6935695
4143,148.6935042
4144,148.5670653
4145,148.3947963
4146,148.2234717
4147,148.2112727
4148,148.0514679
4149,147.9767004
4150,147.6504056
4151,147.5131862
4152,147.5651245
4153,147.7389653
4154,147.8291592
4155,147.8221068
4156,147.7526796
4157,147.9039818
4158,148.1159274
4159,148.0530096
4160,148.1206151
4161,147.9443484
4162,147.7483321
4163,147.5122469
4164,147.5982439
4165,147.6689616
4166,147.445854
4167,147.4348065
4168,147.4955516
4169,147.2687575
4170,146.9971074
4171,147.0415834
4172,147.0409659
4173,147.2085107
4174,147.3431024
4175,147.3112842
4176,147.3122081
4177,147.4250427
4178,147.2703249
4179,147.2862193
4180,147.363537
4181,147.6369569
4182,147.5937875
4183,147.4345517
4184,147.3585255
4185,147.3138667
4186,147.2628098
4187,147.3629883
4188,147.4087318
4189,147.6077415
4190,147.8669731
4191,148.0248286
4192,148.0508971
4193,148.1783281
4194,148.3691849
4195,148.2553352
4196,148.3112457
4197,148.3498421
4198,148.46877
4199,148.5551854
4200,148.7218663
4201,148.8086765
4202,149.165488
4203,149.1798573
4204,149.5334216
4205,149.5096635
4206,149.4108163
4207,149.4706736
4208,149.627869
4209,149.6525173
4210,149.6276482
4211,149.735337
4212,149.9778757
4213,150.1351496
4214,150.2373893
4215,150.3036202
4216,150.4024403
4217,150.4452985
4218,150.4918273
4219,150.4396413
4220,150.4773319
4221,150.4025527
4222,150.4210728
4223,150.4219683
4224,150.3113796
4225,150.46587
4226,150.7113869
4227,150.7394669
4228,150.9811573
4229,151.1342979
4230,151.3232131
4231,151.4799944
4232,151.2500309
4233,151.2584574
4234,151.3019508
4235,151.3337045
4236,151.2884156
4237,151.2926627
4238,151.1720959
4239,151.1717652
4240,151.1458648
4241,151.3263846
4242,151.0576582
4243,151.2131627
4244,151.3394766
4245,151.5522141
4246,151.6542513
4247,151.6076102
4248,151.7661508
4249,151.8075847
4250,151.8112067
4251,151.9202054
4252,151.9025316
4253,151.8423007
4254,151.5594124
4255,151.4860411
4256,151.5592778
4257,151.5287958
4258,151.3543422
4259,151.4201443
4260,151.3119489
4261,151.4016422
4262,151.5390231
4263,151.6383331
4264,151.4928661
4265,151.5014238
4266,151.4978178
4267,151.3401776
4268,151.1921233
4269,151.1087708
4270,151.0797061
4271,151.0112434
4272,150.8973518
4273,150.7447467
4274,150.5551709
4275,150.6084753
4276,150.5990718
4277,150.4084319
4278,150.3219453
4279,150.2126347
4280,150.1903894
4281,149.8932422
4282,149.7544379
4283,149.9129811
4284,149.6794411
4285,149.5994786
4286,149.5077217
4287,149.302818
4288,149.2732866
4289,149.1608585
4290,148.9102362
4291,148.583279
4292,148.4014067
4293,148.2095816
4294,148.0825662
4295,147.7029346
4296,147.5261952
4297,147.6700537
4298,147.2402148
4299,147.0815129
4300,146.9621832
4301,146.9690755
4302,146.7179176
4303,146.62593
4304,146.3609956
4305,146.0508282
4306,145.7074821
4307,145.6891203
4308,145.2950594
4309,145.0409805
4310,144.9152757
4311,144.5479666
4312,144.1098383
4313,143.8940742
4314,143.5182879
4315,143.271722
4316,142.8582874
4317,142.6965894
4318,142.5117961
4319,142.3130389
4320,142.1007433
4321,142.1721175
4322,141.8692782
4323,141.4706828
4324,141.2368883
4325,141.0690947
4326,140.7411464
4327,140.5024284
4328,140.2508402
4329,139.9557667
4330,139.6815589
4331,139.5536837
4332,139.3886289
4333,139.0640465
4334,138.9248595
4335,138.8080644
4336,138.7440068
4337,138.5786697
4338,138.5785736
4339,138.4176895
4340,138.3545363
4341,138.3438676
4342,138.0520935
4343,137.8108546
4344,137.6913914
4345,137.7578867
4346,137.5573944
4347,137.5371034
4348,137.3763101
4349,137.4803784
4350,137.6002466
4351,137.3947244
4352,137.2823459
4353,137.2811746
4354,137.2745931
4355,137.3230607
4356,137.3956104
4357,137.2077192
4358,137.2508871
4359,137.1793684
4360,137.2381612
4361,137.3854926
4362,137.2790339
4363,137.217886
4364,137.3538821
4365,137.2073367
4366,137.2773225
4367,137.3707122
4368,137.4674081
4369,137.7272089
4370,137.8502612
4371,137.728419
4372,137.6718629
4373,137.7963923
4374,137.9432772
4375,138.0855056
4376,138.2928606
4377,138.4788686
4378,138.5200101
4379,138.5946163
4380,138.5360558
4381,138.6855837
4382,138.9380032
4383,139.0982034
4384,139.4110195
4385,139.5433823
4386,139.7265128
4387,139.6719163
4388,139.6698425
4389,139.6319297
4390,139.8001568
4391,139.9483823
4392,140.1784921
4393,140.3779815
4394,140.6016879
4395,141.1209948
4396,141.5139779
4397,141.3596793
4398,141.8068293
4399,142.0622619
4400,142.1218462
4401,142.1218073
4402,142.5090244
4403,142.6757223
4404,143.0135007
4405,143.3859475
4406,144.0591875
4407,144.1254136
4408,144.3665617
4409,144.7022713
4410,144.9591741
4411,145.3636897
4412,145.7521705
4413,146.1515333
4414,146.7018259
4415,147.0724162
4416,147.6360961
4417,148.0072147
4418,148.4300135
4419,148.7800857
4420,149.3067672
4421,149.5506005
4422,149.8462926
4423,150.4731049
4424,151.0515948
4425,151.4881611
4426,152.0884898
4427,152.8003836
4428,153.2206151
4429,153.9264709
4430,154.4613622
4431,154.8433583
4432,155.5199704
4433,155.9236828
4434,156.3587994
4435,156.516822
4436,156.9238184
4437,157.5123981
4438,157.8806043
4439,158.312322
4440,158.654549
4441,159.2676351
4442,159.8373553
4443,160.2371555
4444,160.5791908
4445,160.8871676
4446,161.4684826
4447,162.022291
4448,162.4535394
4449,162.7152348
4450,163.0370467
4451,163.8653164
4452,164.5110067
4453,164.8334211
4454,165.3042365
4455,165.7058585
4456,166.0279489
4457,166.5250484
4458,167.0214218
4459,167.367254
4460,167.5882764
4461,167.8568878
4462,168.5605656
4463,169.0870862
4464,169.5155167
4465,170.1979581
4466,170.6925958
4467,171.2575078
4468,171.7143814
4469,172.1572887
4470,172.5301781
4471,172.9700548
4472,173.6722881
4473,174.1004858
4474,174.6066647
4475,175.0806335
4476,175.29778
4477,175.6898624
4478,176.3246411
4479,176.8143523
4480,177.3269925
4481,177.9092227
4482,178.3771033
4483,178.6960448
4484,179.1650517
4485,179.365295
4486,179.9759158
4487,180.8106883
4488,181.1629434
4489,181.7379137
4490,181.989584
4491,182.3154517
4492,182.8347131
4493,182.9876027
4494,183.1445212
4495,183.5045111
4496,184.1571603
4497,184.7521097
4498,185.0632126
4499,185.3251703
4500,185.8065045
4501,186.0840401
4502,186.4160025
4503,186.9788193
4504,187.4541695
4505,187.8048657
4506,188.1782057
4507,188.667652
4508,189.2386914
4509,189.5115454
4510,189.6500626
4511,190.1030219
4512,190.3481833
4513,190.7125577
4514,191.1910017
4515,191.498342
4516,191.9386169
4517,192.4512149
4518,192.6731116
4519,193.1554102
4520,193.5467844
4521,193.6289592
4522,193.9530788
4523,194.2126932
4524,194.5426051
4525,194.81978
4526,195.0670065
4527,195.2128473
4528,195.507392
4529,195.8112163
4530,196.137018
4531,196.5255685
4532,196.6569463
4533,197.4710004
4534,197.9050085
4535,198.2962923
4536,198.731772
4537,199.0501563
4538,199.6232542
4539,200.1062093
4540,200.7186266
4541,201.2167894
4542,201.862321
4543,202.3344757
4544,202.7471895
4545,203.4426477
4546,203.3420236
4547,203.4929796
4548,203.5148279
4549,203.9404965
4550,204.4823962
4551,204.4756796
4552,205.12257
4553,205.7437018
4554,206.7260635
4555,207.2188071
4556,207.5658681
4557,207.9242383
4558,208.3039256
4559,208.8526376
4560,209.2154585
4561,209.7189528
4562,210.2983975
4563,210.7199179
4564,211.1487526
4565,211.2268909
4566,211.3748941
4567,211.9222517
4568,212.4000677
4569,212.3728131
4570,212.6712004
4571,213.4414667
4572,213.8334416
4573,214.6580402
4574,215.1817305
4575,215.512377
4576,215.8919957
4577,216.19714
4578,216.6964952
4579,217.0647269
4580,217.2893025
4581,217.5449576
4582,218.0995938
4583,218.7009581
4584,219.1483607
4585,219.7893768
4586,219.7987651
4587,219.788692
4588,220.3697574
4589,220.951322
4590,221.7438261
4591,222.0511964
4592,222.52508
4593,223.376835
4594,223.9285115
4595,224.348952
4596,224.0353014
4597,224.2867679
4598,224.7697539
4599,225.3262209
4600,225.5182846
4601,226.0228871
4602,226.5584006
4603,226.9305855
4604,227.4305179
4605,228.4047885
4606,228.8702631
4607,229.011712
4608,229.7226509
4609,230.3711638
4610,231.3330632
4611,232.0413994
4612,232.563754
4613,232.8359981
4614,233.3630713
4615,233.7856764
4616,234.2483768
4617,234.6904343
4618,235.4344864
4619,235.5240228
4620,236.0699995
4621,236.9661403
4622,237.6488496
4623,238.2581657
4624,238.8049428
4625,239.4550418
4626,239.7933948
4627,240.5142818
4628,241.0819888
4629,241.1706844
4630,241.4983911
4631,241.814659
4632,242.2160471
4633,242.4464063
4634,242.8116426
4635,243.1378238
4636,243.5553699
4637,243.7906906
4638,244.2585275
4639,244.5711697
4640,244.8350905
4641,245.0405342
4642,245.4245367
4643,245.9713811
4644,246.3279424
4645,246.3690903
4646,247.1091937
4647,247.8134566
4648,248.4537338
4649,249.1748805
4650,249.5659132
4651,250.1557372
4652,250.240251
4653,250.3196388
4654,250.1953844
4655,250.2151614
4656,250.5480688
4657,251.0501654
4658,251.5679816
4659,252.0204726
4660,252.5588472
4661,253.0201878
4662,252.9835289
4663,253.4078046
4664,254.0736746
4665,254.7845364
4666,255.5091241
4667,255.788428
4668,256.0972961
4669,256.8657169
4670,257.6104094
4671,257.8679987
4672,258.2189532
4673,258.338757
4674,258.3623178
4675,258.8021545
4676,259.426895
4677,260.0805286
4678,260.4379495
4679,260.9386206
4680,261.6883182
4681,262.1243457
4682,262.4388818
4683,262.5628119
4684,263.0261891
4685,263.4872365
4686,264.2357375
4687,264.7093121
4688,265.0772389
4689,265.3839436
4690,265.6054247
4691,266.2636093
4692,266.4504616
4693,266.5644588
4694,266.6175496
4695,266.8866592
4696,267.8688159
4697,268.423866
4698,268.7623164
4699,269.2053827
4700,269.8116095
4701,270.1533232
4702,270.4374509
4703,270.5362775
4704,270.3238133
4705,270.191396
4706,270.6365184
4707,271.4170596
4708,271.4080521
4709,271.6130838
4710,271.5061313
4711,271.4065381
4712,271.596489
4713,271.8667513
4714,271.920565
4715,272.2267352
4716,272.5176834
4717,272.376907
4718,272.2568665
4719,272.5667105
4720,272.3472098
4721,272.4799435
4722,272.8248911
4723,273.0419507
4724,273.2588388
4725,273.2202386
4726,273.4718388
4727,273.0553391
4728,273.2074692
4729,273.4959401
4730,273.688009
4731,273.6989664
4732,274.2228999
4733,274.207903
4734,274.1722954
4735,274.7506993
4736,274.7855553
4737,274.6886908
4738,274.7151617
4739,275.0368271
4740,274.9038615
4741,275.0956694
4742,275.0009407
4743,274.9856398
4744,275.1598708
4745,275.4899767
4746,275.4773668
4747,275.3513515
4748,275.2931129
4749,275.1786671
4750,275.1636119
4751,275.3298494
4752,275.3859166
4753,275.3319986
4754,275.6078348
4755,276.1275024
4756,276.2487747
4757,276.4588742
4758,276.2650214
4759,276.1054593
4760,276.2832095
4761,276.2467535
4762,276.3225238
4763,276.2379126
4764,276.025368
4765,275.7545023
4766,275.358606
4767,275.2227249
4768,275.0130429
4769,275.0982104
4770,274.7061182
4771,274.698638
4772,274.7873154
4773,274.8158099
4774,274.8794495
4775,274.999548
4776,274.8365833
4777,274.6090756
4778,274.5424274
4779,274.5342078
4780,274.4002518
4781,274.2651733
4782,274.0677664
4783,273.9901593
4784,273.8898093
4785,273.9782593
4786,273.7190787
4787,273.8327313
4788,273.7168567
4789,273.4793912
4790,273.2959586
4791,273.405737
4792,273.5078943
4793,273.6368286
4794,273.987637
4795,273.8007582
4796,273.5896666
4797,273.3328574
4798,272.9904662
4799,272.8081416
4800,272.8293571
4801,272.6292891
4802,272.6267064
4803,272.65576
4804,272.6001553
4805,272.6959506
4806,272.6846744
4807,272.2298215
4808,272.4005838
4809,272.1436543
4810,272.2948131
4811,272.5213951
4812,272.6632259
4813,272.6135753
4814,272.6693999
4815,272.5648665
4816,272.408567
4817,272.43658
4818,272.5360371
4819,272.9585234
4820,272.6773616
4821,272.6125484
4822,272.5654588
4823,272.2811858
4824,271.6654764
4825,271.8462399
4826,271.9590076
4827,272.3295744
4828,272.0571986
4829,271.9080011
4830,272.0451978
4831,272.1993448
4832,271.8580441
4833,271.7085172
4834,271.9624649
4835,271.7359668
4836,271.7903314
4837,271.8392439
4838,271.8186137
4839,271.2730487
4840,271.4546165
4841,271.3020598
4842,271.0235805
4843,270.9082753
4844,270.8465544
4845,270.4738211
4846,270.0321812
4847,269.5434863
4848,269.2034818
4849,268.8801532
4850,268.9052756
4851,268.4996594
4852,268.0554408
4853,267.7089244
4854,267.6523418
4855,267.0239937
4856,267.1320964
4857,266.8853416
4858,266.9703621
4859,266.6066461
4860,266.5830554
4861,266.7228473
4862,266.8330765
4863,266.502003
4864,266.3335701
4865,266.3860353
4866,266.7082451
4867,266.4052864
4868,265.5826031
4869,265.2358986
4870,265.4366859
4871,265.542849
4872,264.8632002
4873,264.6324345
4874,264.3713602
4875,263.8254768
4876,263.8267952
4877,263.796628
4878,263.4430678
4879,263.2601591
4880,263.0782368
4881,263.3560045
4882,263.3697072
4883,263.6509712
4884,263.4536905
4885,263.3681442
4886,263.2839169
4887,263.1669415
4888,262.9946143
4889,263.0037943
4890,263.0462384
4891,263.0122665
4892,262.6906033
4893,262.4427667
4894,262.3798593
4895,262.5148726
4896,262.5460439
4897,262.8175668
4898,262.9229668
4899,263.0276744
4900,262.6409116
4901,262.9767856
4902,263.2157523
4903,263.5748056
4904,263.8818274
4905,263.6948108
4906,263.4803351
4907,263.678895
4908,263.4728809
4909,263.9054027
4910,263.7998811
4911,263.6578978
4912,263.4932732
4913,263.7844688
4914,263.6854826
4915,263.9358418
4916,263.7570103
4917,263.867166
4918,263.9586809
4919,263.6579576
4920,264.3192039
4921,264.546183
4922,264.5719414
4923,264.8461021
4924,265.5384137
4925,265.4820251
4926,265.5368896
4927,265.6991666
4928,266.2736414
4929,266.1855186
4930,266.1316637
4931,266.2398943
4932,266.4928462
4933,266.9643181
4934,266.5289833
4935,266.8236964
4936,266.9946901
4937,267.3402837
4938,267.3285823
4939,268.0896014
4940,267.6225034
4941,267.6486905
4942,267.9005655
4943,268.0222183
4944,268.2230655
4945,268.5579262
4946,268.6464307
4947,268.9154048
4948,269.6858005
4949,269.9193192
4950,269.9759921
4951,270.2791891
4952,270.3703683
4953,271.0959496
4954,271.041624
4955,271.1880603
4956,271.1784244
4957,271.4602628
4958,271.2231792
4959,271.4191887
4960,271.6345143
4961,271.3225999
4962,271.3157402
4963,271.2892807
4964,271.4990497
4965,271.5626868
4966,271.569772
4967,272.0052026
4968,273.123409
4969,273.274263
4970,273.3771207
4971,273.4011108
4972,273.8768747
4973,273.8529187
4974,274.2277119
4975,274.4506937
4976,274.6868375
4977,274.8492737
4978,275.441907
4979,275.6417627
4980,275.6041522
4981,275.4056598
4982,275.4567316
4983,275.3871506
4984,275.6782152
4985,275.6213759
4986,275.73248
4987,275.4185333
4988,275.7697507
4989,275.9675577
4990,276.1075946
4991,276.1898557
4992,276.5323358
4993,276.7779788
4994,276.9712729
4995,277.3454431
4996,277.3940469
4997,277.4197464
4998,277.8208255
4999,277.8514044
5000,277.9051118
